
> retailcompare-backend@0.1.0 sync:oreilly
> tsx src/scripts/syncOreillyProducts.ts --resume

[oreilly:products:sync] Authenticated
[oreilly:crawl:http] category tree — 200 in 508ms {"url":"https://order.oreillyswholesale.com/products/dashboard.asp"}
[oreilly:products:sync] Category tree loaded {"categories":58,"departmentsInTree":9,"groupsInTree":49,"departmentsSelected":9}
[oreilly:products:repository] Sync run started {"syncRunId":7,"departmentsTotal":9}
[oreilly:products:sync] === STAGE 2: detail pages === {"pending":1290,"willFetch":1290,"concurrency":3,"estimate":"3m 57s"}
[oreilly:crawl:http] [1/1290] 048733 Multi 8 Pack Snickers Bar - Snacksize Multi — 200 in 411ms {"url":"https://order.oreillyswholesale.com/products/DetailsPortal.asp?product_code=048733&Page=Products&BreadPath=/products/gridlist.asp?DeptCode=5*chkpm=MALL*page=8","productCode":"048733"}
[oreilly:crawl:http] [2/1290] 048692 Multi Milky Way 10 Pack — 200 in 819ms {"url":"https://order.oreillyswholesale.com/products/DetailsPortal.asp?product_code=048692&Page=Products&BreadPath=/products/gridlist.asp?DeptCode=5*chkpm=MALL*page=8","productCode":"048692"}
[oreilly:crawl:http] [3/1290] 048693 Multi Milky Way 5 Pack — 200 in 1739ms {"url":"https://order.oreillyswholesale.com/products/DetailsPortal.asp?product_code=048693&Page=Products&BreadPath=/products/gridlist.asp?DeptCode=5*chkpm=MALL*page=8","productCode":"048693"}
[oreilly:crawl:http] [5/1290] 046950 Nestle - 6 Pack Kit Kat 2f Milk — 200 in 481ms {"url":"https://order.oreillyswholesale.com/products/DetailsPortal.asp?product_code=046950&Page=Products&BreadPath=/products/gridlist.asp?DeptCode=5*chkpm=MALL*page=8","productCode":"046950"}
[oreilly:crawl:http] [4/1290] 034749 Multi Twix Twin 9 Pack Choc Snacksize — 200 in 914ms {"url":"https://order.oreillyswholesale.com/products/DetailsPortal.asp?product_code=034749&Page=Products&BreadPath=/products/gridlist.asp?DeptCode=5*chkpm=MALL*page=8","productCode":"034749"}
[oreilly:crawl:http] [6/1290] 046951 Nestle - 6 Pack Kit Kat 2f Orange — 200 in 1734ms {"url":"https://order.oreillyswholesale.com/products/DetailsPortal.asp?product_code=046951&Page=Products&BreadPath=/products/gridlist.asp?DeptCode=5*chkpm=MALL*page=8","productCode":"046951"}
[oreilly:crawl:http] [7/1290] 049460 Nestle £1.65 Kit Kat Cookie Dough Block — 200 in 469ms {"url":"https://order.oreillyswholesale.com/products/DetailsPortal.asp?product_code=049460&Page=Products&BreadPath=/products/gridlist.asp?DeptCode=5*chkpm=MALL*page=8","productCode":"049460"}
[oreilly:crawl:http] [8/1290] 048362 Nestle £1.65 Kit Kat Hazelnut Block — 200 in 673ms {"url":"https://order.oreillyswholesale.com/products/DetailsPortal.asp?product_code=048362&Page=Products&BreadPath=/products/gridlist.asp?DeptCode=5*chkpm=MALL*page=8","productCode":"048362"}
[oreilly:crawl:http] [9/1290] 046314 Nestle £1.65 Kit Kat Salted Caramel Block Pmp — 200 in 1697ms {"url":"https://order.oreillyswholesale.com/products/DetailsPortal.asp?product_code=046314&Page=Products&BreadPath=/products/gridlist.asp?DeptCode=5*chkpm=MALL*page=8","productCode":"046314"}
[oreilly:crawl:http] [11/1290] 046320 Nestle £1.85 3 Pack Kit Kat Milk 4f Multi Pm — 200 in 616ms {"url":"https://order.oreillyswholesale.com/products/DetailsPortal.asp?product_code=046320&Page=Products&BreadPath=/products/gridlist.asp?DeptCode=5*chkpm=MALL*page=8","productCode":"046320"}
[oreilly:crawl:http] [10/1290] 046312 Nestle £1.69 Pm 6 Pack Kit Kat Milk 2f — 200 in 719ms {"url":"https://order.oreillyswholesale.com/products/DetailsPortal.asp?product_code=046312&Page=Products&BreadPath=/products/gridlist.asp?DeptCode=5*chkpm=MALL*page=8","productCode":"046312"}
[oreilly:crawl:http] [12/1290] 046310 Nestle £1.85 4 Pack Kit Kat Chunky Milk Pm — 200 in 1840ms {"url":"https://order.oreillyswholesale.com/products/DetailsPortal.asp?product_code=046310&Page=Products&BreadPath=/products/gridlist.asp?DeptCode=5*chkpm=MALL*page=8","productCode":"046310"}
[oreilly:crawl:http] [14/1290] 046317 Nestle £1.99 4 Pack Rolo Tube Pmp — 200 in 392ms {"url":"https://order.oreillyswholesale.com/products/DetailsPortal.asp?product_code=046317&Page=Products&BreadPath=/products/gridlist.asp?DeptCode=5*chkpm=MALL*page=8","productCode":"046317"}
[oreilly:crawl:http] [15/1290] 047115 Nestle 35p Pm Milkybar Kid Bar — 200 in 819ms {"url":"https://order.oreillyswholesale.com/products/DetailsPortal.asp?product_code=047115&Page=Products&BreadPath=/products/gridlist.asp?DeptCode=5*chkpm=MALL*page=8","productCode":"047115"}
[oreilly:crawl:http] [13/1290] 047929 Nestle £1.85 4 Pack Toffee Crisp Pm — 200 in 1844ms {"url":"https://order.oreillyswholesale.com/products/DetailsPortal.asp?product_code=047929&Page=Products&BreadPath=/products/gridlist.asp?DeptCode=5*chkpm=MALL*page=8","productCode":"047929"}
[oreilly:crawl:http] [17/1290] 047995 Nestle 89p Kit Kat 4 Finger Cookie Dough Pmp — 200 in 606ms {"url":"https://order.oreillyswholesale.com/products/DetailsPortal.asp?product_code=047995&Page=Products&BreadPath=/products/gridlist.asp?DeptCode=5*chkpm=MALL*page=8","productCode":"047995"}
[oreilly:crawl:http] [18/1290] 046394 Nestle 89p Kit Kat 4 Finger Milk Pmp — 200 in 676ms {"url":"https://order.oreillyswholesale.com/products/DetailsPortal.asp?product_code=046394&Page=Products&BreadPath=/products/gridlist.asp?DeptCode=5*chkpm=MALL*page=8","productCode":"046394"}
[oreilly:crawl:http] [16/1290] 046319 Nestle 89p Aero Bubbly Peppermint Pmp — 200 in 1732ms {"url":"https://order.oreillyswholesale.com/products/DetailsPortal.asp?product_code=046319&Page=Products&BreadPath=/products/gridlist.asp?DeptCode=5*chkpm=MALL*page=8","productCode":"046319"}
[oreilly:crawl:http] [20/1290] 046856 Nestle 89p Kit Kat Chunky Milk Pm — 200 in 405ms {"url":"https://order.oreillyswholesale.com/products/DetailsPortal.asp?product_code=046856&Page=Products&BreadPath=/products/gridlist.asp?DeptCode=5*chkpm=MALL*page=8","productCode":"046856"}
[oreilly:crawl:http] [19/1290] 046396 Nestle 89p Kit Kat Chunky Funky Pm — 200 in 900ms {"url":"https://order.oreillyswholesale.com/products/DetailsPortal.asp?product_code=046396&Page=Products&BreadPath=/products/gridlist.asp?DeptCode=5*chkpm=MALL*page=8","productCode":"046396"}
[oreilly:crawl:http] [21/1290] 046121 Nestle 89p Kit Kat Chunky Peanut Butter Pmp — 200 in 1732ms {"url":"https://order.oreillyswholesale.com/products/DetailsPortal.asp?product_code=046121&Page=Products&BreadPath=/products/gridlist.asp?DeptCode=5*chkpm=MALL*page=8","productCode":"046121"}
[oreilly:crawl:http] [23/1290] 046981 Nestle 89p Smarties Tube Pmp — 200 in 515ms {"url":"https://order.oreillyswholesale.com/products/DetailsPortal.asp?product_code=046981&Page=Products&BreadPath=/products/gridlist.asp?DeptCode=5*chkpm=MALL*page=8","productCode":"046981"}
[oreilly:crawl:http] [24/1290] 046127 Nestle 89p Yorkie Milk Pmp — 200 in 684ms {"url":"https://order.oreillyswholesale.com/products/DetailsPortal.asp?product_code=046127&Page=Products&BreadPath=/products/gridlist.asp?DeptCode=5*chkpm=MALL*page=8","productCode":"046127"}
[oreilly:crawl:http] [22/1290] 047030 Nestle 89p Milkybar Medium Pmp — 200 in 1744ms {"url":"https://order.oreillyswholesale.com/products/DetailsPortal.asp?product_code=047030&Page=Products&BreadPath=/products/gridlist.asp?DeptCode=5*chkpm=MALL*page=8","productCode":"047030"}
[oreilly:crawl:http] [25/1290] 046128 Nestle 89p Yorkie Raisin & Biscuit Pmp — 200 in 412ms {"url":"https://order.oreillyswholesale.com/products/DetailsPortal.asp?product_code=046128&Page=Products&BreadPath=/products/gridlist.asp?DeptCode=5*chkpm=MALL*page=8","productCode":"046128"}
[oreilly:crawl:http] [26/1290] 049271 Nestle Bar Lg £1.50 Aero Milkybar Pmp — 200 in 821ms {"url":"https://order.oreillyswholesale.com/products/DetailsPortal.asp?product_code=049271&Page=Products&BreadPath=/products/gridlist.asp?DeptCode=5*chkpm=MALL*page=8","productCode":"049271"}
[oreilly:crawl:http] [27/1290] 044261 Nestle Bar Lg £1.50 Aero Orange Pmp — 200 in 1845ms {"url":"https://order.oreillyswholesale.com/products/DetailsPortal.asp?product_code=044261&Page=Products&BreadPath=/products/gridlist.asp?DeptCode=5*chkpm=MALL*page=8","productCode":"044261"}
[oreilly:crawl:http] [28/1290] 046322 Nestle Bar Lg £1.65 Aero Orange Pmp — 200 in 504ms {"url":"https://order.oreillyswholesale.com/products/DetailsPortal.asp?product_code=046322&Page=Products&BreadPath=/products/gridlist.asp?DeptCode=5*chkpm=MALL*page=8","productCode":"046322"}
[oreilly:crawl:http] [29/1290] 049272 Nestle Bar Lg £1.50 Kit Kat Brownie Pmp — 200 in 756ms {"url":"https://order.oreillyswholesale.com/products/DetailsPortal.asp?product_code=049272&Page=Products&BreadPath=/products/gridlist.asp?DeptCode=5*chkpm=MALL*page=8","productCode":"049272"}
[oreilly:crawl:http] [30/1290] 049273 Nestle Bar Lg £1.50 Kit Kat Milk Pmp — 200 in 1835ms {"url":"https://order.oreillyswholesale.com/products/DetailsPortal.asp?product_code=049273&Page=Products&BreadPath=/products/gridlist.asp?DeptCode=5*chkpm=MALL*page=8","productCode":"049273"}
[oreilly:crawl:http] [31/1290] 046311 Nestle Bar Lg £1.65 Aero Hazelnut Pmp — 200 in 470ms {"url":"https://order.oreillyswholesale.com/products/DetailsPortal.asp?product_code=046311&Page=Products&BreadPath=/products/gridlist.asp?DeptCode=5*chkpm=MALL*page=8","productCode":"046311"}
[oreilly:crawl:http] [33/1290] 046308 Nestle Bar Lg £1.65 Aero Peppermint Pmp — 200 in 879ms {"url":"https://order.oreillyswholesale.com/products/DetailsPortal.asp?product_code=046308&Page=Products&BreadPath=/products/gridlist.asp?DeptCode=5*chkpm=MALL*page=8","productCode":"046308"}
[oreilly:crawl:http] [32/1290] 046324 Nestle Bar Lg £1.65 Aero Milk Pmp — 200 in 1699ms {"url":"https://order.oreillyswholesale.com/products/DetailsPortal.asp?product_code=046324&Page=Products&BreadPath=/products/gridlist.asp?DeptCode=5*chkpm=MALL*page=8","productCode":"046324"}
[oreilly:crawl:http] [36/1290] 046309 Nestle Bar Lg £1.65 Milkybar Block Pmp — 200 in 397ms {"url":"https://order.oreillyswholesale.com/products/DetailsPortal.asp?product_code=046309&Page=Products&BreadPath=/products/gridlist.asp?DeptCode=5*chkpm=MALL*page=8","productCode":"046309"}
[oreilly:crawl:http] [34/1290] 048309 Nestle Bar Lg £1.65 Aero Pistachio Pmp — 200 in 804ms {"url":"https://order.oreillyswholesale.com/products/DetailsPortal.asp?product_code=048309&Page=Products&BreadPath=/products/gridlist.asp?DeptCode=5*chkpm=MALL*page=8","productCode":"048309"}
[oreilly:crawl:http] [35/1290] 046123 Nestle Bar Lg £1.65 Crunch Milk Block Pmp — 200 in 1726ms {"url":"https://order.oreillyswholesale.com/products/DetailsPortal.asp?product_code=046123&Page=Products&BreadPath=/products/gridlist.asp?DeptCode=5*chkpm=MALL*page=8","productCode":"046123"}
[oreilly:crawl:http] [37/1290] 042253 Nestle Bar Lg Aero Hazelnut — 200 in 414ms {"url":"https://order.oreillyswholesale.com/products/DetailsPortal.asp?product_code=042253&Page=Products&BreadPath=/products/gridlist.asp?DeptCode=5*chkpm=MALL*page=8","productCode":"042253"}
[oreilly:crawl:http] [38/1290] 034254 Nestle Bar Lg Aero Milk — 200 in 771ms {"url":"https://order.oreillyswholesale.com/products/DetailsPortal.asp?product_code=034254&Page=Products&BreadPath=/products/gridlist.asp?DeptCode=5*chkpm=MALL*page=8","productCode":"034254"}
[oreilly:crawl:http] [39/1290] 049244 Nestle Bar Lg Aero Milkybar Block — 200 in 1958ms {"url":"https://order.oreillyswholesale.com/products/DetailsPortal.asp?product_code=049244&Page=Products&BreadPath=/products/gridlist.asp?DeptCode=5*chkpm=MALL*page=8","productCode":"049244"}
[oreilly:crawl:http] [40/1290] 034255 Nestle Bar Lg Aero Peppermint — 200 in 393ms {"url":"https://order.oreillyswholesale.com/products/DetailsPortal.asp?product_code=034255&Page=Products&BreadPath=/products/gridlist.asp?DeptCode=5*chkpm=MALL*page=8","productCode":"034255"}
[oreilly:crawl:http] [41/1290] 048520 Nestle Bar Lg Aero Pistachio — 200 in 706ms {"url":"https://order.oreillyswholesale.com/products/DetailsPortal.asp?product_code=048520&Page=Products&BreadPath=/products/gridlist.asp?DeptCode=5*chkpm=MALL*page=8","productCode":"048520"}
[oreilly:crawl:http] [42/1290] 044406 Nestle Bar Lg Crunch Milk — 200 in 1723ms {"url":"https://order.oreillyswholesale.com/products/DetailsPortal.asp?product_code=044406&Page=Products&BreadPath=/products/gridlist.asp?DeptCode=5*chkpm=MALL*page=8","productCode":"044406"}
[oreilly:crawl:http] [43/1290] 048058 Nestle Bar Lg Crunch White — 200 in 513ms {"url":"https://order.oreillyswholesale.com/products/DetailsPortal.asp?product_code=048058&Page=Products&BreadPath=/products/gridlist.asp?DeptCode=5*chkpm=MALL*page=8","productCode":"048058"}
[oreilly:crawl:http] [44/1290] 049245 Nestle Bar Lg Kit Kat Brownie Block — 200 in 702ms {"url":"https://order.oreillyswholesale.com/products/DetailsPortal.asp?product_code=049245&Page=Products&BreadPath=/products/gridlist.asp?DeptCode=5*chkpm=MALL*page=8","productCode":"049245"}
[oreilly:crawl:http] [45/1290] 048521 Nestle Bar Lg Kit Kat Cookie Dough Block — 200 in 1947ms {"url":"https://order.oreillyswholesale.com/products/DetailsPortal.asp?product_code=048521&Page=Products&BreadPath=/products/gridlist.asp?DeptCode=5*chkpm=MALL*page=8","productCode":"048521"}
[oreilly:crawl:http] [46/1290] 045017 Nestle Bar Lg Kit Kat Double Choc Block — 200 in 412ms {"url":"https://order.oreillyswholesale.com/products/DetailsPortal.asp?product_code=045017&Page=Products&BreadPath=/products/gridlist.asp?DeptCode=5*chkpm=MALL*page=8","productCode":"045017"}
[oreilly:crawl:http] [47/1290] 045016 Nestle Bar Lg Kit Kat Hazelnut Block — 200 in 719ms {"url":"https://order.oreillyswholesale.com/products/DetailsPortal.asp?product_code=045016&Page=Products&BreadPath=/products/gridlist.asp?DeptCode=5*chkpm=MALL*page=8","productCode":"045016"}
[oreilly:crawl:http] [48/1290] 049246 Nestle Bar Lg Kit Kat Milk Block — 200 in 1743ms {"url":"https://order.oreillyswholesale.com/products/DetailsPortal.asp?product_code=049246&Page=Products&BreadPath=/products/gridlist.asp?DeptCode=5*chkpm=MALL*page=8","productCode":"049246"}
[oreilly:crawl:http] [49/1290] 044407 Nestle Bar Lg Milkybar — 200 in 411ms {"url":"https://order.oreillyswholesale.com/products/DetailsPortal.asp?product_code=044407&Page=Products&BreadPath=/products/gridlist.asp?DeptCode=5*chkpm=MALL*page=8","productCode":"044407"}
[oreilly:crawl:http] [50/1290] 043352 Nestle Damak Dark Chocolate With Pistachio — 200 in 718ms {"url":"https://order.oreillyswholesale.com/products/DetailsPortal.asp?product_code=043352&Page=Products&BreadPath=/products/gridlist.asp?DeptCode=5*chkpm=MALL*page=9","productCode":"043352"}
[oreilly:crawl:http] [51/1290] 043350 Nestle Damak Fine Chocolate With Pistachio — 200 in 1742ms {"url":"https://order.oreillyswholesale.com/products/DetailsPortal.asp?product_code=043350&Page=Products&BreadPath=/products/gridlist.asp?DeptCode=5*chkpm=MALL*page=9","productCode":"043350"}
[oreilly:crawl:http] [52/1290] 010769 Nestle Duo Kit Kat Chunky Milk — 200 in 412ms {"url":"https://order.oreillyswholesale.com/products/DetailsPortal.asp?product_code=010769&Page=Products&BreadPath=/products/gridlist.asp?DeptCode=5*chkpm=MALL*page=9","productCode":"010769"}
[oreilly:crawl:http] [53/1290] 047174 Nestle Duo Kit Kat Chunky Salted Caramel — 200 in 718ms {"url":"https://order.oreillyswholesale.com/products/DetailsPortal.asp?product_code=047174&Page=Products&BreadPath=/products/gridlist.asp?DeptCode=5*chkpm=MALL*page=9","productCode":"047174"}
[oreilly:crawl:http] [54/1290] 030941 Nestle Duo Lion Bar Milk — 200 in 1742ms {"url":"https://order.oreillyswholesale.com/products/DetailsPortal.asp?product_code=030941&Page=Products&BreadPath=/products/gridlist.asp?DeptCode=5*chkpm=MALL*page=9","productCode":"030941"}
[oreilly:crawl:http] [55/1290] 044025 Nestle Duo Lion Bar White — 200 in 513ms {"url":"https://order.oreillyswholesale.com/products/DetailsPortal.asp?product_code=044025&Page=Products&BreadPath=/products/gridlist.asp?DeptCode=5*chkpm=MALL*page=9","productCode":"044025"}
[oreilly:crawl:http] [56/1290] 045277 Nestle Duo Yorkie Brownie — 200 in 719ms {"url":"https://order.oreillyswholesale.com/products/DetailsPortal.asp?product_code=045277&Page=Products&BreadPath=/products/gridlist.asp?DeptCode=5*chkpm=MALL*page=9","productCode":"045277"}
[oreilly:crawl:http] [57/1290] 014401 Nestle Duo Yorkie Milk — 200 in 1845ms {"url":"https://order.oreillyswholesale.com/products/DetailsPortal.asp?product_code=014401&Page=Products&BreadPath=/products/gridlist.asp?DeptCode=5*chkpm=MALL*page=9","productCode":"014401"}
[oreilly:crawl:http] [59/1290] 025408 Nestle Duo Yorkie Raisin & Biscuit — 200 in 506ms {"url":"https://order.oreillyswholesale.com/products/DetailsPortal.asp?product_code=025408&Page=Products&BreadPath=/products/gridlist.asp?DeptCode=5*chkpm=MALL*page=9","productCode":"025408"}
[oreilly:crawl:http] [58/1290] 048395 Nestle Duo Yorkie Pretzel — 200 in 711ms {"url":"https://order.oreillyswholesale.com/products/DetailsPortal.asp?product_code=048395&Page=Products&BreadPath=/products/gridlist.asp?DeptCode=5*chkpm=MALL*page=9","productCode":"048395"}
[oreilly:crawl:http] [60/1290] 048099 Nestle Kit Kat Icon F1 Car — 200 in 1735ms {"url":"https://order.oreillyswholesale.com/products/DetailsPortal.asp?product_code=048099&Page=Products&BreadPath=/products/gridlist.asp?DeptCode=5*chkpm=MALL*page=9","productCode":"048099"}
[oreilly:crawl:http] [61/1290] 010790 Nestle Kit Kat Milk 2 Finger Small — 200 in 411ms {"url":"https://order.oreillyswholesale.com/products/DetailsPortal.asp?product_code=010790&Page=Products&BreadPath=/products/gridlist.asp?DeptCode=5*chkpm=MALL*page=9","productCode":"010790"}
[oreilly:crawl:http] [62/1290] 020247 Nestle Multi 3 Pack Kit Kat Milk 4f — 200 in 665ms {"url":"https://order.oreillyswholesale.com/products/DetailsPortal.asp?product_code=020247&Page=Products&BreadPath=/products/gridlist.asp?DeptCode=5*chkpm=MALL*page=9","productCode":"020247"}
[oreilly:crawl:http] [63/1290] 036222 Nestle Multi 3 Pack Smarties Hexatube X 3pk — 200 in 1845ms {"url":"https://order.oreillyswholesale.com/products/DetailsPortal.asp?product_code=036222&Page=Products&BreadPath=/products/gridlist.asp?DeptCode=5*chkpm=MALL*page=9","productCode":"036222"}
[oreilly:crawl:http] [64/1290] 045664 Nestle Multi 3 Pack Yorkie Milk — 200 in 464ms {"url":"https://order.oreillyswholesale.com/products/DetailsPortal.asp?product_code=045664&Page=Products&BreadPath=/products/gridlist.asp?DeptCode=5*chkpm=MALL*page=9","productCode":"045664"}
[oreilly:crawl:http] [65/1290] 045665 Nestle Multi 3 Pack Yorkie Raisin & Biscuit — 200 in 822ms {"url":"https://order.oreillyswholesale.com/products/DetailsPortal.asp?product_code=045665&Page=Products&BreadPath=/products/gridlist.asp?DeptCode=5*chkpm=MALL*page=9","productCode":"045665"}
[oreilly:crawl:http] [66/1290] 026964 Nestle Multi 4 Pack Aero Bubbly Milk — 200 in 1710ms {"url":"https://order.oreillyswholesale.com/products/DetailsPortal.asp?product_code=026964&Page=Products&BreadPath=/products/gridlist.asp?DeptCode=5*chkpm=MALL*page=9","productCode":"026964"}
[oreilly:crawl:http] [69/1290] 029664 Nestle Multi 4 Pack Kit Kat Chunky Milk — 200 in 513ms {"url":"https://order.oreillyswholesale.com/products/DetailsPortal.asp?product_code=029664&Page=Products&BreadPath=/products/gridlist.asp?DeptCode=5*chkpm=MALL*page=9","productCode":"029664"}
[oreilly:crawl:http] [67/1290] 026358 Nestle Multi 4 Pack Aero Bubbly Pepp — 200 in 719ms {"url":"https://order.oreillyswholesale.com/products/DetailsPortal.asp?product_code=026358&Page=Products&BreadPath=/products/gridlist.asp?DeptCode=5*chkpm=MALL*page=9","productCode":"026358"}
[oreilly:crawl:http] [68/1290] 049248 Nestle Multi 4 Pack Aero Milkybar Bubbly — 200 in 1743ms {"url":"https://order.oreillyswholesale.com/products/DetailsPortal.asp?product_code=049248&Page=Products&BreadPath=/products/gridlist.asp?DeptCode=5*chkpm=MALL*page=9","productCode":"049248"}
[oreilly:crawl:http] [70/1290] 047895 Nestle Multi 4 Pack Kit Kat Chunky Peanut Butter — 200 in 418ms {"url":"https://order.oreillyswholesale.com/products/DetailsPortal.asp?product_code=047895&Page=Products&BreadPath=/products/gridlist.asp?DeptCode=5*chkpm=MALL*page=9","productCode":"047895"}
[oreilly:crawl:http] [71/1290] 048368 Nestle Multi 4 Pack Kit Kat Cookie Dough 4f — 200 in 835ms {"url":"https://order.oreillyswholesale.com/products/DetailsPortal.asp?product_code=048368&Page=Products&BreadPath=/products/gridlist.asp?DeptCode=5*chkpm=MALL*page=9","productCode":"048368"}
[oreilly:crawl:http] [72/1290] 048214 Nestle Multi 4 Pack Kit Kat Funky — 200 in 1742ms {"url":"https://order.oreillyswholesale.com/products/DetailsPortal.asp?product_code=048214&Page=Products&BreadPath=/products/gridlist.asp?DeptCode=5*chkpm=MALL*page=9","productCode":"048214"}
[oreilly:crawl:http] [73/1290] 048213 Nestle Multi 4 Pack Kit Kat Hazelnut 4f — 200 in 609ms {"url":"https://order.oreillyswholesale.com/products/DetailsPortal.asp?product_code=048213&Page=Products&BreadPath=/products/gridlist.asp?DeptCode=5*chkpm=MALL*page=9","productCode":"048213"}
[oreilly:crawl:http] [74/1290] 038842 Nestle Multi 4 Pack Kit Kat White Chunky — 200 in 775ms {"url":"https://order.oreillyswholesale.com/products/DetailsPortal.asp?product_code=038842&Page=Products&BreadPath=/products/gridlist.asp?DeptCode=5*chkpm=MALL*page=9","productCode":"038842"}
[oreilly:crawl:http] [75/1290] 046531 Nestle Multi 4 Pack Lion Bar Black N White — 200 in 1846ms {"url":"https://order.oreillyswholesale.com/products/DetailsPortal.asp?product_code=046531&Page=Products&BreadPath=/products/gridlist.asp?DeptCode=5*chkpm=MALL*page=9","productCode":"046531"}
[oreilly:crawl:http] [76/1290] 043071 Nestle Multi 4 Pack Lion Bar Brownie — 200 in 456ms {"url":"https://order.oreillyswholesale.com/products/DetailsPortal.asp?product_code=043071&Page=Products&BreadPath=/products/gridlist.asp?DeptCode=5*chkpm=MALL*page=9","productCode":"043071"}
[oreilly:crawl:http] [77/1290] 029666 Nestle Multi 4 Pack Lion Bar Choc — 200 in 654ms {"url":"https://order.oreillyswholesale.com/products/DetailsPortal.asp?product_code=029666&Page=Products&BreadPath=/products/gridlist.asp?DeptCode=5*chkpm=MALL*page=9","productCode":"029666"}
[oreilly:crawl:http] [78/1290] 048525 Nestle Multi 4 Pack Lion Bar Peanut — 200 in 768ms {"url":"https://order.oreillyswholesale.com/products/DetailsPortal.asp?product_code=048525&Page=Products&BreadPath=/products/gridlist.asp?DeptCode=5*chkpm=MALL*page=9","productCode":"048525"}
[oreilly:crawl:http] [79/1290] 045010 Nestle Multi 4 Pack Lion Bar White — 200 in 521ms {"url":"https://order.oreillyswholesale.com/products/DetailsPortal.asp?product_code=045010&Page=Products&BreadPath=/products/gridlist.asp?DeptCode=5*chkpm=MALL*page=9","productCode":"045010"}
[oreilly:crawl:http] [80/1290] 028782 Nestle Multi 4 Pack Milkybar Medium — 200 in 870ms {"url":"https://order.oreillyswholesale.com/products/DetailsPortal.asp?product_code=028782&Page=Products&BreadPath=/products/gridlist.asp?DeptCode=5*chkpm=MALL*page=9","productCode":"028782"}
[oreilly:crawl:http] [81/1290] 029665 Nestle Multi 4 Pack Rolo Tube — 200 in 1778ms {"url":"https://order.oreillyswholesale.com/products/DetailsPortal.asp?product_code=029665&Page=Products&BreadPath=/products/gridlist.asp?DeptCode=5*chkpm=MALL*page=9","productCode":"029665"}
[oreilly:crawl:http] [82/1290] 029667 Nestle Multi 4 Pack Toffee Crisp 4 X 31gm — 200 in 513ms {"url":"https://order.oreillyswholesale.com/products/DetailsPortal.asp?product_code=029667&Page=Products&BreadPath=/products/gridlist.asp?DeptCode=5*chkpm=MALL*page=9","productCode":"029667"}
[oreilly:crawl:http] [83/1290] 046427 Nestle Multi 5 Pack Variety Pack — 200 in 765ms {"url":"https://order.oreillyswholesale.com/products/DetailsPortal.asp?product_code=046427&Page=Products&BreadPath=/products/gridlist.asp?DeptCode=5*chkpm=MALL*page=9","productCode":"046427"}
[oreilly:crawl:http] [84/1290] 044404 Nestle Multi 6 Pack Milkybar Small — 200 in 1742ms {"url":"https://order.oreillyswholesale.com/products/DetailsPortal.asp?product_code=044404&Page=Products&BreadPath=/products/gridlist.asp?DeptCode=5*chkpm=MALL*page=9","productCode":"044404"}
[oreilly:crawl:http] [87/1290] 049025 Nestle Std Kit Kat Chunky Cookie Dough — 200 in 452ms {"url":"https://order.oreillyswholesale.com/products/DetailsPortal.asp?product_code=049025&Page=Products&BreadPath=/products/gridlist.asp?DeptCode=5*chkpm=MALL*page=9","productCode":"049025"}
[oreilly:crawl:http] [85/1290] 029970 Nestle Std Aero Milk Bubbly Bar — 200 in 554ms {"url":"https://order.oreillyswholesale.com/products/DetailsPortal.asp?product_code=029970&Page=Products&BreadPath=/products/gridlist.asp?DeptCode=5*chkpm=MALL*page=9","productCode":"029970"}
[oreilly:crawl:http] [86/1290] 036320 Nestle Std Aero Peppermint Bubbly Bar — 200 in 760ms {"url":"https://order.oreillyswholesale.com/products/DetailsPortal.asp?product_code=036320&Page=Products&BreadPath=/products/gridlist.asp?DeptCode=5*chkpm=MALL*page=9","productCode":"036320"}
[oreilly:crawl:http] [88/1290] 048328 Nestle Std Kit Kat Chunky Farbled F1 Milk — 200 in 488ms {"url":"https://order.oreillyswholesale.com/products/DetailsPortal.asp?product_code=048328&Page=Products&BreadPath=/products/gridlist.asp?DeptCode=5*chkpm=MALL*page=9","productCode":"048328"}
[oreilly:crawl:http] [89/1290] 046395 Nestle Std Kit Kat Chunky Funky — 200 in 694ms {"url":"https://order.oreillyswholesale.com/products/DetailsPortal.asp?product_code=046395&Page=Products&BreadPath=/products/gridlist.asp?DeptCode=5*chkpm=MALL*page=9","productCode":"046395"}
[oreilly:crawl:http] [90/1290] 029974 Nestle Std Kit Kat Chunky Milk — 200 in 1717ms {"url":"https://order.oreillyswholesale.com/products/DetailsPortal.asp?product_code=029974&Page=Products&BreadPath=/products/gridlist.asp?DeptCode=5*chkpm=MALL*page=9","productCode":"029974"}
[oreilly:crawl:http] [92/1290] 047996 Nestle Std Kit Kat Cookie Dough 4 Finger — 200 in 513ms {"url":"https://order.oreillyswholesale.com/products/DetailsPortal.asp?product_code=047996&Page=Products&BreadPath=/products/gridlist.asp?DeptCode=5*chkpm=MALL*page=9","productCode":"047996"}
[oreilly:crawl:http] [91/1290] 014658 Nestle Std Kit Kat Chunky Peanut Butter — 200 in 633ms {"url":"https://order.oreillyswholesale.com/products/DetailsPortal.asp?product_code=014658&Page=Products&BreadPath=/products/gridlist.asp?DeptCode=5*chkpm=MALL*page=9","productCode":"014658"}
[oreilly:crawl:http] [93/1290] 027366 Nestle Std Kit Kat Dark 4 Finger — 200 in 1741ms {"url":"https://order.oreillyswholesale.com/products/DetailsPortal.asp?product_code=027366&Page=Products&BreadPath=/products/gridlist.asp?DeptCode=5*chkpm=MALL*page=9","productCode":"027366"}
[oreilly:crawl:http] [96/1290] 031928 Nestle Std Milkybar Kid Bar — 200 in 503ms {"url":"https://order.oreillyswholesale.com/products/DetailsPortal.asp?product_code=031928&Page=Products&BreadPath=/products/gridlist.asp?DeptCode=5*chkpm=MALL*page=9","productCode":"031928"}
[oreilly:crawl:http] [94/1290] 029973 Nestle Std Kit Kat Milk 4 Finger — 200 in 820ms {"url":"https://order.oreillyswholesale.com/products/DetailsPortal.asp?product_code=029973&Page=Products&BreadPath=/products/gridlist.asp?DeptCode=5*chkpm=MALL*page=9","productCode":"029973"}
[oreilly:crawl:http] [95/1290] 022425 Nestle Std Lion Bar — 200 in 1742ms {"url":"https://order.oreillyswholesale.com/products/DetailsPortal.asp?product_code=022425&Page=Products&BreadPath=/products/gridlist.asp?DeptCode=5*chkpm=MALL*page=9","productCode":"022425"}
[oreilly:crawl:http] [97/1290] 010779 Nestle Std Milkybar Medium — 200 in 502ms {"url":"https://order.oreillyswholesale.com/products/DetailsPortal.asp?product_code=010779&Page=Products&BreadPath=/products/gridlist.asp?DeptCode=5*chkpm=MALL*page=9","productCode":"010779"}
[oreilly:crawl:http] [98/1290] 010801 Nestle Std Munchies — 200 in 664ms {"url":"https://order.oreillyswholesale.com/products/DetailsPortal.asp?product_code=010801&Page=Products&BreadPath=/products/gridlist.asp?DeptCode=5*chkpm=MALL*page=9","productCode":"010801"}
[oreilly:crawl:http] [99/1290] 010763 Nestle Std Rolo Tubes — 200 in 1933ms {"url":"https://order.oreillyswholesale.com/products/DetailsPortal.asp?product_code=010763&Page=Products&BreadPath=/products/gridlist.asp?DeptCode=5*chkpm=MALL*page=9","productCode":"010763"}
[oreilly:crawl:http] [101/1290] 029972 Nestle Std Toffee Crisp — 200 in 502ms {"url":"https://order.oreillyswholesale.com/products/DetailsPortal.asp?product_code=029972&Page=Products&BreadPath=/products/gridlist.asp?DeptCode=5*chkpm=MALL*page=10","productCode":"029972"}
[oreilly:crawl:http] [100/1290] 035885 Nestle Std Smarties Hexatube — 200 in 701ms {"url":"https://order.oreillyswholesale.com/products/DetailsPortal.asp?product_code=035885&Page=Products&BreadPath=/products/gridlist.asp?DeptCode=5*chkpm=MALL*page=10","productCode":"035885"}
[oreilly:crawl:http] [102/1290] 029971 Nestle Std Yorkie Milk — 200 in 1717ms {"url":"https://order.oreillyswholesale.com/products/DetailsPortal.asp?product_code=029971&Page=Products&BreadPath=/products/gridlist.asp?DeptCode=5*chkpm=MALL*page=10","productCode":"029971"}
[oreilly:crawl:http] [103/1290] 030112 Nestle Std Yorkie Raisin & Biscuit — 200 in 409ms {"url":"https://order.oreillyswholesale.com/products/DetailsPortal.asp?product_code=030112&Page=Products&BreadPath=/products/gridlist.asp?DeptCode=5*chkpm=MALL*page=10","productCode":"030112"}
[oreilly:crawl:http] [104/1290] 046866 Nestle Walnut Whip 6pk Carton — 200 in 817ms {"url":"https://order.oreillyswholesale.com/products/DetailsPortal.asp?product_code=046866&Page=Products&BreadPath=/products/gridlist.asp?DeptCode=5*chkpm=MALL*page=10","productCode":"046866"}
[oreilly:crawl:http] [105/1290] 029640 Nutella B-ready 6 Pack — 200 in 1845ms {"url":"https://order.oreillyswholesale.com/products/DetailsPortal.asp?product_code=029640&Page=Products&BreadPath=/products/gridlist.asp?DeptCode=5*chkpm=MALL*page=10","productCode":"029640"}
[oreilly:crawl:http] [106/1290] 036230 Reeses 2 Peanut Butter Cups — 200 in 454ms {"url":"https://order.oreillyswholesale.com/products/DetailsPortal.asp?product_code=036230&Page=Products&BreadPath=/products/gridlist.asp?DeptCode=5*chkpm=MALL*page=10","productCode":"036230"}
[oreilly:crawl:http] [108/1290] 047049 Reeses Dipped Pretzels — 200 in 712ms {"url":"https://order.oreillyswholesale.com/products/DetailsPortal.asp?product_code=047049&Page=Products&BreadPath=/products/gridlist.asp?DeptCode=5*chkpm=MALL*page=10","productCode":"047049"}
[oreilly:crawl:http] [107/1290] 047716 Reeses Dipped Peanuts £1.35 Pmp — 200 in 1888ms {"url":"https://order.oreillyswholesale.com/products/DetailsPortal.asp?product_code=047716&Page=Products&BreadPath=/products/gridlist.asp?DeptCode=5*chkpm=MALL*page=10","productCode":"047716"}
[oreilly:crawl:http] [109/1290] 043847 Reeses Fast Break — 200 in 570ms {"url":"https://order.oreillyswholesale.com/products/DetailsPortal.asp?product_code=043847&Page=Products&BreadPath=/products/gridlist.asp?DeptCode=5*chkpm=MALL*page=10","productCode":"043847"}
[oreilly:crawl:http] [110/1290] 036335 Reeses Overload Bar — 200 in 764ms {"url":"https://order.oreillyswholesale.com/products/DetailsPortal.asp?product_code=036335&Page=Products&BreadPath=/products/gridlist.asp?DeptCode=5*chkpm=MALL*page=10","productCode":"036335"}
[oreilly:crawl:http] [111/1290] 039060 Reeses Peanut Cup Kingsize — 200 in 1743ms {"url":"https://order.oreillyswholesale.com/products/DetailsPortal.asp?product_code=039060&Page=Products&BreadPath=/products/gridlist.asp?DeptCode=5*chkpm=MALL*page=10","productCode":"039060"}
[oreilly:crawl:http] [112/1290] 047722 Reeses Pieces Peanut Butter £1.35 Pmp — 200 in 430ms {"url":"https://order.oreillyswholesale.com/products/DetailsPortal.asp?product_code=047722&Page=Products&BreadPath=/products/gridlist.asp?DeptCode=5*chkpm=MALL*page=10","productCode":"047722"}
[oreilly:crawl:http] [113/1290] 027149 Ritter Sport Alpine Milk — 200 in 682ms {"url":"https://order.oreillyswholesale.com/products/DetailsPortal.asp?product_code=027149&Page=Products&BreadPath=/products/gridlist.asp?DeptCode=5*chkpm=MALL*page=10","productCode":"027149"}
[oreilly:crawl:http] [114/1290] 027150 Ritter Sport Butter Biscuit — 200 in 1753ms {"url":"https://order.oreillyswholesale.com/products/DetailsPortal.asp?product_code=027150&Page=Products&BreadPath=/products/gridlist.asp?DeptCode=5*chkpm=MALL*page=10","productCode":"027150"}
[oreilly:crawl:http] [115/1290] 027152 Ritter Sport Dark Choc With Peppermint — 200 in 412ms {"url":"https://order.oreillyswholesale.com/products/DetailsPortal.asp?product_code=027152&Page=Products&BreadPath=/products/gridlist.asp?DeptCode=5*chkpm=MALL*page=10","productCode":"027152"}
[oreilly:crawl:http] [116/1290] 027707 Ritter Sport Honey Salt Almonds — 200 in 664ms {"url":"https://order.oreillyswholesale.com/products/DetailsPortal.asp?product_code=027707&Page=Products&BreadPath=/products/gridlist.asp?DeptCode=5*chkpm=MALL*page=10","productCode":"027707"}
[oreilly:crawl:http] [117/1290] 027147 Ritter Sport Marzipan — 200 in 1743ms {"url":"https://order.oreillyswholesale.com/products/DetailsPortal.asp?product_code=027147&Page=Products&BreadPath=/products/gridlist.asp?DeptCode=5*chkpm=MALL*page=10","productCode":"027147"}
[oreilly:crawl:http] [118/1290] 046663 Ritter Sport Pistachio — 200 in 412ms {"url":"https://order.oreillyswholesale.com/products/DetailsPortal.asp?product_code=046663&Page=Products&BreadPath=/products/gridlist.asp?DeptCode=5*chkpm=MALL*page=10","productCode":"046663"}
[oreilly:crawl:http] [119/1290] 027148 Ritter Sport Rum & Raisin — 200 in 717ms {"url":"https://order.oreillyswholesale.com/products/DetailsPortal.asp?product_code=027148&Page=Products&BreadPath=/products/gridlist.asp?DeptCode=5*chkpm=MALL*page=10","productCode":"027148"}
[oreilly:crawl:http] [120/1290] 032246 Ritter Sport Whole Hazelnut Milk — 200 in 1742ms {"url":"https://order.oreillyswholesale.com/products/DetailsPortal.asp?product_code=032246&Page=Products&BreadPath=/products/gridlist.asp?DeptCode=5*chkpm=MALL*page=10","productCode":"032246"}
[oreilly:crawl:http] [121/1290] 010692 Roll Riesen Dark Chocolate Chewy Toffee - Stick — 200 in 430ms {"url":"https://order.oreillyswholesale.com/products/DetailsPortal.asp?product_code=010692&Page=Products&BreadPath=/products/gridlist.asp?DeptCode=5*chkpm=MALL*page=10","productCode":"010692"}
[oreilly:crawl:http] [122/1290] 041570 Snickers Std - Std Eu Pack — 200 in 821ms {"url":"https://order.oreillyswholesale.com/products/DetailsPortal.asp?product_code=041570&Page=Products&BreadPath=/products/gridlist.asp?DeptCode=5*chkpm=MALL*page=10","productCode":"041570"}
[oreilly:crawl:http] [123/1290] 048697 Std - Bounty Milk Trio — 200 in 1742ms {"url":"https://order.oreillyswholesale.com/products/DetailsPortal.asp?product_code=048697&Page=Products&BreadPath=/products/gridlist.asp?DeptCode=5*chkpm=MALL*page=10","productCode":"048697"}
[oreilly:crawl:http] [124/1290] 048638 Std - Twix Bar Hazelnut — 200 in 410ms {"url":"https://order.oreillyswholesale.com/products/DetailsPortal.asp?product_code=048638&Page=Products&BreadPath=/products/gridlist.asp?DeptCode=5*chkpm=MALL*page=10","productCode":"048638"}
[oreilly:crawl:http] [125/1290] 031709 Std - Twix Bar White — 200 in 652ms {"url":"https://order.oreillyswholesale.com/products/DetailsPortal.asp?product_code=031709&Page=Products&BreadPath=/products/gridlist.asp?DeptCode=5*chkpm=MALL*page=10","productCode":"031709"}
[oreilly:crawl:http] [126/1290] 025634 Tco 3 Pack Terrys Chocolate Orange Bar — 200 in 1782ms {"url":"https://order.oreillyswholesale.com/products/DetailsPortal.asp?product_code=025634&Page=Products&BreadPath=/products/gridlist.asp?DeptCode=5*chkpm=MALL*page=10","productCode":"025634"}
[oreilly:crawl:http] [128/1290] 033251 Tco Terrys Chocolate Orange Large Bar — 200 in 385ms {"url":"https://order.oreillyswholesale.com/products/DetailsPortal.asp?product_code=033251&Page=Products&BreadPath=/products/gridlist.asp?DeptCode=5*chkpm=MALL*page=10","productCode":"033251"}
[oreilly:crawl:http] [127/1290] 025509 Tco Terrys Chocolate Orange Bar Milk — 200 in 731ms {"url":"https://order.oreillyswholesale.com/products/DetailsPortal.asp?product_code=025509&Page=Products&BreadPath=/products/gridlist.asp?DeptCode=5*chkpm=MALL*page=10","productCode":"025509"}
[oreilly:crawl:http] [129/1290] 046868 The Taste Of Angel Choc Bar Pistachio — 200 in 1834ms {"url":"https://order.oreillyswholesale.com/products/DetailsPortal.asp?product_code=046868&Page=Products&BreadPath=/products/gridlist.asp?DeptCode=5*chkpm=MALL*page=10","productCode":"046868"}
[oreilly:crawl:http] [131/1290] 126087 Toblerone White Chocolate — 200 in 458ms {"url":"https://order.oreillyswholesale.com/products/DetailsPortal.asp?product_code=126087&Page=Products&BreadPath=/products/gridlist.asp?DeptCode=5*chkpm=MALL*page=10","productCode":"126087"}
[oreilly:crawl:http] [130/1290] 126083 Toblerone Milk Chocolate — 200 in 628ms {"url":"https://order.oreillyswholesale.com/products/DetailsPortal.asp?product_code=126083&Page=Products&BreadPath=/products/gridlist.asp?DeptCode=5*chkpm=MALL*page=10","productCode":"126083"}
[oreilly:crawl:http] [132/1290] 042270 Twix Bar Std (Eu Pack) — 200 in 1744ms {"url":"https://order.oreillyswholesale.com/products/DetailsPortal.asp?product_code=042270&Page=Products&BreadPath=/products/gridlist.asp?DeptCode=5*chkpm=MALL*page=10","productCode":"042270"}
[oreilly:crawl:http] [133/1290] 048643 Twix Finger 9 Pack - Biscuit Hazelnut — 200 in 507ms {"url":"https://order.oreillyswholesale.com/products/DetailsPortal.asp?product_code=048643&Page=Products&BreadPath=/products/gridlist.asp?DeptCode=5*chkpm=MALL*page=10","productCode":"048643"}
[oreilly:crawl:http] [135/1290] 039990 Twix Finger 9 Pack - Biscuit White Chocolate — 200 in 666ms {"url":"https://order.oreillyswholesale.com/products/DetailsPortal.asp?product_code=039990&Page=Products&BreadPath=/products/gridlist.asp?DeptCode=5*chkpm=MALL*page=10","productCode":"039990"}
[oreilly:crawl:http] [134/1290] 039988 Twix Finger 9 Pack - Biscuit Milk Chocolate — 200 in 1844ms {"url":"https://order.oreillyswholesale.com/products/DetailsPortal.asp?product_code=039988&Page=Products&BreadPath=/products/gridlist.asp?DeptCode=5*chkpm=MALL*page=10","productCode":"039988"}
[oreilly:crawl:http] [136/1290] 010811 Twix Xtra Bar - Choc — 200 in 501ms {"url":"https://order.oreillyswholesale.com/products/DetailsPortal.asp?product_code=010811&Page=Products&BreadPath=/products/gridlist.asp?DeptCode=5*chkpm=MALL*page=10","productCode":"010811"}
[oreilly:crawl:http] [137/1290] 048641 Twix Xtra Bar - Hazelnut — 200 in 666ms {"url":"https://order.oreillyswholesale.com/products/DetailsPortal.asp?product_code=048641&Page=Products&BreadPath=/products/gridlist.asp?DeptCode=5*chkpm=MALL*page=10","productCode":"048641"}
[oreilly:crawl:http] [138/1290] 031710 Twix Xtra Bar - White — 200 in 1935ms {"url":"https://order.oreillyswholesale.com/products/DetailsPortal.asp?product_code=031710&Page=Products&BreadPath=/products/gridlist.asp?DeptCode=5*chkpm=MALL*page=10","productCode":"031710"}
[oreilly:crawl:http] [139/1290] 046851 Cadbury Box Milk Tray Large — 200 in 516ms {"url":"https://order.oreillyswholesale.com/products/DetailsPortal.asp?product_code=046851&Page=Products&BreadPath=/products/gridlist.asp?DeptCode=5*chkpm=MALL*page=10","productCode":"046851"}
[oreilly:crawl:http] [140/1290] 049317 Cadbury Heroes Box - New Size — 200 in 918ms {"url":"https://order.oreillyswholesale.com/products/DetailsPortal.asp?product_code=049317&Page=Products&BreadPath=/products/gridlist.asp?DeptCode=5*chkpm=MALL*page=10","productCode":"049317"}
[oreilly:crawl:http] [141/1290] 049316 Cadbury Roses Box - New Size — 200 in 1684ms {"url":"https://order.oreillyswholesale.com/products/DetailsPortal.asp?product_code=049316&Page=Products&BreadPath=/products/gridlist.asp?DeptCode=5*chkpm=MALL*page=10","productCode":"049316"}
[oreilly:crawl:http] [142/1290] 010932 Ferrero Rocher T16 — 200 in 455ms {"url":"https://order.oreillyswholesale.com/products/DetailsPortal.asp?product_code=010932&Page=Products&BreadPath=/products/gridlist.asp?DeptCode=5*chkpm=MALL*page=10","productCode":"010932"}
[oreilly:crawl:http] [144/1290] 044639 Lily O''brian Crispy Hearts — 200 in 664ms {"url":"https://order.oreillyswholesale.com/products/DetailsPortal.asp?product_code=044639&Page=Products&BreadPath=/products/gridlist.asp?DeptCode=5*chkpm=MALL*page=10","productCode":"044639"}
[oreilly:crawl:http] [143/1290] 014094 Ferrero Rocher T24 — 200 in 1990ms {"url":"https://order.oreillyswholesale.com/products/DetailsPortal.asp?product_code=014094&Page=Products&BreadPath=/products/gridlist.asp?DeptCode=5*chkpm=MALL*page=10","productCode":"014094"}
[oreilly:crawl:http] [146/1290] 034021 Lindor Cornet 37g Milk — 200 in 500ms {"url":"https://order.oreillyswholesale.com/products/DetailsPortal.asp?product_code=034021&Page=Products&BreadPath=/products/gridlist.asp?DeptCode=5*chkpm=MALL*page=10","productCode":"034021"}
[oreilly:crawl:http] [145/1290] 042488 Lily O''brien Giftwrapped Choc Collection — 200 in 705ms {"url":"https://order.oreillyswholesale.com/products/DetailsPortal.asp?product_code=042488&Page=Products&BreadPath=/products/gridlist.asp?DeptCode=5*chkpm=MALL*page=10","productCode":"042488"}
[oreilly:crawl:http] [147/1290] 045469 Lindor Cornet Assorted — 200 in 1730ms {"url":"https://order.oreillyswholesale.com/products/DetailsPortal.asp?product_code=045469&Page=Products&BreadPath=/products/gridlist.asp?DeptCode=5*chkpm=MALL*page=10","productCode":"045469"}
[oreilly:crawl:http] [149/1290] 037347 Lindor Cornet Box Double Chocolate — 200 in 500ms {"url":"https://order.oreillyswholesale.com/products/DetailsPortal.asp?product_code=037347&Page=Products&BreadPath=/products/gridlist.asp?DeptCode=5*chkpm=MALL*page=10","productCode":"037347"}
[oreilly:crawl:http] [148/1290] 019359 Lindor Cornet Box Assorted — 200 in 673ms {"url":"https://order.oreillyswholesale.com/products/DetailsPortal.asp?product_code=019359&Page=Products&BreadPath=/products/gridlist.asp?DeptCode=5*chkpm=MALL*page=10","productCode":"019359"}
[oreilly:crawl:http] [150/1290] 010906 Lindor Cornet Box Milk — 200 in 1753ms {"url":"https://order.oreillyswholesale.com/products/DetailsPortal.asp?product_code=010906&Page=Products&BreadPath=/products/gridlist.asp?DeptCode=5*chkpm=MALL*page=11","productCode":"010906"}
[oreilly:products:sync] progress 150/1290 (12%) — ok 150, failed 0, lanes 3, elapsed 1m 36s, ETA 12m 7s
[oreilly:crawl:http] [152/1290] 033918 Lindor Cornet Box Salted Caramel — 200 in 411ms {"url":"https://order.oreillyswholesale.com/products/DetailsPortal.asp?product_code=033918&Page=Products&BreadPath=/products/gridlist.asp?DeptCode=5*chkpm=MALL*page=11","productCode":"033918"}
[oreilly:crawl:http] [151/1290] 039592 Lindor Cornet Box Milk - Large Box — 200 in 719ms {"url":"https://order.oreillyswholesale.com/products/DetailsPortal.asp?product_code=039592&Page=Products&BreadPath=/products/gridlist.asp?DeptCode=5*chkpm=MALL*page=11","productCode":"039592"}
[oreilly:crawl:http] [153/1290] 035218 Lindor Cornet Box White Chocolate — 200 in 1742ms {"url":"https://order.oreillyswholesale.com/products/DetailsPortal.asp?product_code=035218&Page=Products&BreadPath=/products/gridlist.asp?DeptCode=5*chkpm=MALL*page=11","productCode":"035218"}
[oreilly:crawl:http] [154/1290] 045468 Lindor Cornet Milk — 200 in 446ms {"url":"https://order.oreillyswholesale.com/products/DetailsPortal.asp?product_code=045468&Page=Products&BreadPath=/products/gridlist.asp?DeptCode=5*chkpm=MALL*page=11","productCode":"045468"}
[oreilly:crawl:http] [155/1290] 126446 Lindor Heart Milk Box — 200 in 655ms {"url":"https://order.oreillyswholesale.com/products/DetailsPortal.asp?product_code=126446&Page=Products&BreadPath=/products/gridlist.asp?DeptCode=5*chkpm=MALL*page=11","productCode":"126446"}
[oreilly:crawl:http] [156/1290] 044022 Lindor Milk Cornet Hod — 200 in 2197ms {"url":"https://order.oreillyswholesale.com/products/DetailsPortal.asp?product_code=044022&Page=Products&BreadPath=/products/gridlist.asp?DeptCode=5*chkpm=MALL*page=11","productCode":"044022"}
[oreilly:crawl:http] [157/1290] 047978 Lindor Trio Milk 3 Pack — 200 in 451ms {"url":"https://order.oreillyswholesale.com/products/DetailsPortal.asp?product_code=047978&Page=Products&BreadPath=/products/gridlist.asp?DeptCode=5*chkpm=MALL*page=11","productCode":"047978"}
[oreilly:crawl:http] [159/1290] 021369 Nestle Box Black Magic — 200 in 673ms {"url":"https://order.oreillyswholesale.com/products/DetailsPortal.asp?product_code=021369&Page=Products&BreadPath=/products/gridlist.asp?DeptCode=5*chkpm=MALL*page=11","productCode":"021369"}
[oreilly:crawl:http] [158/1290] 029231 Nestle Box After Eight Carton — 200 in 1742ms {"url":"https://order.oreillyswholesale.com/products/DetailsPortal.asp?product_code=029231&Page=Products&BreadPath=/products/gridlist.asp?DeptCode=5*chkpm=MALL*page=11","productCode":"029231"}
[oreilly:crawl:http] [160/1290] 038339 Nestle Box Quality Street Carton — 200 in 514ms {"url":"https://order.oreillyswholesale.com/products/DetailsPortal.asp?product_code=038339&Page=Products&BreadPath=/products/gridlist.asp?DeptCode=5*chkpm=MALL*page=11","productCode":"038339"}
[oreilly:crawl:http] [161/1290] 044762 Nestle Dairy Box Bon Bon Carton — 200 in 662ms {"url":"https://order.oreillyswholesale.com/products/DetailsPortal.asp?product_code=044762&Page=Products&BreadPath=/products/gridlist.asp?DeptCode=5*chkpm=MALL*page=11","productCode":"044762"}
[oreilly:crawl:http] [162/1290] 044761 Nestle Dairy Box Bon Bon Small Carton — 200 in 1744ms {"url":"https://order.oreillyswholesale.com/products/DetailsPortal.asp?product_code=044761&Page=Products&BreadPath=/products/gridlist.asp?DeptCode=5*chkpm=MALL*page=11","productCode":"044761"}
[oreilly:crawl:http] [163/1290] 044942 Raffaello Box T23 — 200 in 483ms {"url":"https://order.oreillyswholesale.com/products/DetailsPortal.asp?product_code=044942&Page=Products&BreadPath=/products/gridlist.asp?DeptCode=5*chkpm=MALL*page=11","productCode":"044942"}
[oreilly:crawl:http] [165/1290] 126513 Tco Terrys Chocolate Ball Mint — 200 in 718ms {"url":"https://order.oreillyswholesale.com/products/DetailsPortal.asp?product_code=126513&Page=Products&BreadPath=/products/gridlist.asp?DeptCode=5*chkpm=MALL*page=11","productCode":"126513"}
[oreilly:crawl:http] [164/1290] 044498 Tco Terrys Chocolate Ball Milk — 200 in 1743ms {"url":"https://order.oreillyswholesale.com/products/DetailsPortal.asp?product_code=044498&Page=Products&BreadPath=/products/gridlist.asp?DeptCode=5*chkpm=MALL*page=11","productCode":"044498"}
[oreilly:crawl:http] [166/1290] 047515 Tco Terrys Chocolate Caramel Ball - New — 200 in 412ms {"url":"https://order.oreillyswholesale.com/products/DetailsPortal.asp?product_code=047515&Page=Products&BreadPath=/products/gridlist.asp?DeptCode=5*chkpm=MALL*page=11","productCode":"047515"}
[oreilly:crawl:http] [167/1290] 034189 Tco Terrys Chocolate Orange Ball Dark — 200 in 720ms {"url":"https://order.oreillyswholesale.com/products/DetailsPortal.asp?product_code=034189&Page=Products&BreadPath=/products/gridlist.asp?DeptCode=5*chkpm=MALL*page=11","productCode":"034189"}
[oreilly:crawl:http] [168/1290] 034188 Tco Terrys Chocolate Orange Ball Milk — 200 in 1744ms {"url":"https://order.oreillyswholesale.com/products/DetailsPortal.asp?product_code=034188&Page=Products&BreadPath=/products/gridlist.asp?DeptCode=5*chkpm=MALL*page=11","productCode":"034188"}
[oreilly:crawl:http] [169/1290] 126500 Toffifee Box 4 X 5 Pack — 200 in 565ms {"url":"https://order.oreillyswholesale.com/products/DetailsPortal.asp?product_code=126500&Page=Products&BreadPath=/products/gridlist.asp?DeptCode=5*chkpm=MALL*page=11","productCode":"126500"}
[oreilly:crawl:http] [170/1290] 031628 50p Bag Bebeto Fizzy Blue Rasp Spaghetti — 200 in 718ms {"url":"https://order.oreillyswholesale.com/products/DetailsPortal.asp?product_code=031628&Page=Products&BreadPath=/products/gridlist.asp?DeptCode=5*chkpm=MALL*page=11","productCode":"031628"}
[oreilly:crawl:http] [171/1290] 029513 50p Bag Bebeto Fizzy Strawberry Spaghetti — 200 in 1742ms {"url":"https://order.oreillyswholesale.com/products/DetailsPortal.asp?product_code=029513&Page=Products&BreadPath=/products/gridlist.asp?DeptCode=5*chkpm=MALL*page=11","productCode":"029513"}
[oreilly:crawl:http] [172/1290] 031623 50p Bag Bebeto Sour Rainbow Spaghetti — 200 in 410ms {"url":"https://order.oreillyswholesale.com/products/DetailsPortal.asp?product_code=031623&Page=Products&BreadPath=/products/gridlist.asp?DeptCode=5*chkpm=MALL*page=11","productCode":"031623"}
[oreilly:crawl:http] [173/1290] 029508 50p Bag Bebeto Watermelon — 200 in 698ms {"url":"https://order.oreillyswholesale.com/products/DetailsPortal.asp?product_code=029508&Page=Products&BreadPath=/products/gridlist.asp?DeptCode=5*chkpm=MALL*page=11","productCode":"029508"}
[oreilly:crawl:http] [174/1290] 048672 Bag £1 Shaws American Hard Gums Pmp — 200 in 1815ms {"url":"https://order.oreillyswholesale.com/products/DetailsPortal.asp?product_code=048672&Page=Products&BreadPath=/products/gridlist.asp?DeptCode=5*chkpm=MALL*page=11","productCode":"048672"}
[oreilly:crawl:http] [175/1290] 035329 Bag £1 Shaws Blue Bon Bons Pmp — 200 in 411ms {"url":"https://order.oreillyswholesale.com/products/DetailsPortal.asp?product_code=035329&Page=Products&BreadPath=/products/gridlist.asp?DeptCode=5*chkpm=MALL*page=11","productCode":"035329"}
[oreilly:crawl:http] [176/1290] 035327 Bag £1 Shaws Brandy Balls Pmp — 200 in 686ms {"url":"https://order.oreillyswholesale.com/products/DetailsPortal.asp?product_code=035327&Page=Products&BreadPath=/products/gridlist.asp?DeptCode=5*chkpm=MALL*page=11","productCode":"035327"}
[oreilly:crawl:http] [177/1290] 035537 Bag £1 Shaws Butter Balls Pmp — 200 in 1742ms {"url":"https://order.oreillyswholesale.com/products/DetailsPortal.asp?product_code=035537&Page=Products&BreadPath=/products/gridlist.asp?DeptCode=5*chkpm=MALL*page=11","productCode":"035537"}
[oreilly:crawl:http] [178/1290] 036603 Bag £1 Shaws Chewy Cinnamon Pmp — 200 in 505ms {"url":"https://order.oreillyswholesale.com/products/DetailsPortal.asp?product_code=036603&Page=Products&BreadPath=/products/gridlist.asp?DeptCode=5*chkpm=MALL*page=11","productCode":"036603"}
[oreilly:crawl:http] [179/1290] 037281 Bag £1 Shaws Chocolate Limes Pmp — 200 in 709ms {"url":"https://order.oreillyswholesale.com/products/DetailsPortal.asp?product_code=037281&Page=Products&BreadPath=/products/gridlist.asp?DeptCode=5*chkpm=MALL*page=11","productCode":"037281"}
[oreilly:crawl:http] [180/1290] 035326 Bag £1 Shaws Cinnamon Loz Pmp — 200 in 1861ms {"url":"https://order.oreillyswholesale.com/products/DetailsPortal.asp?product_code=035326&Page=Products&BreadPath=/products/gridlist.asp?DeptCode=5*chkpm=MALL*page=11","productCode":"035326"}
[oreilly:crawl:http] [181/1290] 011963 Bag £1 Shaws Clove Rock Pmp — 200 in 528ms {"url":"https://order.oreillyswholesale.com/products/DetailsPortal.asp?product_code=011963&Page=Products&BreadPath=/products/gridlist.asp?DeptCode=5*chkpm=MALL*page=11","productCode":"011963"}
[oreilly:crawl:http] [182/1290] 037280 Bag £1 Shaws Fudge Pmp — 200 in 719ms {"url":"https://order.oreillyswholesale.com/products/DetailsPortal.asp?product_code=037280&Page=Products&BreadPath=/products/gridlist.asp?DeptCode=5*chkpm=MALL*page=11","productCode":"037280"}
[oreilly:crawl:http] [183/1290] 037282 Bag £1 Shaws Mint Imperial Pmp — 200 in 1696ms {"url":"https://order.oreillyswholesale.com/products/DetailsPortal.asp?product_code=037282&Page=Products&BreadPath=/products/gridlist.asp?DeptCode=5*chkpm=MALL*page=11","productCode":"037282"}
[oreilly:crawl:http] [184/1290] 035328 Bag £1 Shaws Mixed Balls Pmp — 200 in 515ms {"url":"https://order.oreillyswholesale.com/products/DetailsPortal.asp?product_code=035328&Page=Products&BreadPath=/products/gridlist.asp?DeptCode=5*chkpm=MALL*page=11","productCode":"035328"}
[oreilly:crawl:http] [186/1290] 039667 Bag 70p Haribo Fried Eggs Pmp — 200 in 716ms {"url":"https://order.oreillyswholesale.com/products/DetailsPortal.asp?product_code=039667&Page=Products&BreadPath=/products/gridlist.asp?DeptCode=5*chkpm=MALL*page=11","productCode":"039667"}
[oreilly:crawl:http] [185/1290] 048671 Bag £1 Shaws Strawberry Bon Bons Pmp — 200 in 1841ms {"url":"https://order.oreillyswholesale.com/products/DetailsPortal.asp?product_code=048671&Page=Products&BreadPath=/products/gridlist.asp?DeptCode=5*chkpm=MALL*page=11","productCode":"048671"}
[oreilly:crawl:http] [187/1290] 039664 Bag 70p Haribo Giant Strawbs Pmp — 200 in 427ms {"url":"https://order.oreillyswholesale.com/products/DetailsPortal.asp?product_code=039664&Page=Products&BreadPath=/products/gridlist.asp?DeptCode=5*chkpm=MALL*page=11","productCode":"039664"}
[oreilly:crawl:http] [188/1290] 039666 Bag 70p Haribo Jelly Babies Pmp — 200 in 683ms {"url":"https://order.oreillyswholesale.com/products/DetailsPortal.asp?product_code=039666&Page=Products&BreadPath=/products/gridlist.asp?DeptCode=5*chkpm=MALL*page=11","productCode":"039666"}
[oreilly:crawl:http] [189/1290] 039665 Bag 70p Haribo Yellow Bellies Pmp — 200 in 1757ms {"url":"https://order.oreillyswholesale.com/products/DetailsPortal.asp?product_code=039665&Page=Products&BreadPath=/products/gridlist.asp?DeptCode=5*chkpm=MALL*page=11","productCode":"039665"}
[oreilly:crawl:http] [190/1290] 042616 Bag 70p Mega Roulette Pmp — 200 in 393ms {"url":"https://order.oreillyswholesale.com/products/DetailsPortal.asp?product_code=042616&Page=Products&BreadPath=/products/gridlist.asp?DeptCode=5*chkpm=MALL*page=11","productCode":"042616"}
[oreilly:crawl:http] [191/1290] 048700 Bag Amos Peelerz - Berry Mix — 200 in 628ms {"url":"https://order.oreillyswholesale.com/products/DetailsPortal.asp?product_code=048700&Page=Products&BreadPath=/products/gridlist.asp?DeptCode=5*chkpm=MALL*page=11","productCode":"048700"}
[oreilly:crawl:http] [192/1290] 049131 Bag Amos Peelerz - Grape — 200 in 1751ms {"url":"https://order.oreillyswholesale.com/products/DetailsPortal.asp?product_code=049131&Page=Products&BreadPath=/products/gridlist.asp?DeptCode=5*chkpm=MALL*page=11","productCode":"049131"}
[oreilly:crawl:http] [193/1290] 049265 Bag Amos Peelerz - Lychee — 200 in 482ms {"url":"https://order.oreillyswholesale.com/products/DetailsPortal.asp?product_code=049265&Page=Products&BreadPath=/products/gridlist.asp?DeptCode=5*chkpm=MALL*page=11","productCode":"049265"}
[oreilly:crawl:http] [194/1290] 048701 Bag Amos Peelerz - Mango — 200 in 821ms {"url":"https://order.oreillyswholesale.com/products/DetailsPortal.asp?product_code=048701&Page=Products&BreadPath=/products/gridlist.asp?DeptCode=5*chkpm=MALL*page=11","productCode":"048701"}
[oreilly:crawl:http] [195/1290] 048702 Bag Amos Peelerz - Peach — 200 in 1845ms {"url":"https://order.oreillyswholesale.com/products/DetailsPortal.asp?product_code=048702&Page=Products&BreadPath=/products/gridlist.asp?DeptCode=5*chkpm=MALL*page=11","productCode":"048702"}
[oreilly:crawl:http] [196/1290] 048703 Bag Amos Peelerz - Pineapple — 200 in 459ms {"url":"https://order.oreillyswholesale.com/products/DetailsPortal.asp?product_code=048703&Page=Products&BreadPath=/products/gridlist.asp?DeptCode=5*chkpm=MALL*page=11","productCode":"048703"}
[oreilly:crawl:http] [198/1290] 040495 Bag Barratt £1.15 Dolly Mix Pmp — 200 in 707ms {"url":"https://order.oreillyswholesale.com/products/DetailsPortal.asp?product_code=040495&Page=Products&BreadPath=/products/gridlist.asp?DeptCode=5*chkpm=MALL*page=11","productCode":"040495"}
[oreilly:crawl:http] [197/1290] 049132 Bag Amos Peelerz - Raspberries — 200 in 1731ms {"url":"https://order.oreillyswholesale.com/products/DetailsPortal.asp?product_code=049132&Page=Products&BreadPath=/products/gridlist.asp?DeptCode=5*chkpm=MALL*page=11","productCode":"049132"}
[oreilly:crawl:http] [199/1290] 048838 Bag Barratt £1.15 Flump Hearts Pmp — 200 in 500ms {"url":"https://order.oreillyswholesale.com/products/DetailsPortal.asp?product_code=048838&Page=Products&BreadPath=/products/gridlist.asp?DeptCode=5*chkpm=MALL*page=11","productCode":"048838"}
[oreilly:crawl:http] [200/1290] 048841 Bag Barratt £1.15 Fruit Salad Duo Fruity Pmp — 200 in 808ms {"url":"https://order.oreillyswholesale.com/products/DetailsPortal.asp?product_code=048841&Page=Products&BreadPath=/products/gridlist.asp?DeptCode=5*chkpm=MALL*page=12","productCode":"048841"}
[oreilly:crawl:http] [201/1290] 048840 Bag Barratt £1.15 Fruit Salad Squishy Sunburst Pmp — 200 in 1729ms {"url":"https://order.oreillyswholesale.com/products/DetailsPortal.asp?product_code=048840&Page=Products&BreadPath=/products/gridlist.asp?DeptCode=5*chkpm=MALL*page=12","productCode":"048840"}
[oreilly:crawl:http] [203/1290] 040496 Bag Barratt £1.15 Milk Bottle Pmp — 200 in 420ms {"url":"https://order.oreillyswholesale.com/products/DetailsPortal.asp?product_code=040496&Page=Products&BreadPath=/products/gridlist.asp?DeptCode=5*chkpm=MALL*page=12","productCode":"040496"}
[oreilly:crawl:http] [202/1290] 048842 Bag Barratt £1.15 Fruity Mix Pmp — 200 in 718ms {"url":"https://order.oreillyswholesale.com/products/DetailsPortal.asp?product_code=048842&Page=Products&BreadPath=/products/gridlist.asp?DeptCode=5*chkpm=MALL*page=12","productCode":"048842"}
[oreilly:crawl:http] [204/1290] 041945 Bag Barratt £1.15 Mini Flumps George Pmp — 200 in 1741ms {"url":"https://order.oreillyswholesale.com/products/DetailsPortal.asp?product_code=041945&Page=Products&BreadPath=/products/gridlist.asp?DeptCode=5*chkpm=MALL*page=12","productCode":"041945"}
[oreilly:crawl:http] [206/1290] 040492 Bag Barratt £1.15 Softies Refresher Pm — 200 in 513ms {"url":"https://order.oreillyswholesale.com/products/DetailsPortal.asp?product_code=040492&Page=Products&BreadPath=/products/gridlist.asp?DeptCode=5*chkpm=MALL*page=12","productCode":"040492"}
[oreilly:crawl:http] [205/1290] 040493 Bag Barratt £1.15 Softies Fruit Salad Pmp — 200 in 916ms {"url":"https://order.oreillyswholesale.com/products/DetailsPortal.asp?product_code=040493&Page=Products&BreadPath=/products/gridlist.asp?DeptCode=5*chkpm=MALL*page=12","productCode":"040493"}
[oreilly:crawl:http] [207/1290] 040491 Bag Barratt £1.15 Wham Space Babies Pmp — 200 in 1716ms {"url":"https://order.oreillyswholesale.com/products/DetailsPortal.asp?product_code=040491&Page=Products&BreadPath=/products/gridlist.asp?DeptCode=5*chkpm=MALL*page=12","productCode":"040491"}
[oreilly:crawl:http] [208/1290] 048833 Bag Barratt £1.15 Wham Tangy Rockets Pmp — 200 in 515ms {"url":"https://order.oreillyswholesale.com/products/DetailsPortal.asp?product_code=048833&Page=Products&BreadPath=/products/gridlist.asp?DeptCode=5*chkpm=MALL*page=12","productCode":"048833"}
[oreilly:crawl:http] [210/1290] 048227 Bag Barratt Fizzy Cola Bottles — 200 in 719ms {"url":"https://order.oreillyswholesale.com/products/DetailsPortal.asp?product_code=048227&Page=Products&BreadPath=/products/gridlist.asp?DeptCode=5*chkpm=MALL*page=12","productCode":"048227"}
[oreilly:crawl:http] [209/1290] 040494 Bag Barratt £1.15 Whamtastics Pmp — 200 in 1743ms {"url":"https://order.oreillyswholesale.com/products/DetailsPortal.asp?product_code=040494&Page=Products&BreadPath=/products/gridlist.asp?DeptCode=5*chkpm=MALL*page=12","productCode":"040494"}
[oreilly:crawl:http] [211/1290] 048224 Bag Barratt Fruit Pastilles — 200 in 430ms {"url":"https://order.oreillyswholesale.com/products/DetailsPortal.asp?product_code=048224&Page=Products&BreadPath=/products/gridlist.asp?DeptCode=5*chkpm=MALL*page=12","productCode":"048224"}
[oreilly:crawl:http] [212/1290] 048226 Bag Barratt Jelly Babies — 200 in 691ms {"url":"https://order.oreillyswholesale.com/products/DetailsPortal.asp?product_code=048226&Page=Products&BreadPath=/products/gridlist.asp?DeptCode=5*chkpm=MALL*page=12","productCode":"048226"}
[oreilly:crawl:http] [213/1290] 048222 Bag Barratt Magic Mix — 200 in 1761ms {"url":"https://order.oreillyswholesale.com/products/DetailsPortal.asp?product_code=048222&Page=Products&BreadPath=/products/gridlist.asp?DeptCode=5*chkpm=MALL*page=12","productCode":"048222"}
[oreilly:crawl:http] [214/1290] 048752 Bag Barratt Mario Cola Loops — 200 in 445ms {"url":"https://order.oreillyswholesale.com/products/DetailsPortal.asp?product_code=048752&Page=Products&BreadPath=/products/gridlist.asp?DeptCode=5*chkpm=MALL*page=12","productCode":"048752"}
[oreilly:crawl:http] [215/1290] 048753 Bag Barratt Mario Mini Rings — 200 in 631ms {"url":"https://order.oreillyswholesale.com/products/DetailsPortal.asp?product_code=048753&Page=Products&BreadPath=/products/gridlist.asp?DeptCode=5*chkpm=MALL*page=12","productCode":"048753"}
[oreilly:crawl:http] [216/1290] 048286 Bag Barratt Milk Teeth — 200 in 1844ms {"url":"https://order.oreillyswholesale.com/products/DetailsPortal.asp?product_code=048286&Page=Products&BreadPath=/products/gridlist.asp?DeptCode=5*chkpm=MALL*page=12","productCode":"048286"}
[oreilly:crawl:http] [217/1290] 048401 Bag Barratt Mini Flumps — 200 in 499ms {"url":"https://order.oreillyswholesale.com/products/DetailsPortal.asp?product_code=048401&Page=Products&BreadPath=/products/gridlist.asp?DeptCode=5*chkpm=MALL*page=12","productCode":"048401"}
[oreilly:crawl:http] [218/1290] 048228 Bag Barratt Sour Rings — 200 in 806ms {"url":"https://order.oreillyswholesale.com/products/DetailsPortal.asp?product_code=048228&Page=Products&BreadPath=/products/gridlist.asp?DeptCode=5*chkpm=MALL*page=12","productCode":"048228"}
[oreilly:crawl:http] [219/1290] 048223 Bag Barratt Tangy Sourz — 200 in 1830ms {"url":"https://order.oreillyswholesale.com/products/DetailsPortal.asp?product_code=048223&Page=Products&BreadPath=/products/gridlist.asp?DeptCode=5*chkpm=MALL*page=12","productCode":"048223"}
[oreilly:crawl:http] [220/1290] 044189 Bag Barratt Whamtastics — 200 in 469ms {"url":"https://order.oreillyswholesale.com/products/DetailsPortal.asp?product_code=044189&Page=Products&BreadPath=/products/gridlist.asp?DeptCode=5*chkpm=MALL*page=12","productCode":"044189"}
[oreilly:crawl:http] [221/1290] 048225 Bag Barratt Wine Gums — 200 in 694ms {"url":"https://order.oreillyswholesale.com/products/DetailsPortal.asp?product_code=048225&Page=Products&BreadPath=/products/gridlist.asp?DeptCode=5*chkpm=MALL*page=12","productCode":"048225"}
[oreilly:crawl:http] [222/1290] 048184 Bag Bassett Murray Mints — 200 in 1820ms {"url":"https://order.oreillyswholesale.com/products/DetailsPortal.asp?product_code=048184&Page=Products&BreadPath=/products/gridlist.asp?DeptCode=5*chkpm=MALL*page=12","productCode":"048184"}
[oreilly:crawl:http] [224/1290] 043792 Bag Buchanans Blackcurrant & Liquorice — 200 in 494ms {"url":"https://order.oreillyswholesale.com/products/DetailsPortal.asp?product_code=043792&Page=Products&BreadPath=/products/gridlist.asp?DeptCode=5*chkpm=MALL*page=12","productCode":"043792"}
[oreilly:crawl:http] [223/1290] 048182 Bag Bassett Sherbet Lemons — 200 in 727ms {"url":"https://order.oreillyswholesale.com/products/DetailsPortal.asp?product_code=048182&Page=Products&BreadPath=/products/gridlist.asp?DeptCode=5*chkpm=MALL*page=12","productCode":"048182"}
[oreilly:crawl:http] [225/1290] 043791 Bag Buchanans Butter Mints — 200 in 1824ms {"url":"https://order.oreillyswholesale.com/products/DetailsPortal.asp?product_code=043791&Page=Products&BreadPath=/products/gridlist.asp?DeptCode=5*chkpm=MALL*page=12","productCode":"043791"}
[oreilly:crawl:http] [226/1290] 043790 Bag Buchanans Butter Toffees — 200 in 483ms {"url":"https://order.oreillyswholesale.com/products/DetailsPortal.asp?product_code=043790&Page=Products&BreadPath=/products/gridlist.asp?DeptCode=5*chkpm=MALL*page=12","productCode":"043790"}
[oreilly:crawl:http] [228/1290] 043793 Bag Buchanans Chocolate Peppermint Creams — 200 in 808ms {"url":"https://order.oreillyswholesale.com/products/DetailsPortal.asp?product_code=043793&Page=Products&BreadPath=/products/gridlist.asp?DeptCode=5*chkpm=MALL*page=12","productCode":"043793"}
[oreilly:crawl:http] [227/1290] 043794 Bag Buchanans Chocolate Dipped Fudge — 200 in 1933ms {"url":"https://order.oreillyswholesale.com/products/DetailsPortal.asp?product_code=043794&Page=Products&BreadPath=/products/gridlist.asp?DeptCode=5*chkpm=MALL*page=12","productCode":"043794"}
[oreilly:crawl:http] [229/1290] 043795 Bag Buchanans Dark Chocolate Caramels — 200 in 400ms {"url":"https://order.oreillyswholesale.com/products/DetailsPortal.asp?product_code=043795&Page=Products&BreadPath=/products/gridlist.asp?DeptCode=5*chkpm=MALL*page=12","productCode":"043795"}
[oreilly:crawl:http] [230/1290] 043796 Bag Buchanans Forest Fruit Jellies — 200 in 668ms {"url":"https://order.oreillyswholesale.com/products/DetailsPortal.asp?product_code=043796&Page=Products&BreadPath=/products/gridlist.asp?DeptCode=5*chkpm=MALL*page=12","productCode":"043796"}
[oreilly:crawl:http] [231/1290] 043801 Bag Buchanans Iron Brew Humbugs — 200 in 1732ms {"url":"https://order.oreillyswholesale.com/products/DetailsPortal.asp?product_code=043801&Page=Products&BreadPath=/products/gridlist.asp?DeptCode=5*chkpm=MALL*page=12","productCode":"043801"}
[oreilly:crawl:http] [233/1290] 043797 Bag Buchanans Liquorice Toffees — 200 in 411ms {"url":"https://order.oreillyswholesale.com/products/DetailsPortal.asp?product_code=043797&Page=Products&BreadPath=/products/gridlist.asp?DeptCode=5*chkpm=MALL*page=12","productCode":"043797"}
[oreilly:crawl:http] [232/1290] 043800 Bag Buchanans Iron Brew Pastilles — 200 in 719ms {"url":"https://order.oreillyswholesale.com/products/DetailsPortal.asp?product_code=043800&Page=Products&BreadPath=/products/gridlist.asp?DeptCode=5*chkpm=MALL*page=12","productCode":"043800"}
[oreilly:crawl:http] [234/1290] 043799 Bag Buchanans Milk Chocolate Caramels — 200 in 1818ms {"url":"https://order.oreillyswholesale.com/products/DetailsPortal.asp?product_code=043799&Page=Products&BreadPath=/products/gridlist.asp?DeptCode=5*chkpm=MALL*page=12","productCode":"043799"}
[oreilly:crawl:http] [235/1290] 043798 Bag Buchanans Mint Crumbles — 200 in 411ms {"url":"https://order.oreillyswholesale.com/products/DetailsPortal.asp?product_code=043798&Page=Products&BreadPath=/products/gridlist.asp?DeptCode=5*chkpm=MALL*page=12","productCode":"043798"}
[oreilly:crawl:http] [236/1290] 043803 Bag Buchanans Treacle Toffees — 200 in 719ms {"url":"https://order.oreillyswholesale.com/products/DetailsPortal.asp?product_code=043803&Page=Products&BreadPath=/products/gridlist.asp?DeptCode=5*chkpm=MALL*page=12","productCode":"043803"}
[oreilly:crawl:http] [237/1290] 043802 Bag Buchanans Vanilla Fudge — 200 in 1836ms {"url":"https://order.oreillyswholesale.com/products/DetailsPortal.asp?product_code=043802&Page=Products&BreadPath=/products/gridlist.asp?DeptCode=5*chkpm=MALL*page=12","productCode":"043802"}
[oreilly:crawl:http] [238/1290] 011913 Bag Campbell Aniseed Balls — 200 in 407ms {"url":"https://order.oreillyswholesale.com/products/DetailsPortal.asp?product_code=011913&Page=Products&BreadPath=/products/gridlist.asp?DeptCode=5*chkpm=MALL*page=12","productCode":"011913"}
[oreilly:crawl:http] [239/1290] 011907 Bag Campbell Apple Tarts — 200 in 768ms {"url":"https://order.oreillyswholesale.com/products/DetailsPortal.asp?product_code=011907&Page=Products&BreadPath=/products/gridlist.asp?DeptCode=5*chkpm=MALL*page=12","productCode":"011907"}
[oreilly:crawl:http] [240/1290] 011904 Bag Campbell Barley Sugar — 200 in 1894ms {"url":"https://order.oreillyswholesale.com/products/DetailsPortal.asp?product_code=011904&Page=Products&BreadPath=/products/gridlist.asp?DeptCode=5*chkpm=MALL*page=12","productCode":"011904"}
[oreilly:crawl:http] [241/1290] 011914 Bag Campbell Brandy Balls — 200 in 413ms {"url":"https://order.oreillyswholesale.com/products/DetailsPortal.asp?product_code=011914&Page=Products&BreadPath=/products/gridlist.asp?DeptCode=5*chkpm=MALL*page=12","productCode":"011914"}
[oreilly:crawl:http] [243/1290] 011917 Bag Campbell Clove Drops — 200 in 525ms {"url":"https://order.oreillyswholesale.com/products/DetailsPortal.asp?product_code=011917&Page=Products&BreadPath=/products/gridlist.asp?DeptCode=5*chkpm=MALL*page=12","productCode":"011917"}
[oreilly:crawl:http] [242/1290] 011905 Bag Campbell Choc Lime — 200 in 703ms {"url":"https://order.oreillyswholesale.com/products/DetailsPortal.asp?product_code=011905&Page=Products&BreadPath=/products/gridlist.asp?DeptCode=5*chkpm=MALL*page=12","productCode":"011905"}
[oreilly:crawl:http] [244/1290] 011908 Bag Campbell Everton Mints — 200 in 410ms {"url":"https://order.oreillyswholesale.com/products/DetailsPortal.asp?product_code=011908&Page=Products&BreadPath=/products/gridlist.asp?DeptCode=5*chkpm=MALL*page=12","productCode":"011908"}
[oreilly:crawl:http] [245/1290] 029638 Bag Campbell Fruit Jellies — 200 in 718ms {"url":"https://order.oreillyswholesale.com/products/DetailsPortal.asp?product_code=029638&Page=Products&BreadPath=/products/gridlist.asp?DeptCode=5*chkpm=MALL*page=12","productCode":"029638"}
[oreilly:crawl:http] [246/1290] 034121 Bag Cc Factory Flying Saucers Non Pm — 200 in 1742ms {"url":"https://order.oreillyswholesale.com/products/DetailsPortal.asp?product_code=034121&Page=Products&BreadPath=/products/gridlist.asp?DeptCode=5*chkpm=MALL*page=12","productCode":"034121"}
[oreilly:crawl:http] [247/1290] 041588 Bag Cc Factory Meerkats Jelly Sweets — 200 in 418ms {"url":"https://order.oreillyswholesale.com/products/DetailsPortal.asp?product_code=041588&Page=Products&BreadPath=/products/gridlist.asp?DeptCode=5*chkpm=MALL*page=12","productCode":"041588"}
[oreilly:crawl:http] [248/1290] 040303 Bag Cc Factory Tongue Painters Jellys Bag — 200 in 704ms {"url":"https://order.oreillyswholesale.com/products/DetailsPortal.asp?product_code=040303&Page=Products&BreadPath=/products/gridlist.asp?DeptCode=5*chkpm=MALL*page=12","productCode":"040303"}
[oreilly:crawl:http] [249/1290] 048936 Bag Chupa Chup Minis £1.25 Best Of Pmp — 200 in 1728ms {"url":"https://order.oreillyswholesale.com/products/DetailsPortal.asp?product_code=048936&Page=Products&BreadPath=/products/gridlist.asp?DeptCode=5*chkpm=MALL*page=12","productCode":"048936"}
[oreilly:crawl:http] [250/1290] 047094 Bag Cyclops Eyeballs Gummies — 200 in 411ms {"url":"https://order.oreillyswholesale.com/products/DetailsPortal.asp?product_code=047094&Page=Products&BreadPath=/products/gridlist.asp?DeptCode=5*chkpm=MALL*page=13","productCode":"047094"}
[oreilly:crawl:http] [251/1290] 040372 Bag Foxs £1 Fruits Hanging Pmp — 200 in 669ms {"url":"https://order.oreillyswholesale.com/products/DetailsPortal.asp?product_code=040372&Page=Products&BreadPath=/products/gridlist.asp?DeptCode=5*chkpm=MALL*page=13","productCode":"040372"}
[oreilly:crawl:http] [252/1290] 040371 Bag Foxs £1 Mint Hanging Pmp — 200 in 1721ms {"url":"https://order.oreillyswholesale.com/products/DetailsPortal.asp?product_code=040371&Page=Products&BreadPath=/products/gridlist.asp?DeptCode=5*chkpm=MALL*page=13","productCode":"040371"}
[oreilly:crawl:http] [253/1290] 048917 Bag Fruittella £1.25 Berries & Cherries Pmp — 200 in 514ms {"url":"https://order.oreillyswholesale.com/products/DetailsPortal.asp?product_code=048917&Page=Products&BreadPath=/products/gridlist.asp?DeptCode=5*chkpm=MALL*page=13","productCode":"048917"}
[oreilly:crawl:http] [254/1290] 040609 Bag Fruittella £1.25 Duo Stix Pmp — 200 in 718ms {"url":"https://order.oreillyswholesale.com/products/DetailsPortal.asp?product_code=040609&Page=Products&BreadPath=/products/gridlist.asp?DeptCode=5*chkpm=MALL*page=13","productCode":"040609"}
[oreilly:crawl:http] [255/1290] 040370 Bag Fruittella £1.25 Juicy Chews Pmp — 200 in 1793ms {"url":"https://order.oreillyswholesale.com/products/DetailsPortal.asp?product_code=040370&Page=Products&BreadPath=/products/gridlist.asp?DeptCode=5*chkpm=MALL*page=13","productCode":"040370"}
[oreilly:crawl:http] [256/1290] 048788 Bag Fruittella £1.25 Strawberry Mix Fruit Pmp — 200 in 435ms {"url":"https://order.oreillyswholesale.com/products/DetailsPortal.asp?product_code=048788&Page=Products&BreadPath=/products/gridlist.asp?DeptCode=5*chkpm=MALL*page=13","productCode":"048788"}
[oreilly:crawl:http] [258/1290] 041549 Bag Fruittella Duo Stix — 200 in 683ms {"url":"https://order.oreillyswholesale.com/products/DetailsPortal.asp?product_code=041549&Page=Products&BreadPath=/products/gridlist.asp?DeptCode=5*chkpm=MALL*page=13","productCode":"041549"}
[oreilly:crawl:http] [257/1290] 040610 Bag Fruittella £1.25 Summer Fruit Pmp — 200 in 1752ms {"url":"https://order.oreillyswholesale.com/products/DetailsPortal.asp?product_code=040610&Page=Products&BreadPath=/products/gridlist.asp?DeptCode=5*chkpm=MALL*page=13","productCode":"040610"}
[oreilly:crawl:http] [259/1290] 039641 Bag Haribo £1.25 Balla Bites Pmp — 200 in 405ms {"url":"https://order.oreillyswholesale.com/products/DetailsPortal.asp?product_code=039641&Page=Products&BreadPath=/products/gridlist.asp?DeptCode=5*chkpm=MALL*page=13","productCode":"039641"}
[oreilly:crawl:http] [261/1290] 039642 Bag Haribo £1.25 Balla Stixx Strawb — 200 in 514ms {"url":"https://order.oreillyswholesale.com/products/DetailsPortal.asp?product_code=039642&Page=Products&BreadPath=/products/gridlist.asp?DeptCode=5*chkpm=MALL*page=13","productCode":"039642"}
[oreilly:crawl:http] [260/1290] 049292 Bag Haribo £1.25 Balla Bites Zing Pmp — 200 in 813ms {"url":"https://order.oreillyswholesale.com/products/DetailsPortal.asp?product_code=049292&Page=Products&BreadPath=/products/gridlist.asp?DeptCode=5*chkpm=MALL*page=13","productCode":"049292"}
[oreilly:crawl:http] [262/1290] 046134 Bag Haribo £1.25 Bubblegum Bottles — 200 in 502ms {"url":"https://order.oreillyswholesale.com/products/DetailsPortal.asp?product_code=046134&Page=Products&BreadPath=/products/gridlist.asp?DeptCode=5*chkpm=MALL*page=13","productCode":"046134"}
[oreilly:crawl:http] [264/1290] 048464 Bag Haribo £1.25 Football Frenzy Pmp — 200 in 706ms {"url":"https://order.oreillyswholesale.com/products/DetailsPortal.asp?product_code=048464&Page=Products&BreadPath=/products/gridlist.asp?DeptCode=5*chkpm=MALL*page=13","productCode":"048464"}
[oreilly:crawl:http] [263/1290] 039644 Bag Haribo £1.25 Chamallows Pmp — 200 in 1816ms {"url":"https://order.oreillyswholesale.com/products/DetailsPortal.asp?product_code=039644&Page=Products&BreadPath=/products/gridlist.asp?DeptCode=5*chkpm=MALL*page=13","productCode":"039644"}
[oreilly:crawl:http] [265/1290] 040423 Bag Haribo £1.25 Giant Strawbs Pmp — 200 in 400ms {"url":"https://order.oreillyswholesale.com/products/DetailsPortal.asp?product_code=040423&Page=Products&BreadPath=/products/gridlist.asp?DeptCode=5*chkpm=MALL*page=13","productCode":"040423"}
[oreilly:crawl:http] [267/1290] 039647 Bag Haribo £1.25 Gold Bears Pmp — 200 in 655ms {"url":"https://order.oreillyswholesale.com/products/DetailsPortal.asp?product_code=039647&Page=Products&BreadPath=/products/gridlist.asp?DeptCode=5*chkpm=MALL*page=13","productCode":"039647"}
[oreilly:crawl:http] [266/1290] 049293 Bag Haribo £1.25 Gold Bears Fruit Lolly Faves Pmp — 200 in 1845ms {"url":"https://order.oreillyswholesale.com/products/DetailsPortal.asp?product_code=049293&Page=Products&BreadPath=/products/gridlist.asp?DeptCode=5*chkpm=MALL*page=13","productCode":"049293"}
[oreilly:crawl:http] [268/1290] 039648 Bag Haribo £1.25 Happy Cola Pmp — 200 in 513ms {"url":"https://order.oreillyswholesale.com/products/DetailsPortal.asp?product_code=039648&Page=Products&BreadPath=/products/gridlist.asp?DeptCode=5*chkpm=MALL*page=13","productCode":"039648"}
[oreilly:crawl:http] [270/1290] 039649 Bag Haribo £1.25 Jelly Babies Pmp — 200 in 819ms {"url":"https://order.oreillyswholesale.com/products/DetailsPortal.asp?product_code=039649&Page=Products&BreadPath=/products/gridlist.asp?DeptCode=5*chkpm=MALL*page=13","productCode":"039649"}
[oreilly:crawl:http] [269/1290] 043114 Bag Haribo £1.25 Happy Cola Zing Pm — 200 in 1843ms {"url":"https://order.oreillyswholesale.com/products/DetailsPortal.asp?product_code=043114&Page=Products&BreadPath=/products/gridlist.asp?DeptCode=5*chkpm=MALL*page=13","productCode":"043114"}
[oreilly:crawl:http] [271/1290] 039650 Bag Haribo £1.25 Jelly Beans Pmp — 200 in 409ms {"url":"https://order.oreillyswholesale.com/products/DetailsPortal.asp?product_code=039650&Page=Products&BreadPath=/products/gridlist.asp?DeptCode=5*chkpm=MALL*page=13","productCode":"039650"}
[oreilly:crawl:http] [272/1290] 039651 Bag Haribo £1.25 Mao Mix Pmp — 200 in 820ms {"url":"https://order.oreillyswholesale.com/products/DetailsPortal.asp?product_code=039651&Page=Products&BreadPath=/products/gridlist.asp?DeptCode=5*chkpm=MALL*page=13","productCode":"039651"}
[oreilly:crawl:http] [273/1290] 048465 Bag Haribo £1.25 Maoam Football Fun Pmp — 200 in 1845ms {"url":"https://order.oreillyswholesale.com/products/DetailsPortal.asp?product_code=048465&Page=Products&BreadPath=/products/gridlist.asp?DeptCode=5*chkpm=MALL*page=13","productCode":"048465"}
[oreilly:crawl:http] [274/1290] 039652 Bag Haribo £1.25 Maoam Joystixx Pmp — 200 in 510ms {"url":"https://order.oreillyswholesale.com/products/DetailsPortal.asp?product_code=039652&Page=Products&BreadPath=/products/gridlist.asp?DeptCode=5*chkpm=MALL*page=13","productCode":"039652"}
[oreilly:crawl:http] [275/1290] 044324 Bag Haribo £1.25 Maoam Pinballs Blue Pmp — 200 in 718ms {"url":"https://order.oreillyswholesale.com/products/DetailsPortal.asp?product_code=044324&Page=Products&BreadPath=/products/gridlist.asp?DeptCode=5*chkpm=MALL*page=13","productCode":"044324"}
[oreilly:crawl:http] [276/1290] 039653 Bag Haribo £1.25 Maoam Pinballs Pmp — 200 in 1844ms {"url":"https://order.oreillyswholesale.com/products/DetailsPortal.asp?product_code=039653&Page=Products&BreadPath=/products/gridlist.asp?DeptCode=5*chkpm=MALL*page=13","productCode":"039653"}
[oreilly:crawl:http] [277/1290] 039654 Bag Haribo £1.25 Maoam Stripes Pmp — 200 in 481ms {"url":"https://order.oreillyswholesale.com/products/DetailsPortal.asp?product_code=039654&Page=Products&BreadPath=/products/gridlist.asp?DeptCode=5*chkpm=MALL*page=13","productCode":"039654"}
[oreilly:crawl:http] [278/1290] 039656 Bag Haribo £1.25 Milkshakes Pmp — 200 in 701ms {"url":"https://order.oreillyswholesale.com/products/DetailsPortal.asp?product_code=039656&Page=Products&BreadPath=/products/gridlist.asp?DeptCode=5*chkpm=MALL*page=13","productCode":"039656"}
[oreilly:crawl:http] [279/1290] 045025 Bag Haribo £1.25 Nostalgix Pmp — 200 in 1826ms {"url":"https://order.oreillyswholesale.com/products/DetailsPortal.asp?product_code=045025&Page=Products&BreadPath=/products/gridlist.asp?DeptCode=5*chkpm=MALL*page=13","productCode":"045025"}
[oreilly:crawl:http] [280/1290] 039655 Bag Haribo £1.25 Rainbow Strips Zin — 200 in 431ms {"url":"https://order.oreillyswholesale.com/products/DetailsPortal.asp?product_code=039655&Page=Products&BreadPath=/products/gridlist.asp?DeptCode=5*chkpm=MALL*page=13","productCode":"039655"}
[oreilly:crawl:http] [281/1290] 048463 Bag Haribo £1.25 Rhubarb & Custard Pmp — 200 in 812ms {"url":"https://order.oreillyswholesale.com/products/DetailsPortal.asp?product_code=048463&Page=Products&BreadPath=/products/gridlist.asp?DeptCode=5*chkpm=MALL*page=13","productCode":"048463"}
[oreilly:crawl:http] [282/1290] 046132 Bag Haribo £1.25 Soda Twist Zing Pm — 200 in 1760ms {"url":"https://order.oreillyswholesale.com/products/DetailsPortal.asp?product_code=046132&Page=Products&BreadPath=/products/gridlist.asp?DeptCode=5*chkpm=MALL*page=13","productCode":"046132"}
[oreilly:crawl:http] [283/1290] 042089 Bag Haribo £1.25 Sour Sparks Pmp — 200 in 489ms {"url":"https://order.oreillyswholesale.com/products/DetailsPortal.asp?product_code=042089&Page=Products&BreadPath=/products/gridlist.asp?DeptCode=5*chkpm=MALL*page=13","productCode":"042089"}
[oreilly:crawl:http] [284/1290] 039659 Bag Haribo £1.25 Starmix Pmp — 200 in 665ms {"url":"https://order.oreillyswholesale.com/products/DetailsPortal.asp?product_code=039659&Page=Products&BreadPath=/products/gridlist.asp?DeptCode=5*chkpm=MALL*page=13","productCode":"039659"}
[oreilly:crawl:http] [285/1290] 039660 Bag Haribo £1.25 Supermix Pmp — 200 in 1741ms {"url":"https://order.oreillyswholesale.com/products/DetailsPortal.asp?product_code=039660&Page=Products&BreadPath=/products/gridlist.asp?DeptCode=5*chkpm=MALL*page=13","productCode":"039660"}
[oreilly:crawl:http] [286/1290] 039661 Bag Haribo £1.25 Tangfastics Pmp — 200 in 414ms {"url":"https://order.oreillyswholesale.com/products/DetailsPortal.asp?product_code=039661&Page=Products&BreadPath=/products/gridlist.asp?DeptCode=5*chkpm=MALL*page=13","productCode":"039661"}
[oreilly:crawl:http] [287/1290] 042090 Bag Haribo £1.25 Twin Snakes Pmp — 200 in 673ms {"url":"https://order.oreillyswholesale.com/products/DetailsPortal.asp?product_code=042090&Page=Products&BreadPath=/products/gridlist.asp?DeptCode=5*chkpm=MALL*page=13","productCode":"042090"}
[oreilly:crawl:http] [288/1290] 039663 Bag Haribo £1.25 Wine Gums Pmp — 200 in 1742ms {"url":"https://order.oreillyswholesale.com/products/DetailsPortal.asp?product_code=039663&Page=Products&BreadPath=/products/gridlist.asp?DeptCode=5*chkpm=MALL*page=13","productCode":"039663"}
[oreilly:crawl:http] [290/1290] 011922 Bag Haribo Giant Strawbs — 200 in 475ms {"url":"https://order.oreillyswholesale.com/products/DetailsPortal.asp?product_code=011922&Page=Products&BreadPath=/products/gridlist.asp?DeptCode=5*chkpm=MALL*page=13","productCode":"011922"}
[oreilly:crawl:http] [289/1290] 029609 Bag Haribo Chamallows — 200 in 715ms {"url":"https://order.oreillyswholesale.com/products/DetailsPortal.asp?product_code=029609&Page=Products&BreadPath=/products/gridlist.asp?DeptCode=5*chkpm=MALL*page=13","productCode":"029609"}
[oreilly:crawl:http] [291/1290] 033947 Bag Haribo Gold Bears — 200 in 1704ms {"url":"https://order.oreillyswholesale.com/products/DetailsPortal.asp?product_code=033947&Page=Products&BreadPath=/products/gridlist.asp?DeptCode=5*chkpm=MALL*page=13","productCode":"033947"}
[oreilly:crawl:http] [292/1290] 042088 Bag Haribo Happy Cherries Zing — 200 in 412ms {"url":"https://order.oreillyswholesale.com/products/DetailsPortal.asp?product_code=042088&Page=Products&BreadPath=/products/gridlist.asp?DeptCode=5*chkpm=MALL*page=13","productCode":"042088"}
[oreilly:crawl:http] [293/1290] 043900 Bag Haribo Happy Cola — 200 in 820ms {"url":"https://order.oreillyswholesale.com/products/DetailsPortal.asp?product_code=043900&Page=Products&BreadPath=/products/gridlist.asp?DeptCode=5*chkpm=MALL*page=13","productCode":"043900"}
[oreilly:crawl:http] [294/1290] 043901 Bag Haribo Happy Cola Zing — 200 in 1709ms {"url":"https://order.oreillyswholesale.com/products/DetailsPortal.asp?product_code=043901&Page=Products&BreadPath=/products/gridlist.asp?DeptCode=5*chkpm=MALL*page=13","productCode":"043901"}
[oreilly:crawl:http] [295/1290] 043902 Bag Haribo Jelly Babies — 200 in 417ms {"url":"https://order.oreillyswholesale.com/products/DetailsPortal.asp?product_code=043902&Page=Products&BreadPath=/products/gridlist.asp?DeptCode=5*chkpm=MALL*page=13","productCode":"043902"}
[oreilly:crawl:http] [296/1290] 038079 Bag Haribo Maoam Joystixx — 200 in 697ms {"url":"https://order.oreillyswholesale.com/products/DetailsPortal.asp?product_code=038079&Page=Products&BreadPath=/products/gridlist.asp?DeptCode=5*chkpm=MALL*page=13","productCode":"038079"}
[oreilly:crawl:http] [297/1290] 038078 Bag Haribo Maoam Mao Mixx — 200 in 1762ms {"url":"https://order.oreillyswholesale.com/products/DetailsPortal.asp?product_code=038078&Page=Products&BreadPath=/products/gridlist.asp?DeptCode=5*chkpm=MALL*page=13","productCode":"038078"}
[oreilly:crawl:http] [298/1290] 038080 Bag Haribo Maoam Pinballs — 200 in 551ms {"url":"https://order.oreillyswholesale.com/products/DetailsPortal.asp?product_code=038080&Page=Products&BreadPath=/products/gridlist.asp?DeptCode=5*chkpm=MALL*page=13","productCode":"038080"}
[oreilly:crawl:http] [299/1290] 038081 Bag Haribo Maoam Stripes — 200 in 662ms {"url":"https://order.oreillyswholesale.com/products/DetailsPortal.asp?product_code=038081&Page=Products&BreadPath=/products/gridlist.asp?DeptCode=5*chkpm=MALL*page=13","productCode":"038081"}
[oreilly:crawl:http] [300/1290] 043903 Bag Haribo Milkshakes — 200 in 1775ms {"url":"https://order.oreillyswholesale.com/products/DetailsPortal.asp?product_code=043903&Page=Products&BreadPath=/products/gridlist.asp?DeptCode=5*chkpm=MALL*page=14","productCode":"043903"}
[oreilly:products:sync] progress 300/1290 (23%) — ok 300, failed 0, lanes 3, elapsed 3m 11s, ETA 10m 32s
[oreilly:crawl:http] [301/1290] 037059 Bag Haribo Minis Share The Happy — 200 in 413ms {"url":"https://order.oreillyswholesale.com/products/DetailsPortal.asp?product_code=037059&Page=Products&BreadPath=/products/gridlist.asp?DeptCode=5*chkpm=MALL*page=14","productCode":"037059"}
[oreilly:crawl:http] [302/1290] 029439 Bag Haribo Minis Starmix — 200 in 658ms {"url":"https://order.oreillyswholesale.com/products/DetailsPortal.asp?product_code=029439&Page=Products&BreadPath=/products/gridlist.asp?DeptCode=5*chkpm=MALL*page=14","productCode":"029439"}
[oreilly:crawl:http] [303/1290] 029440 Bag Haribo Minis Tangfastic — 200 in 1753ms {"url":"https://order.oreillyswholesale.com/products/DetailsPortal.asp?product_code=029440&Page=Products&BreadPath=/products/gridlist.asp?DeptCode=5*chkpm=MALL*page=14","productCode":"029440"}
[oreilly:crawl:http] [304/1290] 045155 Bag Haribo Nostalgix — 200 in 450ms {"url":"https://order.oreillyswholesale.com/products/DetailsPortal.asp?product_code=045155&Page=Products&BreadPath=/products/gridlist.asp?DeptCode=5*chkpm=MALL*page=14","productCode":"045155"}
[oreilly:crawl:http] [306/1290] 043904 Bag Haribo Soda Twist Zing — 200 in 702ms {"url":"https://order.oreillyswholesale.com/products/DetailsPortal.asp?product_code=043904&Page=Products&BreadPath=/products/gridlist.asp?DeptCode=5*chkpm=MALL*page=14","productCode":"043904"}
[oreilly:crawl:http] [305/1290] 043905 Bag Haribo Soda Sparks — 200 in 1780ms {"url":"https://order.oreillyswholesale.com/products/DetailsPortal.asp?product_code=043905&Page=Products&BreadPath=/products/gridlist.asp?DeptCode=5*chkpm=MALL*page=14","productCode":"043905"}
[oreilly:crawl:http] [307/1290] 033963 Bag Haribo Squidgy Strawbs — 200 in 412ms {"url":"https://order.oreillyswholesale.com/products/DetailsPortal.asp?product_code=033963&Page=Products&BreadPath=/products/gridlist.asp?DeptCode=5*chkpm=MALL*page=14","productCode":"033963"}
[oreilly:crawl:http] [308/1290] 033964 Bag Haribo Starmix — 200 in 706ms {"url":"https://order.oreillyswholesale.com/products/DetailsPortal.asp?product_code=033964&Page=Products&BreadPath=/products/gridlist.asp?DeptCode=5*chkpm=MALL*page=14","productCode":"033964"}
[oreilly:crawl:http] [309/1290] 033967 Bag Haribo Super Mix — 200 in 1739ms {"url":"https://order.oreillyswholesale.com/products/DetailsPortal.asp?product_code=033967&Page=Products&BreadPath=/products/gridlist.asp?DeptCode=5*chkpm=MALL*page=14","productCode":"033967"}
[oreilly:crawl:http] [311/1290] 043906 Bag Haribo Twin Snakes — 200 in 400ms {"url":"https://order.oreillyswholesale.com/products/DetailsPortal.asp?product_code=043906&Page=Products&BreadPath=/products/gridlist.asp?DeptCode=5*chkpm=MALL*page=14","productCode":"043906"}
[oreilly:crawl:http] [310/1290] 033970 Bag Haribo Tangfastics — 200 in 809ms {"url":"https://order.oreillyswholesale.com/products/DetailsPortal.asp?product_code=033970&Page=Products&BreadPath=/products/gridlist.asp?DeptCode=5*chkpm=MALL*page=14","productCode":"033970"}
[oreilly:crawl:http] [312/1290] 033972 Bag Haribo Wine Gums — 200 in 1731ms {"url":"https://order.oreillyswholesale.com/products/DetailsPortal.asp?product_code=033972&Page=Products&BreadPath=/products/gridlist.asp?DeptCode=5*chkpm=MALL*page=14","productCode":"033972"}
[oreilly:crawl:http] [314/1290] 043606 Bag Lion £1.25 Gums Fruit Salad Pmp — 200 in 514ms {"url":"https://order.oreillyswholesale.com/products/DetailsPortal.asp?product_code=043606&Page=Products&BreadPath=/products/gridlist.asp?DeptCode=5*chkpm=MALL*page=14","productCode":"043606"}
[oreilly:crawl:http] [313/1290] 043605 Bag Lion £1.25 Gums Football Pmp — 200 in 696ms {"url":"https://order.oreillyswholesale.com/products/DetailsPortal.asp?product_code=043605&Page=Products&BreadPath=/products/gridlist.asp?DeptCode=5*chkpm=MALL*page=14","productCode":"043605"}
[oreilly:crawl:http] [315/1290] 043603 Bag Lion £1.25 Mini Gems Pmp — 200 in 1716ms {"url":"https://order.oreillyswholesale.com/products/DetailsPortal.asp?product_code=043603&Page=Products&BreadPath=/products/gridlist.asp?DeptCode=5*chkpm=MALL*page=14","productCode":"043603"}
[oreilly:crawl:http] [316/1290] 048202 Bag May £1.25 Blue Raspberry Sour Patch Kids Pmp — 200 in 513ms {"url":"https://order.oreillyswholesale.com/products/DetailsPortal.asp?product_code=048202&Page=Products&BreadPath=/products/gridlist.asp?DeptCode=5*chkpm=MALL*page=14","productCode":"048202"}
[oreilly:crawl:http] [318/1290] 048195 Bag May £1.25 Peach Sour Patch Kids Pmp — 200 in 821ms {"url":"https://order.oreillyswholesale.com/products/DetailsPortal.asp?product_code=048195&Page=Products&BreadPath=/products/gridlist.asp?DeptCode=5*chkpm=MALL*page=14","productCode":"048195"}
[oreilly:crawl:http] [317/1290] 048191 Bag May £1.25 Original Sour Patch Kids Pmp — 200 in 1713ms {"url":"https://order.oreillyswholesale.com/products/DetailsPortal.asp?product_code=048191&Page=Products&BreadPath=/products/gridlist.asp?DeptCode=5*chkpm=MALL*page=14","productCode":"048191"}
[oreilly:crawl:http] [320/1290] 048199 Bag May £1.25 Strawberry Sour Patch Kids Pmp — 200 in 512ms {"url":"https://order.oreillyswholesale.com/products/DetailsPortal.asp?product_code=048199&Page=Products&BreadPath=/products/gridlist.asp?DeptCode=5*chkpm=MALL*page=14","productCode":"048199"}
[oreilly:crawl:http] [321/1290] 048197 Bag May £1.25 Watermelon Sour Patch Kids Pmp — 200 in 718ms {"url":"https://order.oreillyswholesale.com/products/DetailsPortal.asp?product_code=048197&Page=Products&BreadPath=/products/gridlist.asp?DeptCode=5*chkpm=MALL*page=14","productCode":"048197"}
[oreilly:crawl:http] [319/1290] 048982 Bag May £1.25 Sour Patch Kids Paradise Twist Pmp — 200 in 1742ms {"url":"https://order.oreillyswholesale.com/products/DetailsPortal.asp?product_code=048982&Page=Products&BreadPath=/products/gridlist.asp?DeptCode=5*chkpm=MALL*page=14","productCode":"048982"}
[oreilly:crawl:http] [324/1290] 048174 Bag May Fruit Mix Sour Patch Kids — 200 in 471ms {"url":"https://order.oreillyswholesale.com/products/DetailsPortal.asp?product_code=048174&Page=Products&BreadPath=/products/gridlist.asp?DeptCode=5*chkpm=MALL*page=14","productCode":"048174"}
[oreilly:crawl:http] [323/1290] 048567 Bag May Cola Sour Patch Kids — 200 in 806ms {"url":"https://order.oreillyswholesale.com/products/DetailsPortal.asp?product_code=048567&Page=Products&BreadPath=/products/gridlist.asp?DeptCode=5*chkpm=MALL*page=14","productCode":"048567"}
[oreilly:crawl:http] [322/1290] 048185 Bag May Blue Raspberry Sour Patch Kids — 200 in 1727ms {"url":"https://order.oreillyswholesale.com/products/DetailsPortal.asp?product_code=048185&Page=Products&BreadPath=/products/gridlist.asp?DeptCode=5*chkpm=MALL*page=14","productCode":"048185"}
[oreilly:crawl:http] [325/1290] 048176 Bag May Original Sour Patch Kids — 200 in 473ms {"url":"https://order.oreillyswholesale.com/products/DetailsPortal.asp?product_code=048176&Page=Products&BreadPath=/products/gridlist.asp?DeptCode=5*chkpm=MALL*page=14","productCode":"048176"}
[oreilly:crawl:http] [326/1290] 048172 Bag May Peach Sour Patch Kids — 200 in 658ms {"url":"https://order.oreillyswholesale.com/products/DetailsPortal.asp?product_code=048172&Page=Products&BreadPath=/products/gridlist.asp?DeptCode=5*chkpm=MALL*page=14","productCode":"048172"}
[oreilly:crawl:http] [327/1290] 048186 Bag May Strawberry Sour Patch Kids — 200 in 1742ms {"url":"https://order.oreillyswholesale.com/products/DetailsPortal.asp?product_code=048186&Page=Products&BreadPath=/products/gridlist.asp?DeptCode=5*chkpm=MALL*page=14","productCode":"048186"}
[oreilly:crawl:http] [328/1290] 048980 Bag May Tropical Sour Patch Kids — 200 in 483ms {"url":"https://order.oreillyswholesale.com/products/DetailsPortal.asp?product_code=048980&Page=Products&BreadPath=/products/gridlist.asp?DeptCode=5*chkpm=MALL*page=14","productCode":"048980"}
[oreilly:crawl:http] [329/1290] 048180 Bag May Watermelon Sour Patch Kids — 200 in 675ms {"url":"https://order.oreillyswholesale.com/products/DetailsPortal.asp?product_code=048180&Page=Products&BreadPath=/products/gridlist.asp?DeptCode=5*chkpm=MALL*page=14","productCode":"048180"}
[oreilly:crawl:http] [330/1290] 048204 Bag Maynard Bass £1.00 Classic Fruit Mix Pmp — 200 in 1743ms {"url":"https://order.oreillyswholesale.com/products/DetailsPortal.asp?product_code=048204&Page=Products&BreadPath=/products/gridlist.asp?DeptCode=5*chkpm=MALL*page=14","productCode":"048204"}
[oreilly:crawl:http] [331/1290] 048206 Bag Maynard Bass £1.00 Fizzy Fish Gums Pmp — 200 in 513ms {"url":"https://order.oreillyswholesale.com/products/DetailsPortal.asp?product_code=048206&Page=Products&BreadPath=/products/gridlist.asp?DeptCode=5*chkpm=MALL*page=14","productCode":"048206"}
[oreilly:crawl:http] [332/1290] 048207 Bag Maynard Bass £1.00 Jelly Babies Pmp — 200 in 687ms {"url":"https://order.oreillyswholesale.com/products/DetailsPortal.asp?product_code=048207&Page=Products&BreadPath=/products/gridlist.asp?DeptCode=5*chkpm=MALL*page=14","productCode":"048207"}
[oreilly:crawl:http] [333/1290] 048291 Bag Maynard Bass £1.00 Liq Allsorts Pmp — 200 in 1742ms {"url":"https://order.oreillyswholesale.com/products/DetailsPortal.asp?product_code=048291&Page=Products&BreadPath=/products/gridlist.asp?DeptCode=5*chkpm=MALL*page=14","productCode":"048291"}
[oreilly:crawl:http] [334/1290] 048205 Bag Maynard Bass £1.00 Sports Mix Pmp — 200 in 616ms {"url":"https://order.oreillyswholesale.com/products/DetailsPortal.asp?product_code=048205&Page=Products&BreadPath=/products/gridlist.asp?DeptCode=5*chkpm=MALL*page=14","productCode":"048205"}
[oreilly:crawl:http] [335/1290] 048290 Bag Maynard Bass £1.00 Wine Gums Pmp — 200 in 710ms {"url":"https://order.oreillyswholesale.com/products/DetailsPortal.asp?product_code=048290&Page=Products&BreadPath=/products/gridlist.asp?DeptCode=5*chkpm=MALL*page=14","productCode":"048290"}
[oreilly:crawl:http] [336/1290] 043467 Bag Maynard Bass £1.35 Mini Gems Pmp — 200 in 1742ms {"url":"https://order.oreillyswholesale.com/products/DetailsPortal.asp?product_code=043467&Page=Products&BreadPath=/products/gridlist.asp?DeptCode=5*chkpm=MALL*page=14","productCode":"043467"}
[oreilly:crawl:http] [337/1290] 049365 Bag Maynard Bass Classic Fruit Mix — 200 in 449ms {"url":"https://order.oreillyswholesale.com/products/DetailsPortal.asp?product_code=049365&Page=Products&BreadPath=/products/gridlist.asp?DeptCode=5*chkpm=MALL*page=14","productCode":"049365"}
[oreilly:crawl:http] [339/1290] 048175 Bag Maynard Bass Jelly Babies — 200 in 710ms {"url":"https://order.oreillyswholesale.com/products/DetailsPortal.asp?product_code=048175&Page=Products&BreadPath=/products/gridlist.asp?DeptCode=5*chkpm=MALL*page=14","productCode":"048175"}
[oreilly:crawl:http] [338/1290] 048179 Bag Maynard Bass Fizzy Fish — 200 in 1863ms {"url":"https://order.oreillyswholesale.com/products/DetailsPortal.asp?product_code=048179&Page=Products&BreadPath=/products/gridlist.asp?DeptCode=5*chkpm=MALL*page=14","productCode":"048179"}
[oreilly:crawl:http] [341/1290] 048189 Bag Maynard Bass Liquorice Allsorts — 200 in 422ms {"url":"https://order.oreillyswholesale.com/products/DetailsPortal.asp?product_code=048189&Page=Products&BreadPath=/products/gridlist.asp?DeptCode=5*chkpm=MALL*page=14","productCode":"048189"}
[oreilly:crawl:http] [342/1290] 048177 Bag Maynard Bass Mini Gems — 200 in 820ms {"url":"https://order.oreillyswholesale.com/products/DetailsPortal.asp?product_code=048177&Page=Products&BreadPath=/products/gridlist.asp?DeptCode=5*chkpm=MALL*page=14","productCode":"048177"}
[oreilly:crawl:http] [340/1290] 043272 Bag Maynard Bass Liquorice Allsorts — 200 in 1741ms {"url":"https://order.oreillyswholesale.com/products/DetailsPortal.asp?product_code=043272&Page=Products&BreadPath=/products/gridlist.asp?DeptCode=5*chkpm=MALL*page=14","productCode":"043272"}
[oreilly:crawl:http] [343/1290] 048188 Bag Maynard Bass Sports Mix — 200 in 415ms {"url":"https://order.oreillyswholesale.com/products/DetailsPortal.asp?product_code=048188&Page=Products&BreadPath=/products/gridlist.asp?DeptCode=5*chkpm=MALL*page=14","productCode":"048188"}
[oreilly:crawl:http] [344/1290] 049364 Bag Maynard Bass Wine Gum Juicies — 200 in 710ms {"url":"https://order.oreillyswholesale.com/products/DetailsPortal.asp?product_code=049364&Page=Products&BreadPath=/products/gridlist.asp?DeptCode=5*chkpm=MALL*page=14","productCode":"049364"}
[oreilly:crawl:http] [345/1290] 048187 Bag Maynard Bass Wine Gums — 200 in 1849ms {"url":"https://order.oreillyswholesale.com/products/DetailsPortal.asp?product_code=048187&Page=Products&BreadPath=/products/gridlist.asp?DeptCode=5*chkpm=MALL*page=14","productCode":"048187"}
[oreilly:crawl:http] [346/1290] 040369 Bag Mentos £1.25 Fruits Pmp — 200 in 391ms {"url":"https://order.oreillyswholesale.com/products/DetailsPortal.asp?product_code=040369&Page=Products&BreadPath=/products/gridlist.asp?DeptCode=5*chkpm=MALL*page=14","productCode":"040369"}
[oreilly:crawl:http] [347/1290] 040368 Bag Mentos £1.25 Mints Pmp — 200 in 758ms {"url":"https://order.oreillyswholesale.com/products/DetailsPortal.asp?product_code=040368&Page=Products&BreadPath=/products/gridlist.asp?DeptCode=5*chkpm=MALL*page=14","productCode":"040368"}
[oreilly:crawl:http] [348/1290] 048576 Bag Mentos Fruit Mix — 200 in 2006ms {"url":"https://order.oreillyswholesale.com/products/DetailsPortal.asp?product_code=048576&Page=Products&BreadPath=/products/gridlist.asp?DeptCode=5*chkpm=MALL*page=14","productCode":"048576"}
[oreilly:crawl:http] [350/1290] 042495 Bag Millions £1 Mini Bites Sour Straw Bubble Mix — 200 in 417ms {"url":"https://order.oreillyswholesale.com/products/DetailsPortal.asp?product_code=042495&Page=Products&BreadPath=/products/gridlist.asp?DeptCode=5*chkpm=MALL*page=15","productCode":"042495"}
[oreilly:crawl:http] [349/1290] 042494 Bag Millions £1 Mini Bites Sour Bubblegum — 200 in 723ms {"url":"https://order.oreillyswholesale.com/products/DetailsPortal.asp?product_code=042494&Page=Products&BreadPath=/products/gridlist.asp?DeptCode=5*chkpm=MALL*page=14","productCode":"042494"}
[oreilly:crawl:http] [351/1290] 042493 Bag Millions £1 Mini Bites Sour Strawberry — 200 in 1850ms {"url":"https://order.oreillyswholesale.com/products/DetailsPortal.asp?product_code=042493&Page=Products&BreadPath=/products/gridlist.asp?DeptCode=5*chkpm=MALL*page=15","productCode":"042493"}
[oreilly:crawl:http] [352/1290] 048678 Bag Millions £1 Mini Jelly Babies Sour Mix — 200 in 409ms {"url":"https://order.oreillyswholesale.com/products/DetailsPortal.asp?product_code=048678&Page=Products&BreadPath=/products/gridlist.asp?DeptCode=5*chkpm=MALL*page=15","productCode":"048678"}
[oreilly:crawl:http] [353/1290] 041657 Bag Millions £1 Spaghetti Bubblegum — 200 in 808ms {"url":"https://order.oreillyswholesale.com/products/DetailsPortal.asp?product_code=041657&Page=Products&BreadPath=/products/gridlist.asp?DeptCode=5*chkpm=MALL*page=15","productCode":"041657"}
[oreilly:crawl:http] [354/1290] 041656 Bag Millions £1 Spaghetti Strawberry — 200 in 1832ms {"url":"https://order.oreillyswholesale.com/products/DetailsPortal.asp?product_code=041656&Page=Products&BreadPath=/products/gridlist.asp?DeptCode=5*chkpm=MALL*page=15","productCode":"041656"}
[oreilly:crawl:http] [355/1290] 045228 Bag Millions £1 Squashies American Sour — 200 in 468ms {"url":"https://order.oreillyswholesale.com/products/DetailsPortal.asp?product_code=045228&Page=Products&BreadPath=/products/gridlist.asp?DeptCode=5*chkpm=MALL*page=15","productCode":"045228"}
[oreilly:crawl:http] [356/1290] 048380 Bag Millions £1 Squishies Japanese Mix — 200 in 874ms {"url":"https://order.oreillyswholesale.com/products/DetailsPortal.asp?product_code=048380&Page=Products&BreadPath=/products/gridlist.asp?DeptCode=5*chkpm=MALL*page=15","productCode":"048380"}
[oreilly:crawl:http] [357/1290] 045427 Bag Millions £1 Watermelon Squishies Pmp — 200 in 1899ms {"url":"https://order.oreillyswholesale.com/products/DetailsPortal.asp?product_code=045427&Page=Products&BreadPath=/products/gridlist.asp?DeptCode=5*chkpm=MALL*page=15","productCode":"045427"}
[oreilly:crawl:http] [358/1290] 041092 Bag Millions £1.49 Apple — 200 in 380ms {"url":"https://order.oreillyswholesale.com/products/DetailsPortal.asp?product_code=041092&Page=Products&BreadPath=/products/gridlist.asp?DeptCode=5*chkpm=MALL*page=15","productCode":"041092"}
[oreilly:crawl:http] [359/1290] 041091 Bag Millions £1.49 Bubblegum — 200 in 680ms {"url":"https://order.oreillyswholesale.com/products/DetailsPortal.asp?product_code=041091&Page=Products&BreadPath=/products/gridlist.asp?DeptCode=5*chkpm=MALL*page=15","productCode":"041091"}
[oreilly:crawl:http] [360/1290] 041089 Bag Millions £1.49 Strawberry — 200 in 1783ms {"url":"https://order.oreillyswholesale.com/products/DetailsPortal.asp?product_code=041089&Page=Products&BreadPath=/products/gridlist.asp?DeptCode=5*chkpm=MALL*page=15","productCode":"041089"}
[oreilly:crawl:http] [361/1290] 041090 Bag Millions £1.49 Watermelon — 200 in 513ms {"url":"https://order.oreillyswholesale.com/products/DetailsPortal.asp?product_code=041090&Page=Products&BreadPath=/products/gridlist.asp?DeptCode=5*chkpm=MALL*page=15","productCode":"041090"}
[oreilly:crawl:http] [362/1290] 045594 Bag Millions Cola Jelly Babies — 200 in 821ms {"url":"https://order.oreillyswholesale.com/products/DetailsPortal.asp?product_code=045594&Page=Products&BreadPath=/products/gridlist.asp?DeptCode=5*chkpm=MALL*page=15","productCode":"045594"}
[oreilly:crawl:http] [363/1290] 045426 Bag Millions Fizzy Cola Squishies £1 Pmp — 200 in 1743ms {"url":"https://order.oreillyswholesale.com/products/DetailsPortal.asp?product_code=045426&Page=Products&BreadPath=/products/gridlist.asp?DeptCode=5*chkpm=MALL*page=15","productCode":"045426"}
[oreilly:crawl:http] [364/1290] 045593 Bag Millions Iron Brew Jelly Babies — 200 in 431ms {"url":"https://order.oreillyswholesale.com/products/DetailsPortal.asp?product_code=045593&Page=Products&BreadPath=/products/gridlist.asp?DeptCode=5*chkpm=MALL*page=15","productCode":"045593"}
[oreilly:crawl:http] [365/1290] 047019 Bag Millions Straw & B/gum Fusion Mini Bites — 200 in 693ms {"url":"https://order.oreillyswholesale.com/products/DetailsPortal.asp?product_code=047019&Page=Products&BreadPath=/products/gridlist.asp?DeptCode=5*chkpm=MALL*page=15","productCode":"047019"}
[oreilly:crawl:http] [366/1290] 045595 Bag Millions Strawberry Bubblegum Babies — 200 in 1685ms {"url":"https://order.oreillyswholesale.com/products/DetailsPortal.asp?product_code=045595&Page=Products&BreadPath=/products/gridlist.asp?DeptCode=5*chkpm=MALL*page=15","productCode":"045595"}
[oreilly:crawl:http] [367/1290] 045596 Bag Millions Vimto Jelly Babies — 200 in 456ms {"url":"https://order.oreillyswholesale.com/products/DetailsPortal.asp?product_code=045596&Page=Products&BreadPath=/products/gridlist.asp?DeptCode=5*chkpm=MALL*page=15","productCode":"045596"}
[oreilly:crawl:http] [369/1290] 047969 Bag Oatfield Glucose Barley — 200 in 540ms {"url":"https://order.oreillyswholesale.com/products/DetailsPortal.asp?product_code=047969&Page=Products&BreadPath=/products/gridlist.asp?DeptCode=5*chkpm=MALL*page=15","productCode":"047969"}
[oreilly:crawl:http] [368/1290] 048050 Bag Oatfield Eskimo Mints — 200 in 762ms {"url":"https://order.oreillyswholesale.com/products/DetailsPortal.asp?product_code=048050&Page=Products&BreadPath=/products/gridlist.asp?DeptCode=5*chkpm=MALL*page=15","productCode":"048050"}
[oreilly:crawl:http] [370/1290] 048052 Bag Oatfield Mint Humbugs — 200 in 502ms {"url":"https://order.oreillyswholesale.com/products/DetailsPortal.asp?product_code=048052&Page=Products&BreadPath=/products/gridlist.asp?DeptCode=5*chkpm=MALL*page=15","productCode":"048052"}
[oreilly:crawl:http] [371/1290] 048051 Bag Oatfield Orange Chocolate — 200 in 682ms {"url":"https://order.oreillyswholesale.com/products/DetailsPortal.asp?product_code=048051&Page=Products&BreadPath=/products/gridlist.asp?DeptCode=5*chkpm=MALL*page=15","productCode":"048051"}
[oreilly:crawl:http] [372/1290] 047938 Bag Princess Marshmallows — 200 in 1833ms {"url":"https://order.oreillyswholesale.com/products/DetailsPortal.asp?product_code=047938&Page=Products&BreadPath=/products/gridlist.asp?DeptCode=5*chkpm=MALL*page=15","productCode":"047938"}
[oreilly:crawl:http] [373/1290] 028643 Bag Princess Marshmallows + 25% Free — 200 in 422ms {"url":"https://order.oreillyswholesale.com/products/DetailsPortal.asp?product_code=028643&Page=Products&BreadPath=/products/gridlist.asp?DeptCode=5*chkpm=MALL*page=15","productCode":"028643"}
[oreilly:crawl:http] [374/1290] 048844 Bag Rocky Mountain Giant Mallows — 200 in 875ms {"url":"https://order.oreillyswholesale.com/products/DetailsPortal.asp?product_code=048844&Page=Products&BreadPath=/products/gridlist.asp?DeptCode=5*chkpm=MALL*page=15","productCode":"048844"}
[oreilly:crawl:http] [375/1290] 042816 Bag Tncc Jelly Dinosaurs — 200 in 1898ms {"url":"https://order.oreillyswholesale.com/products/DetailsPortal.asp?product_code=042816&Page=Products&BreadPath=/products/gridlist.asp?DeptCode=5*chkpm=MALL*page=15","productCode":"042816"}
[oreilly:crawl:http] [376/1290] 048170 Bag Tncc Jelly Snakes — 200 in 501ms {"url":"https://order.oreillyswholesale.com/products/DetailsPortal.asp?product_code=048170&Page=Products&BreadPath=/products/gridlist.asp?DeptCode=5*chkpm=MALL*page=15","productCode":"048170"}
[oreilly:crawl:http] [377/1290] 042815 Bag Tncc Jelly Sour Squirms — 200 in 759ms {"url":"https://order.oreillyswholesale.com/products/DetailsPortal.asp?product_code=042815&Page=Products&BreadPath=/products/gridlist.asp?DeptCode=5*chkpm=MALL*page=15","productCode":"042815"}
[oreilly:crawl:http] [378/1290] 039958 Bag Tncc Soursplash — 200 in 1826ms {"url":"https://order.oreillyswholesale.com/products/DetailsPortal.asp?product_code=039958&Page=Products&BreadPath=/products/gridlist.asp?DeptCode=5*chkpm=MALL*page=15","productCode":"039958"}
[oreilly:crawl:http] [379/1290] 011911 Bag Walkers Assorted Toffee And Eclairs — 200 in 412ms {"url":"https://order.oreillyswholesale.com/products/DetailsPortal.asp?product_code=011911&Page=Products&BreadPath=/products/gridlist.asp?DeptCode=5*chkpm=MALL*page=15","productCode":"011911"}
[oreilly:crawl:http] [380/1290] 027166 Bag Walkers Banana Split Eclairs Toffee — 200 in 633ms {"url":"https://order.oreillyswholesale.com/products/DetailsPortal.asp?product_code=027166&Page=Products&BreadPath=/products/gridlist.asp?DeptCode=5*chkpm=MALL*page=15","productCode":"027166"}
[oreilly:crawl:http] [381/1290] 032908 Bag Walkers Double Dipped Toffees — 200 in 811ms {"url":"https://order.oreillyswholesale.com/products/DetailsPortal.asp?product_code=032908&Page=Products&BreadPath=/products/gridlist.asp?DeptCode=5*chkpm=MALL*page=15","productCode":"032908"}
[oreilly:crawl:http] [383/1290] 041831 Bag Walkers Milk Chocolate Eclairs — 200 in 503ms {"url":"https://order.oreillyswholesale.com/products/DetailsPortal.asp?product_code=041831&Page=Products&BreadPath=/products/gridlist.asp?DeptCode=5*chkpm=MALL*page=15","productCode":"041831"}
[oreilly:crawl:http] [382/1290] 011912 Bag Walkers Liquorice Toffee — 200 in 768ms {"url":"https://order.oreillyswholesale.com/products/DetailsPortal.asp?product_code=011912&Page=Products&BreadPath=/products/gridlist.asp?DeptCode=5*chkpm=MALL*page=15","productCode":"011912"}
[oreilly:crawl:http] [384/1290] 026459 Bag Walkers Mint Toffee — 200 in 1733ms {"url":"https://order.oreillyswholesale.com/products/DetailsPortal.asp?product_code=026459&Page=Products&BreadPath=/products/gridlist.asp?DeptCode=5*chkpm=MALL*page=15","productCode":"026459"}
[oreilly:crawl:http] [387/1290] 031551 Bag Walkers Salted Caramel Toffee — 200 in 514ms {"url":"https://order.oreillyswholesale.com/products/DetailsPortal.asp?product_code=031551&Page=Products&BreadPath=/products/gridlist.asp?DeptCode=5*chkpm=MALL*page=15","productCode":"031551"}
[oreilly:crawl:http] [385/1290] 011916 Bag Walkers Nutty Brazil Toffee — 200 in 702ms {"url":"https://order.oreillyswholesale.com/products/DetailsPortal.asp?product_code=011916&Page=Products&BreadPath=/products/gridlist.asp?DeptCode=5*chkpm=MALL*page=15","productCode":"011916"}
[oreilly:crawl:http] [386/1290] 011909 Bag Walkers Old English Toffee — 200 in 1846ms {"url":"https://order.oreillyswholesale.com/products/DetailsPortal.asp?product_code=011909&Page=Products&BreadPath=/products/gridlist.asp?DeptCode=5*chkpm=MALL*page=15","productCode":"011909"}
[oreilly:crawl:http] [388/1290] 040152 Bag Werthers £1.25 Butter Candy Pmp — 200 in 515ms {"url":"https://order.oreillyswholesale.com/products/DetailsPortal.asp?product_code=040152&Page=Products&BreadPath=/products/gridlist.asp?DeptCode=5*chkpm=MALL*page=15","productCode":"040152"}
[oreilly:crawl:http] [389/1290] 040149 Bag Werthers £1.25 Butter Candy Sugar Free Pmp — 200 in 693ms {"url":"https://order.oreillyswholesale.com/products/DetailsPortal.asp?product_code=040149&Page=Products&BreadPath=/products/gridlist.asp?DeptCode=5*chkpm=MALL*page=15","productCode":"040149"}
[oreilly:crawl:http] [390/1290] 040151 Bag Werthers £1.25 Creamy Filling Pmp — 200 in 1844ms {"url":"https://order.oreillyswholesale.com/products/DetailsPortal.asp?product_code=040151&Page=Products&BreadPath=/products/gridlist.asp?DeptCode=5*chkpm=MALL*page=15","productCode":"040151"}
[oreilly:crawl:http] [392/1290] 040148 Bag Werthers £1.25 Creamy Toffee Sugar Free Pmp — 200 in 453ms {"url":"https://order.oreillyswholesale.com/products/DetailsPortal.asp?product_code=040148&Page=Products&BreadPath=/products/gridlist.asp?DeptCode=5*chkpm=MALL*page=15","productCode":"040148"}
[oreilly:crawl:http] [393/1290] 040145 Bag Werthers £1.25 Soft Caramel Pmp — 200 in 821ms {"url":"https://order.oreillyswholesale.com/products/DetailsPortal.asp?product_code=040145&Page=Products&BreadPath=/products/gridlist.asp?DeptCode=5*chkpm=MALL*page=15","productCode":"040145"}
[oreilly:crawl:http] [391/1290] 040146 Bag Werthers £1.25 Creamy Toffee Pmp — 200 in 1718ms {"url":"https://order.oreillyswholesale.com/products/DetailsPortal.asp?product_code=040146&Page=Products&BreadPath=/products/gridlist.asp?DeptCode=5*chkpm=MALL*page=15","productCode":"040146"}
[oreilly:crawl:http] [395/1290] 047565 Bag Werthers Butter Candies — 200 in 412ms {"url":"https://order.oreillyswholesale.com/products/DetailsPortal.asp?product_code=047565&Page=Products&BreadPath=/products/gridlist.asp?DeptCode=5*chkpm=MALL*page=15","productCode":"047565"}
[oreilly:crawl:http] [396/1290] 011966 Bag Werthers Butter Candies Sugar Free — 200 in 718ms {"url":"https://order.oreillyswholesale.com/products/DetailsPortal.asp?product_code=011966&Page=Products&BreadPath=/products/gridlist.asp?DeptCode=5*chkpm=MALL*page=15","productCode":"011966"}
[oreilly:crawl:http] [394/1290] 045440 Bag Werthers £1.25 Soft Eclair Pmp — 200 in 1691ms {"url":"https://order.oreillyswholesale.com/products/DetailsPortal.asp?product_code=045440&Page=Products&BreadPath=/products/gridlist.asp?DeptCode=5*chkpm=MALL*page=15","productCode":"045440"}
[oreilly:crawl:http] [397/1290] 025888 Bag Werthers Chewy Toffees Sugar Free — 200 in 416ms {"url":"https://order.oreillyswholesale.com/products/DetailsPortal.asp?product_code=025888&Page=Products&BreadPath=/products/gridlist.asp?DeptCode=5*chkpm=MALL*page=15","productCode":"025888"}
[oreilly:crawl:http] [398/1290] 047566 Bag Werthers Creamy Toffee — 200 in 775ms {"url":"https://order.oreillyswholesale.com/products/DetailsPortal.asp?product_code=047566&Page=Products&BreadPath=/products/gridlist.asp?DeptCode=5*chkpm=MALL*page=15","productCode":"047566"}
[oreilly:crawl:http] [399/1290] 047488 Bag Werthers Salted Caramel — 200 in 1682ms {"url":"https://order.oreillyswholesale.com/products/DetailsPortal.asp?product_code=047488&Page=Products&BreadPath=/products/gridlist.asp?DeptCode=5*chkpm=MALL*page=15","productCode":"047488"}
[oreilly:crawl:http] [401/1290] 047581 Bag Werthers Soft Eclair — 200 in 513ms {"url":"https://order.oreillyswholesale.com/products/DetailsPortal.asp?product_code=047581&Page=Products&BreadPath=/products/gridlist.asp?DeptCode=5*chkpm=MALL*page=16","productCode":"047581"}
[oreilly:crawl:http] [400/1290] 047583 Bag Werthers Soft Caramel — 200 in 677ms {"url":"https://order.oreillyswholesale.com/products/DetailsPortal.asp?product_code=047583&Page=Products&BreadPath=/products/gridlist.asp?DeptCode=5*chkpm=MALL*page=16","productCode":"047583"}
[oreilly:crawl:http] [402/1290] 047153 Bebeto £1 Banana Raspberry Whacky Sticks Pmp — 200 in 1727ms {"url":"https://order.oreillyswholesale.com/products/DetailsPortal.asp?product_code=047153&Page=Products&BreadPath=/products/gridlist.asp?DeptCode=5*chkpm=MALL*page=16","productCode":"047153"}
[oreilly:crawl:http] [403/1290] 046971 Bebeto £1 Happy Laces Blue Raspbery Pm — 200 in 496ms {"url":"https://order.oreillyswholesale.com/products/DetailsPortal.asp?product_code=046971&Page=Products&BreadPath=/products/gridlist.asp?DeptCode=5*chkpm=MALL*page=16","productCode":"046971"}
[oreilly:crawl:http] [404/1290] 047154 Bebeto £1 Happy Rainbow Laces Pmp — 200 in 664ms {"url":"https://order.oreillyswholesale.com/products/DetailsPortal.asp?product_code=047154&Page=Products&BreadPath=/products/gridlist.asp?DeptCode=5*chkpm=MALL*page=16","productCode":"047154"}
[oreilly:crawl:http] [405/1290] 047152 Bebeto £1 Laces Strawberry Pm Bag — 200 in 1846ms {"url":"https://order.oreillyswholesale.com/products/DetailsPortal.asp?product_code=047152&Page=Products&BreadPath=/products/gridlist.asp?DeptCode=5*chkpm=MALL*page=16","productCode":"047152"}
[oreilly:crawl:http] [406/1290] 047261 Bebeto £1 Pencil Twisted Fruity Pm Bag — 200 in 411ms {"url":"https://order.oreillyswholesale.com/products/DetailsPortal.asp?product_code=047261&Page=Products&BreadPath=/products/gridlist.asp?DeptCode=5*chkpm=MALL*page=16","productCode":"047261"}
[oreilly:crawl:http] [407/1290] 039095 Bebeto £1 Raspberry Pencils Laces Pmp — 200 in 667ms {"url":"https://order.oreillyswholesale.com/products/DetailsPortal.asp?product_code=039095&Page=Products&BreadPath=/products/gridlist.asp?DeptCode=5*chkpm=MALL*page=16","productCode":"039095"}
[oreilly:crawl:http] [408/1290] 041460 Bebeto Bag Big Fizzy Peach Hearts — 200 in 1743ms {"url":"https://order.oreillyswholesale.com/products/DetailsPortal.asp?product_code=041460&Page=Products&BreadPath=/products/gridlist.asp?DeptCode=5*chkpm=MALL*page=16","productCode":"041460"}
[oreilly:crawl:http] [409/1290] 041461 Bebeto Bag Big Fizzy Ring Mix — 200 in 465ms {"url":"https://order.oreillyswholesale.com/products/DetailsPortal.asp?product_code=041461&Page=Products&BreadPath=/products/gridlist.asp?DeptCode=5*chkpm=MALL*page=16","productCode":"041461"}
[oreilly:crawl:http] [410/1290] 049155 Bebeto Bag Fizzy Watermelon — 200 in 874ms {"url":"https://order.oreillyswholesale.com/products/DetailsPortal.asp?product_code=049155&Page=Products&BreadPath=/products/gridlist.asp?DeptCode=5*chkpm=MALL*page=16","productCode":"049155"}
[oreilly:crawl:http] [411/1290] 049153 Bebeto Bag Strawberries — 200 in 1688ms {"url":"https://order.oreillyswholesale.com/products/DetailsPortal.asp?product_code=049153&Page=Products&BreadPath=/products/gridlist.asp?DeptCode=5*chkpm=MALL*page=16","productCode":"049153"}
[oreilly:crawl:http] [412/1290] 049325 Bebeto Bag Weenie Worms Pm £1 — 200 in 413ms {"url":"https://order.oreillyswholesale.com/products/DetailsPortal.asp?product_code=049325&Page=Products&BreadPath=/products/gridlist.asp?DeptCode=5*chkpm=MALL*page=16","productCode":"049325"}
[oreilly:crawl:http] [413/1290] 048801 Cleeves Bag Assorted Toffees — 200 in 803ms {"url":"https://order.oreillyswholesale.com/products/DetailsPortal.asp?product_code=048801&Page=Products&BreadPath=/products/gridlist.asp?DeptCode=5*chkpm=MALL*page=16","productCode":"048801"}
[oreilly:crawl:http] [414/1290] 046901 Cleeves Bag Chocolate Caramels — 200 in 1695ms {"url":"https://order.oreillyswholesale.com/products/DetailsPortal.asp?product_code=046901&Page=Products&BreadPath=/products/gridlist.asp?DeptCode=5*chkpm=MALL*page=16","productCode":"046901"}
[oreilly:crawl:http] [416/1290] 046902 Cleeves Bag Golden Days Dark Choc Caramels — 200 in 434ms {"url":"https://order.oreillyswholesale.com/products/DetailsPortal.asp?product_code=046902&Page=Products&BreadPath=/products/gridlist.asp?DeptCode=5*chkpm=MALL*page=16","productCode":"046902"}
[oreilly:crawl:http] [415/1290] 048800 Cleeves Bag Dairy Fudge — 200 in 741ms {"url":"https://order.oreillyswholesale.com/products/DetailsPortal.asp?product_code=048800&Page=Products&BreadPath=/products/gridlist.asp?DeptCode=5*chkpm=MALL*page=16","productCode":"048800"}
[oreilly:crawl:http] [417/1290] 046898 Cleeves Bag Iced Caramels — 200 in 1712ms {"url":"https://order.oreillyswholesale.com/products/DetailsPortal.asp?product_code=046898&Page=Products&BreadPath=/products/gridlist.asp?DeptCode=5*chkpm=MALL*page=16","productCode":"046898"}
[oreilly:crawl:http] [418/1290] 048799 Cleeves Bag Iced Caramels Fruit — 200 in 414ms {"url":"https://order.oreillyswholesale.com/products/DetailsPortal.asp?product_code=048799&Page=Products&BreadPath=/products/gridlist.asp?DeptCode=5*chkpm=MALL*page=16","productCode":"048799"}
[oreilly:crawl:http] [420/1290] 046896 Cleeves Bag Macaroon Chocolate Bites — 200 in 767ms {"url":"https://order.oreillyswholesale.com/products/DetailsPortal.asp?product_code=046896&Page=Products&BreadPath=/products/gridlist.asp?DeptCode=5*chkpm=MALL*page=16","productCode":"046896"}
[oreilly:crawl:http] [419/1290] 048798 Cleeves Bag Iced Caramels Mint — 200 in 1742ms {"url":"https://order.oreillyswholesale.com/products/DetailsPortal.asp?product_code=048798&Page=Products&BreadPath=/products/gridlist.asp?DeptCode=5*chkpm=MALL*page=16","productCode":"048798"}
[oreilly:crawl:http] [421/1290] 046903 Cleeves Bag Toffee Bag — 200 in 602ms {"url":"https://order.oreillyswholesale.com/products/DetailsPortal.asp?product_code=046903&Page=Products&BreadPath=/products/gridlist.asp?DeptCode=5*chkpm=MALL*page=16","productCode":"046903"}
[oreilly:crawl:http] [423/1290] 039339 Dexters £1 Dyna Stix Apple Pencils Pm Bag — 200 in 704ms {"url":"https://order.oreillyswholesale.com/products/DetailsPortal.asp?product_code=039339&Page=Products&BreadPath=/products/gridlist.asp?DeptCode=5*chkpm=MALL*page=16","productCode":"039339"}
[oreilly:crawl:http] [422/1290] 047248 Crilco Pouch Movie Mix + 20% Extra Free — 200 in 1831ms {"url":"https://order.oreillyswholesale.com/products/DetailsPortal.asp?product_code=047248&Page=Products&BreadPath=/products/gridlist.asp?DeptCode=5*chkpm=MALL*page=16","productCode":"047248"}
[oreilly:crawl:http] [424/1290] 040708 Dexters £1 Rainbow Pencils Pm Bag — 200 in 452ms {"url":"https://order.oreillyswholesale.com/products/DetailsPortal.asp?product_code=040708&Page=Products&BreadPath=/products/gridlist.asp?DeptCode=5*chkpm=MALL*page=16","productCode":"040708"}
[oreilly:crawl:http] [426/1290] 046957 Euro Bag ?1.25 Haribo Gold Bears Pmp — 200 in 806ms {"url":"https://order.oreillyswholesale.com/products/DetailsPortal.asp?product_code=046957&Page=Products&BreadPath=/products/gridlist.asp?DeptCode=5*chkpm=MALL*page=16","productCode":"046957"}
[oreilly:crawl:http] [425/1290] 039288 Dexters £1 Strawberry Pencils Pm Bag — 200 in 1736ms {"url":"https://order.oreillyswholesale.com/products/DetailsPortal.asp?product_code=039288&Page=Products&BreadPath=/products/gridlist.asp?DeptCode=5*chkpm=MALL*page=16","productCode":"039288"}
[oreilly:crawl:http] [428/1290] 040144 Euro Bag ?1.25 Haribo Maoam Pinballs Pmp — 200 in 726ms {"url":"https://order.oreillyswholesale.com/products/DetailsPortal.asp?product_code=040144&Page=Products&BreadPath=/products/gridlist.asp?DeptCode=5*chkpm=MALL*page=16","productCode":"040144"}
[oreilly:crawl:http] [427/1290] 046959 Euro Bag ?1.25 Haribo Jelly Babies Pmp — 200 in 741ms {"url":"https://order.oreillyswholesale.com/products/DetailsPortal.asp?product_code=046959&Page=Products&BreadPath=/products/gridlist.asp?DeptCode=5*chkpm=MALL*page=16","productCode":"046959"}
[oreilly:crawl:http] [429/1290] 040789 Euro Bag ?1.25 Haribo Maoam Stripes Pmp — 200 in 1852ms {"url":"https://order.oreillyswholesale.com/products/DetailsPortal.asp?product_code=040789&Page=Products&BreadPath=/products/gridlist.asp?DeptCode=5*chkpm=MALL*page=16","productCode":"040789"}
[oreilly:crawl:http] [431/1290] 046956 Euro Bag ?1.25 Haribo Strawbs Mix Pmp — 200 in 435ms {"url":"https://order.oreillyswholesale.com/products/DetailsPortal.asp?product_code=046956&Page=Products&BreadPath=/products/gridlist.asp?DeptCode=5*chkpm=MALL*page=16","productCode":"046956"}
[oreilly:crawl:http] [430/1290] 046962 Euro Bag ?1.25 Haribo Starmix Pmp — 200 in 674ms {"url":"https://order.oreillyswholesale.com/products/DetailsPortal.asp?product_code=046962&Page=Products&BreadPath=/products/gridlist.asp?DeptCode=5*chkpm=MALL*page=16","productCode":"046962"}
[oreilly:crawl:http] [432/1290] 046961 Euro Bag ?1.25 Haribo Supermix Pmp — 200 in 1821ms {"url":"https://order.oreillyswholesale.com/products/DetailsPortal.asp?product_code=046961&Page=Products&BreadPath=/products/gridlist.asp?DeptCode=5*chkpm=MALL*page=16","productCode":"046961"}
[oreilly:crawl:http] [433/1290] 046960 Euro Bag ?1.25 Haribo Tangfastics Pmp — 200 in 500ms {"url":"https://order.oreillyswholesale.com/products/DetailsPortal.asp?product_code=046960&Page=Products&BreadPath=/products/gridlist.asp?DeptCode=5*chkpm=MALL*page=16","productCode":"046960"}
[oreilly:crawl:http] [434/1290] 046958 Euro Bag ?1.25 Haribo Wine Gums Pmp — 200 in 663ms {"url":"https://order.oreillyswholesale.com/products/DetailsPortal.asp?product_code=046958&Page=Products&BreadPath=/products/gridlist.asp?DeptCode=5*chkpm=MALL*page=16","productCode":"046958"}
[oreilly:crawl:http] [435/1290] 033978 Euro Bag Shaws Blue Bon Bons — 200 in 1806ms {"url":"https://order.oreillyswholesale.com/products/DetailsPortal.asp?product_code=033978&Page=Products&BreadPath=/products/gridlist.asp?DeptCode=5*chkpm=MALL*page=16","productCode":"033978"}
[oreilly:crawl:http] [436/1290] 033976 Euro Bag Shaws Brandy Balls — 200 in 514ms {"url":"https://order.oreillyswholesale.com/products/DetailsPortal.asp?product_code=033976&Page=Products&BreadPath=/products/gridlist.asp?DeptCode=5*chkpm=MALL*page=16","productCode":"033976"}
[oreilly:crawl:http] [437/1290] 033975 Euro Bag Shaws Cinnamon Lozenge — 200 in 718ms {"url":"https://order.oreillyswholesale.com/products/DetailsPortal.asp?product_code=033975&Page=Products&BreadPath=/products/gridlist.asp?DeptCode=5*chkpm=MALL*page=16","productCode":"033975"}
[oreilly:crawl:http] [438/1290] 033977 Euro Bag Shaws Clove Rock — 200 in 1844ms {"url":"https://order.oreillyswholesale.com/products/DetailsPortal.asp?product_code=033977&Page=Products&BreadPath=/products/gridlist.asp?DeptCode=5*chkpm=MALL*page=16","productCode":"033977"}
[oreilly:crawl:http] [440/1290] 049024 Fini Bag £1.25 Cotton Candy And Apple Tubes Pmp — 200 in 411ms {"url":"https://order.oreillyswholesale.com/products/DetailsPortal.asp?product_code=049024&Page=Products&BreadPath=/products/gridlist.asp?DeptCode=5*chkpm=MALL*page=16","productCode":"049024"}
[oreilly:crawl:http] [439/1290] 033979 Euro Bag Shaws Strawberry Bon Bons — 200 in 514ms {"url":"https://order.oreillyswholesale.com/products/DetailsPortal.asp?product_code=033979&Page=Products&BreadPath=/products/gridlist.asp?DeptCode=5*chkpm=MALL*page=16","productCode":"033979"}
[oreilly:crawl:http] [441/1290] 041287 Fini Bag £1.25 Inside Out Raspberry Pencils Pmp — 200 in 718ms {"url":"https://order.oreillyswholesale.com/products/DetailsPortal.asp?product_code=041287&Page=Products&BreadPath=/products/gridlist.asp?DeptCode=5*chkpm=MALL*page=16","productCode":"041287"}
[oreilly:crawl:http] [442/1290] 041285 Fini Bag £1.25 Rainbow Pencils Pmp — 200 in 403ms {"url":"https://order.oreillyswholesale.com/products/DetailsPortal.asp?product_code=041285&Page=Products&BreadPath=/products/gridlist.asp?DeptCode=5*chkpm=MALL*page=16","productCode":"041285"}
[oreilly:crawl:http] [443/1290] 041286 Fini Bag £1.25 Smooth Strawberry Pencils Pmp — 200 in 723ms {"url":"https://order.oreillyswholesale.com/products/DetailsPortal.asp?product_code=041286&Page=Products&BreadPath=/products/gridlist.asp?DeptCode=5*chkpm=MALL*page=16","productCode":"041286"}
[oreilly:crawl:http] [444/1290] 046662 Fini Bag £1.25 Sour Apple Tubes Pmp — 200 in 1748ms {"url":"https://order.oreillyswholesale.com/products/DetailsPortal.asp?product_code=046662&Page=Products&BreadPath=/products/gridlist.asp?DeptCode=5*chkpm=MALL*page=16","productCode":"046662"}
[oreilly:crawl:http] [445/1290] 048683 Fini Bag Clear Cola - Halal — 200 in 489ms {"url":"https://order.oreillyswholesale.com/products/DetailsPortal.asp?product_code=048683&Page=Products&BreadPath=/products/gridlist.asp?DeptCode=5*chkpm=MALL*page=16","productCode":"048683"}
[oreilly:crawl:http] [447/1290] 048685 Fini Bag Fizzy Cherries - Halal — 200 in 772ms {"url":"https://order.oreillyswholesale.com/products/DetailsPortal.asp?product_code=048685&Page=Products&BreadPath=/products/gridlist.asp?DeptCode=5*chkpm=MALL*page=16","productCode":"048685"}
[oreilly:crawl:http] [446/1290] 048689 Fini Bag Clear Worms - Halal — 200 in 1743ms {"url":"https://order.oreillyswholesale.com/products/DetailsPortal.asp?product_code=048689&Page=Products&BreadPath=/products/gridlist.asp?DeptCode=5*chkpm=MALL*page=16","productCode":"048689"}
[oreilly:crawl:http] [448/1290] 048686 Fini Bag Fizzy Cola Bottles - Halal — 200 in 481ms {"url":"https://order.oreillyswholesale.com/products/DetailsPortal.asp?product_code=048686&Page=Products&BreadPath=/products/gridlist.asp?DeptCode=5*chkpm=MALL*page=16","productCode":"048686"}
[oreilly:crawl:http] [449/1290] 048682 Fini Bag Fizzy Little Mix - Halal — 200 in 788ms {"url":"https://order.oreillyswholesale.com/products/DetailsPortal.asp?product_code=048682&Page=Products&BreadPath=/products/gridlist.asp?DeptCode=5*chkpm=MALL*page=16","productCode":"048682"}
[oreilly:crawl:http] [450/1290] 048681 Fini Bag Fizzy Peach Rings - Halal — 200 in 1695ms {"url":"https://order.oreillyswholesale.com/products/DetailsPortal.asp?product_code=048681&Page=Products&BreadPath=/products/gridlist.asp?DeptCode=5*chkpm=MALL*page=17","productCode":"048681"}
[oreilly:products:sync] progress 450/1290 (35%) — ok 450, failed 0, lanes 3, elapsed 4m 45s, ETA 8m 52s
[oreilly:crawl:http] [451/1290] 046660 Fini Bag Fizzy Watermelon - Halal — 200 in 499ms {"url":"https://order.oreillyswholesale.com/products/DetailsPortal.asp?product_code=046660&Page=Products&BreadPath=/products/gridlist.asp?DeptCode=5*chkpm=MALL*page=17","productCode":"046660"}
[oreilly:crawl:http] [452/1290] 048684 Fini Bag Fizzy Worms - Halal — 200 in 661ms {"url":"https://order.oreillyswholesale.com/products/DetailsPortal.asp?product_code=048684&Page=Products&BreadPath=/products/gridlist.asp?DeptCode=5*chkpm=MALL*page=17","productCode":"048684"}
[oreilly:crawl:http] [453/1290] 046658 Fini Bag Jelly Bananas - Halal — 200 in 1742ms {"url":"https://order.oreillyswholesale.com/products/DetailsPortal.asp?product_code=046658&Page=Products&BreadPath=/products/gridlist.asp?DeptCode=5*chkpm=MALL*page=17","productCode":"046658"}
[oreilly:crawl:http] [454/1290] 048688 Fini Bag Jelly Kisses - Halal — 200 in 498ms {"url":"https://order.oreillyswholesale.com/products/DetailsPortal.asp?product_code=048688&Page=Products&BreadPath=/products/gridlist.asp?DeptCode=5*chkpm=MALL*page=17","productCode":"048688"}
[oreilly:crawl:http] [456/1290] 047930 Fini Bag Mini Mochis - Berries Gummy Jellies — 200 in 739ms {"url":"https://order.oreillyswholesale.com/products/DetailsPortal.asp?product_code=047930&Page=Products&BreadPath=/products/gridlist.asp?DeptCode=5*chkpm=MALL*page=17","productCode":"047930"}
[oreilly:crawl:http] [455/1290] 046659 Fini Bag Melon Bubble Gum - Halal — 200 in 1933ms {"url":"https://order.oreillyswholesale.com/products/DetailsPortal.asp?product_code=046659&Page=Products&BreadPath=/products/gridlist.asp?DeptCode=5*chkpm=MALL*page=17","productCode":"046659"}
[oreilly:crawl:http] [457/1290] 047353 Fini Bag Mini Mochis - Gummy Jellies — 200 in 389ms {"url":"https://order.oreillyswholesale.com/products/DetailsPortal.asp?product_code=047353&Page=Products&BreadPath=/products/gridlist.asp?DeptCode=5*chkpm=MALL*page=17","productCode":"047353"}
[oreilly:crawl:http] [458/1290] 048690 Fini Bag Rainbow Sour Belts - Halal — 200 in 671ms {"url":"https://order.oreillyswholesale.com/products/DetailsPortal.asp?product_code=048690&Page=Products&BreadPath=/products/gridlist.asp?DeptCode=5*chkpm=MALL*page=17","productCode":"048690"}
[oreilly:crawl:http] [459/1290] 032808 Fini Bag Strawberry Pencils / Tornadoes Non Pmp — 200 in 1816ms {"url":"https://order.oreillyswholesale.com/products/DetailsPortal.asp?product_code=032808&Page=Products&BreadPath=/products/gridlist.asp?DeptCode=5*chkpm=MALL*page=17","productCode":"032808"}
[oreilly:crawl:http] [460/1290] 048687 Fini Bag Strawberry Rings - Halal — 200 in 514ms {"url":"https://order.oreillyswholesale.com/products/DetailsPortal.asp?product_code=048687&Page=Products&BreadPath=/products/gridlist.asp?DeptCode=5*chkpm=MALL*page=17","productCode":"048687"}
[oreilly:crawl:http] [461/1290] 048691 Fini Bag Tennis Ball Bubble Gum - Halal — 200 in 671ms {"url":"https://order.oreillyswholesale.com/products/DetailsPortal.asp?product_code=048691&Page=Products&BreadPath=/products/gridlist.asp?DeptCode=5*chkpm=MALL*page=17","productCode":"048691"}
[oreilly:crawl:http] [462/1290] 041279 Fini Pouch £1.25 Cinema Mix Pmp — 200 in 1895ms {"url":"https://order.oreillyswholesale.com/products/DetailsPortal.asp?product_code=041279&Page=Products&BreadPath=/products/gridlist.asp?DeptCode=5*chkpm=MALL*page=17","productCode":"041279"}
[oreilly:crawl:http] [463/1290] 041282 Fini Pouch £1.25 Tennis Gum Balls Pmp — 200 in 513ms {"url":"https://order.oreillyswholesale.com/products/DetailsPortal.asp?product_code=041282&Page=Products&BreadPath=/products/gridlist.asp?DeptCode=5*chkpm=MALL*page=17","productCode":"041282"}
[oreilly:crawl:http] [464/1290] 041281 Fini Pouch £1.25 Watermelon Slices Pmp — 200 in 708ms {"url":"https://order.oreillyswholesale.com/products/DetailsPortal.asp?product_code=041281&Page=Products&BreadPath=/products/gridlist.asp?DeptCode=5*chkpm=MALL*page=17","productCode":"041281"}
[oreilly:crawl:http] [465/1290] 032200 Fini Pouch Jolly Jamboree Non Pmp — 200 in 1725ms {"url":"https://order.oreillyswholesale.com/products/DetailsPortal.asp?product_code=032200&Page=Products&BreadPath=/products/gridlist.asp?DeptCode=5*chkpm=MALL*page=17","productCode":"032200"}
[oreilly:crawl:http] [466/1290] 046955 Fini Pouch Liquorice Wonder Mix Non Pm — 200 in 411ms {"url":"https://order.oreillyswholesale.com/products/DetailsPortal.asp?product_code=046955&Page=Products&BreadPath=/products/gridlist.asp?DeptCode=5*chkpm=MALL*page=17","productCode":"046955"}
[oreilly:crawl:http] [467/1290] 038178 Fini Pouch Watermelon Slices Non Pm — 200 in 718ms {"url":"https://order.oreillyswholesale.com/products/DetailsPortal.asp?product_code=038178&Page=Products&BreadPath=/products/gridlist.asp?DeptCode=5*chkpm=MALL*page=17","productCode":"038178"}
[oreilly:crawl:http] [468/1290] 041636 Fruittella 4 Pack Chewy Mix — 200 in 1742ms {"url":"https://order.oreillyswholesale.com/products/DetailsPortal.asp?product_code=041636&Page=Products&BreadPath=/products/gridlist.asp?DeptCode=5*chkpm=MALL*page=17","productCode":"041636"}
[oreilly:crawl:http] [469/1290] 010552 Haribo Mix Up Kiddies Super Mix — 200 in 434ms {"url":"https://order.oreillyswholesale.com/products/DetailsPortal.asp?product_code=010552&Page=Products&BreadPath=/products/gridlist.asp?DeptCode=5*chkpm=MALL*page=17","productCode":"010552"}
[oreilly:crawl:http] [471/1290] 035637 Haribo Mix Up Strawbs Gone Mini — 200 in 867ms {"url":"https://order.oreillyswholesale.com/products/DetailsPortal.asp?product_code=035637&Page=Products&BreadPath=/products/gridlist.asp?DeptCode=5*chkpm=MALL*page=17","productCode":"035637"}
[oreilly:crawl:http] [470/1290] 010557 Haribo Mix Up Starmix — 200 in 1789ms {"url":"https://order.oreillyswholesale.com/products/DetailsPortal.asp?product_code=010557&Page=Products&BreadPath=/products/gridlist.asp?DeptCode=5*chkpm=MALL*page=17","productCode":"010557"}
[oreilly:crawl:http] [472/1290] 010564 Haribo Mix Up Tangfastics Sour — 200 in 499ms {"url":"https://order.oreillyswholesale.com/products/DetailsPortal.asp?product_code=010564&Page=Products&BreadPath=/products/gridlist.asp?DeptCode=5*chkpm=MALL*page=17","productCode":"010564"}
[oreilly:crawl:http] [473/1290] 038444 Haribo Starmix Handy Bag — 200 in 703ms {"url":"https://order.oreillyswholesale.com/products/DetailsPortal.asp?product_code=038444&Page=Products&BreadPath=/products/gridlist.asp?DeptCode=5*chkpm=MALL*page=17","productCode":"038444"}
[oreilly:crawl:http] [474/1290] 046949 Haribo Tangfastic Mix Handy Bag — 200 in 1727ms {"url":"https://order.oreillyswholesale.com/products/DetailsPortal.asp?product_code=046949&Page=Products&BreadPath=/products/gridlist.asp?DeptCode=5*chkpm=MALL*page=17","productCode":"046949"}
[oreilly:crawl:http] [476/1290] 048989 Hi Chew Bag - Tropical — 200 in 411ms {"url":"https://order.oreillyswholesale.com/products/DetailsPortal.asp?product_code=048989&Page=Products&BreadPath=/products/gridlist.asp?DeptCode=5*chkpm=MALL*page=17","productCode":"048989"}
[oreilly:crawl:http] [475/1290] 048988 Hi Chew Bag - Berry — 200 in 671ms {"url":"https://order.oreillyswholesale.com/products/DetailsPortal.asp?product_code=048988&Page=Products&BreadPath=/products/gridlist.asp?DeptCode=5*chkpm=MALL*page=17","productCode":"048988"}
[oreilly:crawl:http] [477/1290] 048264 Mccowans Original Daintie Toffees — 200 in 1727ms {"url":"https://order.oreillyswholesale.com/products/DetailsPortal.asp?product_code=048264&Page=Products&BreadPath=/products/gridlist.asp?DeptCode=5*chkpm=MALL*page=17","productCode":"048264"}
[oreilly:crawl:http] [480/1290] 048208 Nestle - Rowntree Bottles — 200 in 410ms {"url":"https://order.oreillyswholesale.com/products/DetailsPortal.asp?product_code=048208&Page=Products&BreadPath=/products/gridlist.asp?DeptCode=5*chkpm=MALL*page=17","productCode":"048208"}
[oreilly:crawl:http] [479/1290] 040966 Nestle - Rowntree Berry Hearts Pouch — 200 in 716ms {"url":"https://order.oreillyswholesale.com/products/DetailsPortal.asp?product_code=040966&Page=Products&BreadPath=/products/gridlist.asp?DeptCode=5*chkpm=MALL*page=17","productCode":"040966"}
[oreilly:crawl:http] [478/1290] 047981 Mr Mallo Pink & White Mini Marshmallows — 200 in 1844ms {"url":"https://order.oreillyswholesale.com/products/DetailsPortal.asp?product_code=047981&Page=Products&BreadPath=/products/gridlist.asp?DeptCode=5*chkpm=MALL*page=17","productCode":"047981"}
[oreilly:crawl:http] [481/1290] 048209 Nestle - Rowntree Fruit Pastilles Lollies Pouch — 200 in 497ms {"url":"https://order.oreillyswholesale.com/products/DetailsPortal.asp?product_code=048209&Page=Products&BreadPath=/products/gridlist.asp?DeptCode=5*chkpm=MALL*page=17","productCode":"048209"}
[oreilly:crawl:http] [482/1290] 045035 Nestle - Rowntree Jellytots Tangy Pouch — 200 in 665ms {"url":"https://order.oreillyswholesale.com/products/DetailsPortal.asp?product_code=045035&Page=Products&BreadPath=/products/gridlist.asp?DeptCode=5*chkpm=MALL*page=17","productCode":"045035"}
[oreilly:crawl:http] [483/1290] 048210 Nestle - Rowntree Mango Lollies Pouch — 200 in 1684ms {"url":"https://order.oreillyswholesale.com/products/DetailsPortal.asp?product_code=048210&Page=Products&BreadPath=/products/gridlist.asp?DeptCode=5*chkpm=MALL*page=17","productCode":"048210"}
[oreilly:crawl:http] [484/1290] 035415 Nestle - Rowntree Randoms Juicers Pouch — 200 in 412ms {"url":"https://order.oreillyswholesale.com/products/DetailsPortal.asp?product_code=035415&Page=Products&BreadPath=/products/gridlist.asp?DeptCode=5*chkpm=MALL*page=17","productCode":"035415"}
[oreilly:crawl:http] [485/1290] 033718 Nestle - Rowntree Randoms Pouch — 200 in 663ms {"url":"https://order.oreillyswholesale.com/products/DetailsPortal.asp?product_code=033718&Page=Products&BreadPath=/products/gridlist.asp?DeptCode=5*chkpm=MALL*page=17","productCode":"033718"}
[oreilly:crawl:http] [486/1290] 048211 Nestle - Rowntree Sour Watermelon Lollies Pouch — 200 in 1742ms {"url":"https://order.oreillyswholesale.com/products/DetailsPortal.asp?product_code=048211&Page=Products&BreadPath=/products/gridlist.asp?DeptCode=5*chkpm=MALL*page=17","productCode":"048211"}
[oreilly:crawl:http] [487/1290] 047899 Nestle - Rowntree Tropical Fish Pouch — 200 in 400ms {"url":"https://order.oreillyswholesale.com/products/DetailsPortal.asp?product_code=047899&Page=Products&BreadPath=/products/gridlist.asp?DeptCode=5*chkpm=MALL*page=17","productCode":"047899"}
[oreilly:crawl:http] [488/1290] 039350 Nestle £1.25 Rowntree Fruit Pasts Pouch Pmp — 200 in 706ms {"url":"https://order.oreillyswholesale.com/products/DetailsPortal.asp?product_code=039350&Page=Products&BreadPath=/products/gridlist.asp?DeptCode=5*chkpm=MALL*page=17","productCode":"039350"}
[oreilly:crawl:http] [489/1290] 048006 Nestle £1.25 Rowntree Jelly Tots Pmp — 200 in 1833ms {"url":"https://order.oreillyswholesale.com/products/DetailsPortal.asp?product_code=048006&Page=Products&BreadPath=/products/gridlist.asp?DeptCode=5*chkpm=MALL*page=17","productCode":"048006"}
[oreilly:crawl:http] [490/1290] 039352 Nestle £1.25 Rowntree Randoms Pmp — 200 in 492ms {"url":"https://order.oreillyswholesale.com/products/DetailsPortal.asp?product_code=039352&Page=Products&BreadPath=/products/gridlist.asp?DeptCode=5*chkpm=MALL*page=17","productCode":"039352"}
[oreilly:crawl:http] [492/1290] 036611 Ritchies Bag Chocolate Caramels Moo! — 200 in 695ms {"url":"https://order.oreillyswholesale.com/products/DetailsPortal.asp?product_code=036611&Page=Products&BreadPath=/products/gridlist.asp?DeptCode=5*chkpm=MALL*page=17","productCode":"036611"}
[oreilly:crawl:http] [491/1290] 011903 Ritchies Bag After Dinner Mints Bag — 200 in 1722ms {"url":"https://order.oreillyswholesale.com/products/DetailsPortal.asp?product_code=011903&Page=Products&BreadPath=/products/gridlist.asp?DeptCode=5*chkpm=MALL*page=17","productCode":"011903"}
[oreilly:crawl:http] [493/1290] 034178 Ritchies Bag Fruit Pastilles — 200 in 423ms {"url":"https://order.oreillyswholesale.com/products/DetailsPortal.asp?product_code=034178&Page=Products&BreadPath=/products/gridlist.asp?DeptCode=5*chkpm=MALL*page=17","productCode":"034178"}
[oreilly:crawl:http] [494/1290] 024496 Ritchies Bag Glucose Fruit Drops — 200 in 632ms {"url":"https://order.oreillyswholesale.com/products/DetailsPortal.asp?product_code=024496&Page=Products&BreadPath=/products/gridlist.asp?DeptCode=5*chkpm=MALL*page=17","productCode":"024496"}
[oreilly:crawl:http] [495/1290] 034177 Ritchies Bag Milky Fudge — 200 in 1743ms {"url":"https://order.oreillyswholesale.com/products/DetailsPortal.asp?product_code=034177&Page=Products&BreadPath=/products/gridlist.asp?DeptCode=5*chkpm=MALL*page=17","productCode":"034177"}
[oreilly:crawl:http] [497/1290] 024493 Ritchies Bag Milky Spearmint Biggie — 200 in 404ms {"url":"https://order.oreillyswholesale.com/products/DetailsPortal.asp?product_code=024493&Page=Products&BreadPath=/products/gridlist.asp?DeptCode=5*chkpm=MALL*page=17","productCode":"024493"}
[oreilly:crawl:http] [496/1290] 022102 Ritchies Bag Milky Mints Bag — 200 in 702ms {"url":"https://order.oreillyswholesale.com/products/DetailsPortal.asp?product_code=022102&Page=Products&BreadPath=/products/gridlist.asp?DeptCode=5*chkpm=MALL*page=17","productCode":"022102"}
[oreilly:crawl:http] [498/1290] 036610 Ritchies Bag Sour Raspberry Bon Bons — 200 in 1828ms {"url":"https://order.oreillyswholesale.com/products/DetailsPortal.asp?product_code=036610&Page=Products&BreadPath=/products/gridlist.asp?DeptCode=5*chkpm=MALL*page=17","productCode":"036610"}
[oreilly:crawl:http] [500/1290] 046173 Skittles £1 Chewies Pouch Pm — 200 in 427ms {"url":"https://order.oreillyswholesale.com/products/DetailsPortal.asp?product_code=046173&Page=Products&BreadPath=/products/gridlist.asp?DeptCode=5*chkpm=MALL*page=18","productCode":"046173"}
[oreilly:crawl:http] [499/1290] 048845 Rocky Mountain Bbq Telescopic Toasting Forks — 200 in 654ms {"url":"https://order.oreillyswholesale.com/products/DetailsPortal.asp?product_code=048845&Page=Products&BreadPath=/products/gridlist.asp?DeptCode=5*chkpm=MALL*page=17","productCode":"048845"}
[oreilly:products:sync] progress 500/1290 (39%) — ok 500, failed 0, lanes 3, elapsed 5m 17s, ETA 8m 20s
[oreilly:crawl:http] [501/1290] 045668 Skittles £1 Citrus Pouch Pmp — 200 in 423ms {"url":"https://order.oreillyswholesale.com/products/DetailsPortal.asp?product_code=045668&Page=Products&BreadPath=/products/gridlist.asp?DeptCode=5*chkpm=MALL*page=18","productCode":"045668"}
[oreilly:crawl:http] [503/1290] 046193 Skittles £1 Desserts Pouch Pm — 200 in 817ms {"url":"https://order.oreillyswholesale.com/products/DetailsPortal.asp?product_code=046193&Page=Products&BreadPath=/products/gridlist.asp?DeptCode=5*chkpm=MALL*page=18","productCode":"046193"}
[oreilly:crawl:http] [502/1290] 046196 Skittles £1 Crazy Sours Pouch Pmp — 200 in 1840ms {"url":"https://order.oreillyswholesale.com/products/DetailsPortal.asp?product_code=046196&Page=Products&BreadPath=/products/gridlist.asp?DeptCode=5*chkpm=MALL*page=18","productCode":"046196"}
[oreilly:crawl:http] [505/1290] 046195 Skittles £1 Fruits Pouch Pmp — 200 in 514ms {"url":"https://order.oreillyswholesale.com/products/DetailsPortal.asp?product_code=046195&Page=Products&BreadPath=/products/gridlist.asp?DeptCode=5*chkpm=MALL*page=18","productCode":"046195"}
[oreilly:crawl:http] [506/1290] 046200 Skittles £1 Giants Fruits Pouch Pmp — 200 in 796ms {"url":"https://order.oreillyswholesale.com/products/DetailsPortal.asp?product_code=046200&Page=Products&BreadPath=/products/gridlist.asp?DeptCode=5*chkpm=MALL*page=18","productCode":"046200"}
[oreilly:crawl:http] [504/1290] 048959 Skittles £1 Flavour Flip Pouch Pm — 200 in 1739ms {"url":"https://order.oreillyswholesale.com/products/DetailsPortal.asp?product_code=048959&Page=Products&BreadPath=/products/gridlist.asp?DeptCode=5*chkpm=MALL*page=18","productCode":"048959"}
[oreilly:crawl:http] [507/1290] 046174 Skittles £1 Sours Squashy Cloudz Pouch Pm — 200 in 515ms {"url":"https://order.oreillyswholesale.com/products/DetailsPortal.asp?product_code=046174&Page=Products&BreadPath=/products/gridlist.asp?DeptCode=5*chkpm=MALL*page=18","productCode":"046174"}
[oreilly:crawl:http] [508/1290] 046198 Skittles £1 Tropical Pouch Pmp — 200 in 719ms {"url":"https://order.oreillyswholesale.com/products/DetailsPortal.asp?product_code=046198&Page=Products&BreadPath=/products/gridlist.asp?DeptCode=5*chkpm=MALL*page=18","productCode":"046198"}
[oreilly:crawl:http] [509/1290] 046197 Skittles £1 Wild Berries Pouch Pmp — 200 in 1845ms {"url":"https://order.oreillyswholesale.com/products/DetailsPortal.asp?product_code=046197&Page=Products&BreadPath=/products/gridlist.asp?DeptCode=5*chkpm=MALL*page=18","productCode":"046197"}
[oreilly:crawl:http] [511/1290] 048978 Skittles Pouch Med - Flavour Flip — 200 in 501ms {"url":"https://order.oreillyswholesale.com/products/DetailsPortal.asp?product_code=048978&Page=Products&BreadPath=/products/gridlist.asp?DeptCode=5*chkpm=MALL*page=18","productCode":"048978"}
[oreilly:crawl:http] [510/1290] 040507 Skittles Pouch Med - Desserts — 200 in 691ms {"url":"https://order.oreillyswholesale.com/products/DetailsPortal.asp?product_code=040507&Page=Products&BreadPath=/products/gridlist.asp?DeptCode=5*chkpm=MALL*page=18","productCode":"040507"}
[oreilly:crawl:http] [512/1290] 038132 Skittles Pouch Med - Fruit (Imp) — 200 in 1714ms {"url":"https://order.oreillyswholesale.com/products/DetailsPortal.asp?product_code=038132&Page=Products&BreadPath=/products/gridlist.asp?DeptCode=5*chkpm=MALL*page=18","productCode":"038132"}
[oreilly:crawl:http] [513/1290] 041337 Skittles Pouch Med - Fruits — 200 in 515ms {"url":"https://order.oreillyswholesale.com/products/DetailsPortal.asp?product_code=041337&Page=Products&BreadPath=/products/gridlist.asp?DeptCode=5*chkpm=MALL*page=18","productCode":"041337"}
[oreilly:crawl:http] [515/1290] 041239 Skittles Pouch Med - Giants Fruit — 200 in 896ms {"url":"https://order.oreillyswholesale.com/products/DetailsPortal.asp?product_code=041239&Page=Products&BreadPath=/products/gridlist.asp?DeptCode=5*chkpm=MALL*page=18","productCode":"041239"}
[oreilly:crawl:http] [514/1290] 041340 Skittles Pouch Med - Fruits Chewies — 200 in 1671ms {"url":"https://order.oreillyswholesale.com/products/DetailsPortal.asp?product_code=041340&Page=Products&BreadPath=/products/gridlist.asp?DeptCode=5*chkpm=MALL*page=18","productCode":"041340"}
[oreilly:crawl:http] [517/1290] 041336 Skittles Pouch Med - Sours — 200 in 514ms {"url":"https://order.oreillyswholesale.com/products/DetailsPortal.asp?product_code=041336&Page=Products&BreadPath=/products/gridlist.asp?DeptCode=5*chkpm=MALL*page=18","productCode":"041336"}
[oreilly:crawl:http] [518/1290] 041342 Skittles Pouch Med - Tropical — 200 in 687ms {"url":"https://order.oreillyswholesale.com/products/DetailsPortal.asp?product_code=041342&Page=Products&BreadPath=/products/gridlist.asp?DeptCode=5*chkpm=MALL*page=18","productCode":"041342"}
[oreilly:crawl:http] [516/1290] 041339 Skittles Pouch Med - Giants Sours — 200 in 1744ms {"url":"https://order.oreillyswholesale.com/products/DetailsPortal.asp?product_code=041339&Page=Products&BreadPath=/products/gridlist.asp?DeptCode=5*chkpm=MALL*page=18","productCode":"041339"}
[oreilly:crawl:http] [520/1290] 046192 Starburst £1 Fave Reds Pouch Pm — 200 in 501ms {"url":"https://order.oreillyswholesale.com/products/DetailsPortal.asp?product_code=046192&Page=Products&BreadPath=/products/gridlist.asp?DeptCode=5*chkpm=MALL*page=18","productCode":"046192"}
[oreilly:crawl:http] [519/1290] 041343 Skittles Pouch Med - Wildberries — 200 in 822ms {"url":"https://order.oreillyswholesale.com/products/DetailsPortal.asp?product_code=041343&Page=Products&BreadPath=/products/gridlist.asp?DeptCode=5*chkpm=MALL*page=18","productCode":"041343"}
[oreilly:crawl:http] [521/1290] 046435 Starburst £1 Original Minis Pouch Pm — 200 in 1846ms {"url":"https://order.oreillyswholesale.com/products/DetailsPortal.asp?product_code=046435&Page=Products&BreadPath=/products/gridlist.asp?DeptCode=5*chkpm=MALL*page=18","productCode":"046435"}
[oreilly:crawl:http] [522/1290] 046393 Starburst £1 Original Pouch Pm — 200 in 414ms {"url":"https://order.oreillyswholesale.com/products/DetailsPortal.asp?product_code=046393&Page=Products&BreadPath=/products/gridlist.asp?DeptCode=5*chkpm=MALL*page=18","productCode":"046393"}
[oreilly:crawl:http] [524/1290] 041238 Starburst Pouch Med - Original — 200 in 821ms {"url":"https://order.oreillyswholesale.com/products/DetailsPortal.asp?product_code=041238&Page=Products&BreadPath=/products/gridlist.asp?DeptCode=5*chkpm=MALL*page=18","productCode":"041238"}
[oreilly:crawl:http] [523/1290] 042232 Starburst Pouch Fruits Minis — 200 in 1845ms {"url":"https://order.oreillyswholesale.com/products/DetailsPortal.asp?product_code=042232&Page=Products&BreadPath=/products/gridlist.asp?DeptCode=5*chkpm=MALL*page=18","productCode":"042232"}
[oreilly:crawl:http] [525/1290] 042233 Starburst Pouch Med - Strawberry — 200 in 507ms {"url":"https://order.oreillyswholesale.com/products/DetailsPortal.asp?product_code=042233&Page=Products&BreadPath=/products/gridlist.asp?DeptCode=5*chkpm=MALL*page=18","productCode":"042233"}
[oreilly:crawl:http] [526/1290] 042009 Std - Skittles 65p Fruit Bag Pmp — 200 in 683ms {"url":"https://order.oreillyswholesale.com/products/DetailsPortal.asp?product_code=042009&Page=Products&BreadPath=/products/gridlist.asp?DeptCode=5*chkpm=MALL*page=18","productCode":"042009"}
[oreilly:crawl:http] [527/1290] 042006 Std - Skittles 65p Sour Bag Pmp — 200 in 1845ms {"url":"https://order.oreillyswholesale.com/products/DetailsPortal.asp?product_code=042006&Page=Products&BreadPath=/products/gridlist.asp?DeptCode=5*chkpm=MALL*page=18","productCode":"042006"}
[oreilly:crawl:http] [528/1290] 033355 Std - Skittles Fruit Giants Bag — 200 in 500ms {"url":"https://order.oreillyswholesale.com/products/DetailsPortal.asp?product_code=033355&Page=Products&BreadPath=/products/gridlist.asp?DeptCode=5*chkpm=MALL*page=18","productCode":"033355"}
[oreilly:crawl:http] [529/1290] 030828 Std - Starburst Minis Bag — 200 in 672ms {"url":"https://order.oreillyswholesale.com/products/DetailsPortal.asp?product_code=030828&Page=Products&BreadPath=/products/gridlist.asp?DeptCode=5*chkpm=MALL*page=18","productCode":"030828"}
[oreilly:crawl:http] [530/1290] 048664 Swizz £1.00 Atomix Rainbow Drops Pmp — 200 in 1838ms {"url":"https://order.oreillyswholesale.com/products/DetailsPortal.asp?product_code=048664&Page=Products&BreadPath=/products/gridlist.asp?DeptCode=5*chkpm=MALL*page=18","productCode":"048664"}
[oreilly:crawl:http] [532/1290] 039378 Swizz £1.15 Choos Drumsticks Pmp — 200 in 414ms {"url":"https://order.oreillyswholesale.com/products/DetailsPortal.asp?product_code=039378&Page=Products&BreadPath=/products/gridlist.asp?DeptCode=5*chkpm=MALL*page=18","productCode":"039378"}
[oreilly:crawl:http] [533/1290] 039379 Swizz £1.15 Choos Refreshers Pmp — 200 in 694ms {"url":"https://order.oreillyswholesale.com/products/DetailsPortal.asp?product_code=039379&Page=Products&BreadPath=/products/gridlist.asp?DeptCode=5*chkpm=MALL*page=18","productCode":"039379"}
[oreilly:crawl:http] [531/1290] 048663 Swizz £1.00 Atomix Refreshers Pmp — 200 in 1759ms {"url":"https://order.oreillyswholesale.com/products/DetailsPortal.asp?product_code=048663&Page=Products&BreadPath=/products/gridlist.asp?DeptCode=5*chkpm=MALL*page=18","productCode":"048663"}
[oreilly:crawl:http] [535/1290] 048262 Swizz £1.15 Squashies Cherry Cola Pmp — 200 in 420ms {"url":"https://order.oreillyswholesale.com/products/DetailsPortal.asp?product_code=048262&Page=Products&BreadPath=/products/gridlist.asp?DeptCode=5*chkpm=MALL*page=18","productCode":"048262"}
[oreilly:crawl:http] [536/1290] 041421 Swizz £1.15 Squashies Original Drumstick Pmp — 200 in 644ms {"url":"https://order.oreillyswholesale.com/products/DetailsPortal.asp?product_code=041421&Page=Products&BreadPath=/products/gridlist.asp?DeptCode=5*chkpm=MALL*page=18","productCode":"041421"}
[oreilly:crawl:http] [534/1290] 041422 Swizz £1.15 Squashies Bubblegum Pmp — 200 in 1742ms {"url":"https://order.oreillyswholesale.com/products/DetailsPortal.asp?product_code=041422&Page=Products&BreadPath=/products/gridlist.asp?DeptCode=5*chkpm=MALL*page=18","productCode":"041422"}
[oreilly:crawl:http] [537/1290] 041424 Swizz £1.15 Squashies Sour Cherry Apple Pmp — 200 in 443ms {"url":"https://order.oreillyswholesale.com/products/DetailsPortal.asp?product_code=041424&Page=Products&BreadPath=/products/gridlist.asp?DeptCode=5*chkpm=MALL*page=18","productCode":"041424"}
[oreilly:crawl:http] [538/1290] 042525 Swizz £1.15 Squashies Strawberry & Cream Pmp — 200 in 662ms {"url":"https://order.oreillyswholesale.com/products/DetailsPortal.asp?product_code=042525&Page=Products&BreadPath=/products/gridlist.asp?DeptCode=5*chkpm=MALL*page=18","productCode":"042525"}
[oreilly:crawl:http] [539/1290] 045283 Swizz £1.15 Squashies Tropical Pmp — 200 in 1728ms {"url":"https://order.oreillyswholesale.com/products/DetailsPortal.asp?product_code=045283&Page=Products&BreadPath=/products/gridlist.asp?DeptCode=5*chkpm=MALL*page=18","productCode":"045283"}
[oreilly:crawl:http] [540/1290] 041852 Swizz £1.25 Curious Chews Pmp — 200 in 513ms {"url":"https://order.oreillyswholesale.com/products/DetailsPortal.asp?product_code=041852&Page=Products&BreadPath=/products/gridlist.asp?DeptCode=5*chkpm=MALL*page=18","productCode":"041852"}
[oreilly:crawl:http] [541/1290] 043564 Swizz £1.25 Love Hearts Bag Pmp — 200 in 665ms {"url":"https://order.oreillyswholesale.com/products/DetailsPortal.asp?product_code=043564&Page=Products&BreadPath=/products/gridlist.asp?DeptCode=5*chkpm=MALL*page=18","productCode":"043564"}
[oreilly:crawl:http] [542/1290] 041851 Swizz £1.25 Lucious Lollies Pmp — 200 in 1741ms {"url":"https://order.oreillyswholesale.com/products/DetailsPortal.asp?product_code=041851&Page=Products&BreadPath=/products/gridlist.asp?DeptCode=5*chkpm=MALL*page=18","productCode":"041851"}
[oreilly:crawl:http] [543/1290] 041496 Swizz £1.25 Pm Marvellous Mallows — 200 in 445ms {"url":"https://order.oreillyswholesale.com/products/DetailsPortal.asp?product_code=041496&Page=Products&BreadPath=/products/gridlist.asp?DeptCode=5*chkpm=MALL*page=18","productCode":"041496"}
[oreilly:crawl:http] [544/1290] 041850 Swizz £1.25 Scrumptious Sweets Pmp — 200 in 840ms {"url":"https://order.oreillyswholesale.com/products/DetailsPortal.asp?product_code=041850&Page=Products&BreadPath=/products/gridlist.asp?DeptCode=5*chkpm=MALL*page=18","productCode":"041850"}
[oreilly:crawl:http] [545/1290] 040342 Swizz 69p Pm Squashies Original — 200 in 1659ms {"url":"https://order.oreillyswholesale.com/products/DetailsPortal.asp?product_code=040342&Page=Products&BreadPath=/products/gridlist.asp?DeptCode=5*chkpm=MALL*page=18","productCode":"040342"}
[oreilly:crawl:http] [546/1290] 048400 Swizz 69p Pm Squashies Sour Cherry & Apple — 200 in 567ms {"url":"https://order.oreillyswholesale.com/products/DetailsPortal.asp?product_code=048400&Page=Products&BreadPath=/products/gridlist.asp?DeptCode=5*chkpm=MALL*page=18","productCode":"048400"}
[oreilly:crawl:http] [548/1290] 049206 Swizz Bag Atomix Refreshers — 200 in 671ms {"url":"https://order.oreillyswholesale.com/products/DetailsPortal.asp?product_code=049206&Page=Products&BreadPath=/products/gridlist.asp?DeptCode=5*chkpm=MALL*page=18","productCode":"049206"}
[oreilly:crawl:http] [547/1290] 049205 Swizz Bag Atomix Rainbow Drops — 200 in 1693ms {"url":"https://order.oreillyswholesale.com/products/DetailsPortal.asp?product_code=049205&Page=Products&BreadPath=/products/gridlist.asp?DeptCode=5*chkpm=MALL*page=18","productCode":"049205"}
[oreilly:crawl:http] [550/1290] 042162 Swizz Bag Double Lollies Original — 200 in 598ms {"url":"https://order.oreillyswholesale.com/products/DetailsPortal.asp?product_code=042162&Page=Products&BreadPath=/products/gridlist.asp?DeptCode=5*chkpm=MALL*page=19","productCode":"042162"}
[oreilly:crawl:http] [549/1290] 037234 Swizz Bag Curious Chews — 200 in 701ms {"url":"https://order.oreillyswholesale.com/products/DetailsPortal.asp?product_code=037234&Page=Products&BreadPath=/products/gridlist.asp?DeptCode=5*chkpm=MALL*page=18","productCode":"037234"}
[oreilly:crawl:http] [551/1290] 033189 Swizz Bag Drumsticks Orig Squashies X 20 Mini Bags — 200 in 1930ms {"url":"https://order.oreillyswholesale.com/products/DetailsPortal.asp?product_code=033189&Page=Products&BreadPath=/products/gridlist.asp?DeptCode=5*chkpm=MALL*page=19","productCode":"033189"}
[oreilly:crawl:http] [552/1290] 044116 Swizz Bag Drumsticks Original — 200 in 470ms {"url":"https://order.oreillyswholesale.com/products/DetailsPortal.asp?product_code=044116&Page=Products&BreadPath=/products/gridlist.asp?DeptCode=5*chkpm=MALL*page=19","productCode":"044116"}
[oreilly:crawl:http] [553/1290] 039594 Swizz Bag Love Hearts Originals — 200 in 839ms {"url":"https://order.oreillyswholesale.com/products/DetailsPortal.asp?product_code=039594&Page=Products&BreadPath=/products/gridlist.asp?DeptCode=5*chkpm=MALL*page=19","productCode":"039594"}
[oreilly:crawl:http] [554/1290] 037233 Swizz Bag Luscious Lollies — 200 in 1724ms {"url":"https://order.oreillyswholesale.com/products/DetailsPortal.asp?product_code=037233&Page=Products&BreadPath=/products/gridlist.asp?DeptCode=5*chkpm=MALL*page=19","productCode":"037233"}
[oreilly:crawl:http] [555/1290] 039595 Swizz Bag Originals Parma Violets — 200 in 514ms {"url":"https://order.oreillyswholesale.com/products/DetailsPortal.asp?product_code=039595&Page=Products&BreadPath=/products/gridlist.asp?DeptCode=5*chkpm=MALL*page=19","productCode":"039595"}
[oreilly:crawl:http] [556/1290] 010647 Swizz Bag Rainbow Drops Mega — 200 in 770ms {"url":"https://order.oreillyswholesale.com/products/DetailsPortal.asp?product_code=010647&Page=Products&BreadPath=/products/gridlist.asp?DeptCode=5*chkpm=MALL*page=19","productCode":"010647"}
[oreilly:crawl:http] [557/1290] 039878 Swizz Bag Rainbow Drops Multi 3 Pack — 200 in 1708ms {"url":"https://order.oreillyswholesale.com/products/DetailsPortal.asp?product_code=039878&Page=Products&BreadPath=/products/gridlist.asp?DeptCode=5*chkpm=MALL*page=19","productCode":"039878"}
[oreilly:crawl:http] [559/1290] 037232 Swizz Bag Scrumptious Sweets — 200 in 433ms {"url":"https://order.oreillyswholesale.com/products/DetailsPortal.asp?product_code=037232&Page=Products&BreadPath=/products/gridlist.asp?DeptCode=5*chkpm=MALL*page=19","productCode":"037232"}
[oreilly:crawl:http] [560/1290] 039881 Swizz Giant Rainbow Drops — 200 in 734ms {"url":"https://order.oreillyswholesale.com/products/DetailsPortal.asp?product_code=039881&Page=Products&BreadPath=/products/gridlist.asp?DeptCode=5*chkpm=MALL*page=19","productCode":"039881"}
[oreilly:crawl:http] [558/1290] 037850 Swizz Bag Rainbow Drops Small — 200 in 1661ms {"url":"https://order.oreillyswholesale.com/products/DetailsPortal.asp?product_code=037850&Page=Products&BreadPath=/products/gridlist.asp?DeptCode=5*chkpm=MALL*page=19","productCode":"037850"}
[oreilly:crawl:http] [561/1290] 048867 Swizz Squashies Cherry Cola — 200 in 519ms {"url":"https://order.oreillyswholesale.com/products/DetailsPortal.asp?product_code=048867&Page=Products&BreadPath=/products/gridlist.asp?DeptCode=5*chkpm=MALL*page=19","productCode":"048867"}
[oreilly:crawl:http] [562/1290] 041418 Swizz Squashies Drumsticks Bubblegum — 200 in 680ms {"url":"https://order.oreillyswholesale.com/products/DetailsPortal.asp?product_code=041418&Page=Products&BreadPath=/products/gridlist.asp?DeptCode=5*chkpm=MALL*page=19","productCode":"041418"}
[oreilly:crawl:http] [563/1290] 041417 Swizz Squashies Drumsticks Original — 200 in 1850ms {"url":"https://order.oreillyswholesale.com/products/DetailsPortal.asp?product_code=041417&Page=Products&BreadPath=/products/gridlist.asp?DeptCode=5*chkpm=MALL*page=19","productCode":"041417"}
[oreilly:crawl:http] [565/1290] 042526 Swizz Squashies Drumsticks Strawberry & Cream — 200 in 501ms {"url":"https://order.oreillyswholesale.com/products/DetailsPortal.asp?product_code=042526&Page=Products&BreadPath=/products/gridlist.asp?DeptCode=5*chkpm=MALL*page=19","productCode":"042526"}
[oreilly:crawl:http] [564/1290] 041419 Swizz Squashies Drumsticks Sour Cherry & Apple — 200 in 742ms {"url":"https://order.oreillyswholesale.com/products/DetailsPortal.asp?product_code=041419&Page=Products&BreadPath=/products/gridlist.asp?DeptCode=5*chkpm=MALL*page=19","productCode":"041419"}
[oreilly:crawl:http] [566/1290] 044932 Swizz Squashies Love Hearts — 200 in 1730ms {"url":"https://order.oreillyswholesale.com/products/DetailsPortal.asp?product_code=044932&Page=Products&BreadPath=/products/gridlist.asp?DeptCode=5*chkpm=MALL*page=19","productCode":"044932"}
[oreilly:crawl:http] [567/1290] 046847 Swizz Squashies Original — 200 in 513ms {"url":"https://order.oreillyswholesale.com/products/DetailsPortal.asp?product_code=046847&Page=Products&BreadPath=/products/gridlist.asp?DeptCode=5*chkpm=MALL*page=19","productCode":"046847"}
[oreilly:crawl:http] [568/1290] 049361 Swizz Squashies Sour Cherry & Apple — 200 in 718ms {"url":"https://order.oreillyswholesale.com/products/DetailsPortal.asp?product_code=049361&Page=Products&BreadPath=/products/gridlist.asp?DeptCode=5*chkpm=MALL*page=19","productCode":"049361"}
[oreilly:crawl:http] [569/1290] 045281 Swizz Squashies Sour Shooting Stars — 200 in 1741ms {"url":"https://order.oreillyswholesale.com/products/DetailsPortal.asp?product_code=045281&Page=Products&BreadPath=/products/gridlist.asp?DeptCode=5*chkpm=MALL*page=19","productCode":"045281"}
[oreilly:crawl:http] [570/1290] 045282 Swizz Squashies Tropical — 200 in 442ms {"url":"https://order.oreillyswholesale.com/products/DetailsPortal.asp?product_code=045282&Page=Products&BreadPath=/products/gridlist.asp?DeptCode=5*chkpm=MALL*page=19","productCode":"045282"}
[oreilly:crawl:http] [571/1290] 049209 Vidal Bag Jelly Filled Pizzas — 200 in 702ms {"url":"https://order.oreillyswholesale.com/products/DetailsPortal.asp?product_code=049209&Page=Products&BreadPath=/products/gridlist.asp?DeptCode=5*chkpm=MALL*page=19","productCode":"049209"}
[oreilly:crawl:http] [572/1290] 041515 Vidal Bag Sour Cola Bottles — 200 in 1677ms {"url":"https://order.oreillyswholesale.com/products/DetailsPortal.asp?product_code=041515&Page=Products&BreadPath=/products/gridlist.asp?DeptCode=5*chkpm=MALL*page=19","productCode":"041515"}
[oreilly:crawl:http] [573/1290] 038870 Vidal Bag Strawberry Pencils — 200 in 494ms {"url":"https://order.oreillyswholesale.com/products/DetailsPortal.asp?product_code=038870&Page=Products&BreadPath=/products/gridlist.asp?DeptCode=5*chkpm=MALL*page=19","productCode":"038870"}
[oreilly:crawl:http] [574/1290] 043703 Bag Chewits Blue Raspberry Bites — 200 in 698ms {"url":"https://order.oreillyswholesale.com/products/DetailsPortal.asp?product_code=043703&Page=Products&BreadPath=/products/gridlist.asp?DeptCode=5*chkpm=MALL*page=19","productCode":"043703"}
[oreilly:crawl:http] [575/1290] 049230 Bag Chewits Strawberry Bites — 200 in 1825ms {"url":"https://order.oreillyswholesale.com/products/DetailsPortal.asp?product_code=049230&Page=Products&BreadPath=/products/gridlist.asp?DeptCode=5*chkpm=MALL*page=19","productCode":"049230"}
[oreilly:crawl:http] [577/1290] 010342 Barratt Black Jack Stick Pack — 200 in 514ms {"url":"https://order.oreillyswholesale.com/products/DetailsPortal.asp?product_code=010342&Page=Products&BreadPath=/products/gridlist.asp?DeptCode=5*chkpm=MALL*page=19","productCode":"010342"}
[oreilly:crawl:http] [576/1290] 043705 Bag Chewits Xtreme Sour Bites — 200 in 719ms {"url":"https://order.oreillyswholesale.com/products/DetailsPortal.asp?product_code=043705&Page=Products&BreadPath=/products/gridlist.asp?DeptCode=5*chkpm=MALL*page=19","productCode":"043705"}
[oreilly:crawl:http] [578/1290] 010344 Barratt Fruit Salad Stick Pack — 200 in 1743ms {"url":"https://order.oreillyswholesale.com/products/DetailsPortal.asp?product_code=010344&Page=Products&BreadPath=/products/gridlist.asp?DeptCode=5*chkpm=MALL*page=19","productCode":"010344"}
[oreilly:crawl:http] [579/1290] 010355 Barratt Refresher Roll — 200 in 513ms {"url":"https://order.oreillyswholesale.com/products/DetailsPortal.asp?product_code=010355&Page=Products&BreadPath=/products/gridlist.asp?DeptCode=5*chkpm=MALL*page=19","productCode":"010355"}
[oreilly:crawl:http] [581/1290] 012142 Barratt Soft Nougat 4 Pack — 200 in 821ms {"url":"https://order.oreillyswholesale.com/products/DetailsPortal.asp?product_code=012142&Page=Products&BreadPath=/products/gridlist.asp?DeptCode=5*chkpm=MALL*page=19","productCode":"012142"}
[oreilly:crawl:http] [580/1290] 010341 Barratt Soft Nougat - Std — 200 in 1722ms {"url":"https://order.oreillyswholesale.com/products/DetailsPortal.asp?product_code=010341&Page=Products&BreadPath=/products/gridlist.asp?DeptCode=5*chkpm=MALL*page=19","productCode":"010341"}
[oreilly:crawl:http] [583/1290] 036211 Chewits Blue Raspberry — 200 in 513ms {"url":"https://order.oreillyswholesale.com/products/DetailsPortal.asp?product_code=036211&Page=Products&BreadPath=/products/gridlist.asp?DeptCode=5*chkpm=MALL*page=19","productCode":"036211"}
[oreilly:crawl:http] [582/1290] 043376 Barratt Wham Extreme Stick Pack — 200 in 718ms {"url":"https://order.oreillyswholesale.com/products/DetailsPortal.asp?product_code=043376&Page=Products&BreadPath=/products/gridlist.asp?DeptCode=5*chkpm=MALL*page=19","productCode":"043376"}
[oreilly:crawl:http] [584/1290] 010495 Chewits Cola — 200 in 1845ms {"url":"https://order.oreillyswholesale.com/products/DetailsPortal.asp?product_code=010495&Page=Products&BreadPath=/products/gridlist.asp?DeptCode=5*chkpm=MALL*page=19","productCode":"010495"}
[oreilly:crawl:http] [586/1290] 042749 Chewits Multi Strawberry 4 Pack — 200 in 418ms {"url":"https://order.oreillyswholesale.com/products/DetailsPortal.asp?product_code=042749&Page=Products&BreadPath=/products/gridlist.asp?DeptCode=5*chkpm=MALL*page=19","productCode":"042749"}
[oreilly:crawl:http] [587/1290] 010513 Chewits Strawberry — 200 in 718ms {"url":"https://order.oreillyswholesale.com/products/DetailsPortal.asp?product_code=010513&Page=Products&BreadPath=/products/gridlist.asp?DeptCode=5*chkpm=MALL*page=19","productCode":"010513"}
[oreilly:crawl:http] [585/1290] 010494 Chewits Fruit Salad — 200 in 1801ms {"url":"https://order.oreillyswholesale.com/products/DetailsPortal.asp?product_code=010494&Page=Products&BreadPath=/products/gridlist.asp?DeptCode=5*chkpm=MALL*page=19","productCode":"010494"}
[oreilly:crawl:http] [588/1290] 010498 Chewits Xtreme Sour Apple — 200 in 520ms {"url":"https://order.oreillyswholesale.com/products/DetailsPortal.asp?product_code=010498&Page=Products&BreadPath=/products/gridlist.asp?DeptCode=5*chkpm=MALL*page=19","productCode":"010498"}
[oreilly:crawl:http] [590/1290] 010673 Fruittella Strawberry — 200 in 707ms {"url":"https://order.oreillyswholesale.com/products/DetailsPortal.asp?product_code=010673&Page=Products&BreadPath=/products/gridlist.asp?DeptCode=5*chkpm=MALL*page=19","productCode":"010673"}
[oreilly:crawl:http] [589/1290] 017485 Fruittella 4 Pack Strawberry — 200 in 1722ms {"url":"https://order.oreillyswholesale.com/products/DetailsPortal.asp?product_code=017485&Page=Products&BreadPath=/products/gridlist.asp?DeptCode=5*chkpm=MALL*page=19","productCode":"017485"}
[oreilly:crawl:http] [591/1290] 010674 Fruittella Summer Fruits — 200 in 491ms {"url":"https://order.oreillyswholesale.com/products/DetailsPortal.asp?product_code=010674&Page=Products&BreadPath=/products/gridlist.asp?DeptCode=5*chkpm=MALL*page=19","productCode":"010674"}
[oreilly:crawl:http] [592/1290] 044931 Haribo Maoam Bloxx 4 Pack — 200 in 674ms {"url":"https://order.oreillyswholesale.com/products/DetailsPortal.asp?product_code=044931&Page=Products&BreadPath=/products/gridlist.asp?DeptCode=5*chkpm=MALL*page=19","productCode":"044931"}
[oreilly:crawl:http] [593/1290] 039478 Hi Chew - Apple Stick Pack — 200 in 1906ms {"url":"https://order.oreillyswholesale.com/products/DetailsPortal.asp?product_code=039478&Page=Products&BreadPath=/products/gridlist.asp?DeptCode=5*chkpm=MALL*page=19","productCode":"039478"}
[oreilly:crawl:http] [595/1290] 039477 Hi Chew - Strawberry Stick Pack — 200 in 513ms {"url":"https://order.oreillyswholesale.com/products/DetailsPortal.asp?product_code=039477&Page=Products&BreadPath=/products/gridlist.asp?DeptCode=5*chkpm=MALL*page=19","productCode":"039477"}
[oreilly:crawl:http] [594/1290] 046469 Hi Chew - Blue Raspberry Stick Pack — 200 in 718ms {"url":"https://order.oreillyswholesale.com/products/DetailsPortal.asp?product_code=046469&Page=Products&BreadPath=/products/gridlist.asp?DeptCode=5*chkpm=MALL*page=19","productCode":"046469"}
[oreilly:crawl:http] [596/1290] 039479 Hi Chew - Watermelon Stick Pack — 200 in 1700ms {"url":"https://order.oreillyswholesale.com/products/DetailsPortal.asp?product_code=039479&Page=Products&BreadPath=/products/gridlist.asp?DeptCode=5*chkpm=MALL*page=19","productCode":"039479"}
[oreilly:crawl:http] [598/1290] 041205 Kelloggs Fruit Winders Straw & Blackcurrant 5 Pack — 200 in 513ms {"url":"https://order.oreillyswholesale.com/products/DetailsPortal.asp?product_code=041205&Page=Products&BreadPath=/products/gridlist.asp?DeptCode=5*chkpm=MALL*page=19","productCode":"041205"}
[oreilly:crawl:http] [597/1290] 037255 Kelloggs Fruit Winders Apple & Strawberry5 Pk — 200 in 923ms {"url":"https://order.oreillyswholesale.com/products/DetailsPortal.asp?product_code=037255&Page=Products&BreadPath=/products/gridlist.asp?DeptCode=5*chkpm=MALL*page=19","productCode":"037255"}
[oreilly:crawl:http] [599/1290] 034980 Kelloggs Fruit Winders Strawberry 5 Pack — 200 in 1901ms {"url":"https://order.oreillyswholesale.com/products/DetailsPortal.asp?product_code=034980&Page=Products&BreadPath=/products/gridlist.asp?DeptCode=5*chkpm=MALL*page=19","productCode":"034980"}
[oreilly:crawl:http] [601/1290] 013968 Mentos 3 Pack Chewy Fruit Roll - Non Pmp — 200 in 513ms {"url":"https://order.oreillyswholesale.com/products/DetailsPortal.asp?product_code=013968&Page=Products&BreadPath=/products/gridlist.asp?DeptCode=5*chkpm=MALL*page=20","productCode":"013968"}
[oreilly:crawl:http] [602/1290] 013967 Mentos 3 Pack Chewy Mint Roll - Non Pm — 200 in 681ms {"url":"https://order.oreillyswholesale.com/products/DetailsPortal.asp?product_code=013967&Page=Products&BreadPath=/products/gridlist.asp?DeptCode=5*chkpm=MALL*page=20","productCode":"013967"}
[oreilly:crawl:http] [600/1290] 046471 Mentos 3 Pack Chewy Discovery Roll - Non Pm — 200 in 1845ms {"url":"https://order.oreillyswholesale.com/products/DetailsPortal.asp?product_code=046471&Page=Products&BreadPath=/products/gridlist.asp?DeptCode=5*chkpm=MALL*page=20","productCode":"046471"}
[oreilly:crawl:http] [603/1290] 034871 Mentos 3 Pack Cola Roll — 200 in 478ms {"url":"https://order.oreillyswholesale.com/products/DetailsPortal.asp?product_code=034871&Page=Products&BreadPath=/products/gridlist.asp?DeptCode=5*chkpm=MALL*page=20","productCode":"034871"}
[oreilly:crawl:http] [605/1290] 046441 Mentos Chewy Fresh Cola Roll — 200 in 656ms {"url":"https://order.oreillyswholesale.com/products/DetailsPortal.asp?product_code=046441&Page=Products&BreadPath=/products/gridlist.asp?DeptCode=5*chkpm=MALL*page=20","productCode":"046441"}
[oreilly:crawl:http] [604/1290] 046470 Mentos Chewy Discovery Roll — 200 in 1729ms {"url":"https://order.oreillyswholesale.com/products/DetailsPortal.asp?product_code=046470&Page=Products&BreadPath=/products/gridlist.asp?DeptCode=5*chkpm=MALL*page=20","productCode":"046470"}
[oreilly:crawl:http] [606/1290] 010676 Mentos Chewy Fruit Roll — 200 in 581ms {"url":"https://order.oreillyswholesale.com/products/DetailsPortal.asp?product_code=010676&Page=Products&BreadPath=/products/gridlist.asp?DeptCode=5*chkpm=MALL*page=20","productCode":"010676"}
[oreilly:crawl:http] [607/1290] 010688 Mentos Chewy Mint Roll — 200 in 771ms {"url":"https://order.oreillyswholesale.com/products/DetailsPortal.asp?product_code=010688&Page=Products&BreadPath=/products/gridlist.asp?DeptCode=5*chkpm=MALL*page=20","productCode":"010688"}
[oreilly:crawl:http] [608/1290] 010687 Mentos Chewy Rainbow Roll — 200 in 1721ms {"url":"https://order.oreillyswholesale.com/products/DetailsPortal.asp?product_code=010687&Page=Products&BreadPath=/products/gridlist.asp?DeptCode=5*chkpm=MALL*page=20","productCode":"010687"}
[oreilly:crawl:http] [609/1290] 015597 Mentos Chewy Spearmint Roll — 200 in 513ms {"url":"https://order.oreillyswholesale.com/products/DetailsPortal.asp?product_code=015597&Page=Products&BreadPath=/products/gridlist.asp?DeptCode=5*chkpm=MALL*page=20","productCode":"015597"}
[oreilly:crawl:http] [610/1290] 042489 Mentos Cleanbreath Berry Mint — 200 in 772ms {"url":"https://order.oreillyswholesale.com/products/DetailsPortal.asp?product_code=042489&Page=Products&BreadPath=/products/gridlist.asp?DeptCode=5*chkpm=MALL*page=20","productCode":"042489"}
[oreilly:crawl:http] [611/1290] 042490 Mentos Cleanbreath Intense Mint — 200 in 1740ms {"url":"https://order.oreillyswholesale.com/products/DetailsPortal.asp?product_code=042490&Page=Products&BreadPath=/products/gridlist.asp?DeptCode=5*chkpm=MALL*page=20","productCode":"042490"}
[oreilly:crawl:http] [612/1290] 010661 Milk Chewies Stickpack — 200 in 617ms {"url":"https://order.oreillyswholesale.com/products/DetailsPortal.asp?product_code=010661&Page=Products&BreadPath=/products/gridlist.asp?DeptCode=5*chkpm=MALL*page=20","productCode":"010661"}
[oreilly:crawl:http] [613/1290] 015875 Multi 3 Pack Starburst Original Stick Pk — 200 in 699ms {"url":"https://order.oreillyswholesale.com/products/DetailsPortal.asp?product_code=015875&Page=Products&BreadPath=/products/gridlist.asp?DeptCode=5*chkpm=MALL*page=20","productCode":"015875"}
[oreilly:crawl:http] [614/1290] 030254 Nestle Rowntree Fruit Pastilles Std Tube — 200 in 1717ms {"url":"https://order.oreillyswholesale.com/products/DetailsPortal.asp?product_code=030254&Page=Products&BreadPath=/products/gridlist.asp?DeptCode=5*chkpm=MALL*page=20","productCode":"030254"}
[oreilly:crawl:http] [615/1290] 010293 Roll Maynard Winegums — 200 in 484ms {"url":"https://order.oreillyswholesale.com/products/DetailsPortal.asp?product_code=010293&Page=Products&BreadPath=/products/gridlist.asp?DeptCode=5*chkpm=MALL*page=20","productCode":"010293"}
[oreilly:crawl:http] [617/1290] 010462 Roll Ritchies Clove Loz — 200 in 664ms {"url":"https://order.oreillyswholesale.com/products/DetailsPortal.asp?product_code=010462&Page=Products&BreadPath=/products/gridlist.asp?DeptCode=5*chkpm=MALL*page=20","productCode":"010462"}
[oreilly:crawl:http] [616/1290] 010460 Roll Ritchies Cinn Loz — 200 in 1912ms {"url":"https://order.oreillyswholesale.com/products/DetailsPortal.asp?product_code=010460&Page=Products&BreadPath=/products/gridlist.asp?DeptCode=5*chkpm=MALL*page=20","productCode":"010460"}
[oreilly:crawl:http] [618/1290] 010690 Roll Werthers Butter Candies — 200 in 453ms {"url":"https://order.oreillyswholesale.com/products/DetailsPortal.asp?product_code=010690&Page=Products&BreadPath=/products/gridlist.asp?DeptCode=5*chkpm=MALL*page=20","productCode":"010690"}
[oreilly:crawl:http] [619/1290] 023116 Std - Starburst Stick - Fave Red Chews — 200 in 667ms {"url":"https://order.oreillyswholesale.com/products/DetailsPortal.asp?product_code=023116&Page=Products&BreadPath=/products/gridlist.asp?DeptCode=5*chkpm=MALL*page=20","productCode":"023116"}
[oreilly:crawl:http] [620/1290] 023020 Std - Starburst Stick - Original — 200 in 1872ms {"url":"https://order.oreillyswholesale.com/products/DetailsPortal.asp?product_code=023020&Page=Products&BreadPath=/products/gridlist.asp?DeptCode=5*chkpm=MALL*page=20","productCode":"023020"}
[oreilly:crawl:http] [622/1290] 042005 Std - Starburst Stick 65p - Original Pmp — 200 in 514ms {"url":"https://order.oreillyswholesale.com/products/DetailsPortal.asp?product_code=042005&Page=Products&BreadPath=/products/gridlist.asp?DeptCode=5*chkpm=MALL*page=20","productCode":"042005"}
[oreilly:crawl:http] [621/1290] 042000 Std - Starburst Stick 65p - Fave Red Chews Pmp — 200 in 781ms {"url":"https://order.oreillyswholesale.com/products/DetailsPortal.asp?product_code=042000&Page=Products&BreadPath=/products/gridlist.asp?DeptCode=5*chkpm=MALL*page=20","productCode":"042000"}
[oreilly:crawl:http] [623/1290] 017173 Sula Butterscotch Sugar Free Carton — 200 in 1742ms {"url":"https://order.oreillyswholesale.com/products/DetailsPortal.asp?product_code=017173&Page=Products&BreadPath=/products/gridlist.asp?DeptCode=5*chkpm=MALL*page=20","productCode":"017173"}
[oreilly:crawl:http] [624/1290] 010533 Sula Fruit Mix Sugar Free Carton — 200 in 442ms {"url":"https://order.oreillyswholesale.com/products/DetailsPortal.asp?product_code=010533&Page=Products&BreadPath=/products/gridlist.asp?DeptCode=5*chkpm=MALL*page=20","productCode":"010533"}
[oreilly:crawl:http] [625/1290] 027463 Sula Liquorice Sugar Free Carton — 200 in 648ms {"url":"https://order.oreillyswholesale.com/products/DetailsPortal.asp?product_code=027463&Page=Products&BreadPath=/products/gridlist.asp?DeptCode=5*chkpm=MALL*page=20","productCode":"027463"}
[oreilly:crawl:http] [626/1290] 027691 Sula Mint Humbugs Carton — 200 in 1671ms {"url":"https://order.oreillyswholesale.com/products/DetailsPortal.asp?product_code=027691&Page=Products&BreadPath=/products/gridlist.asp?DeptCode=5*chkpm=MALL*page=20","productCode":"027691"}
[oreilly:crawl:http] [627/1290] 027692 Sula Pear Drop Sugar Free Carton — 200 in 581ms {"url":"https://order.oreillyswholesale.com/products/DetailsPortal.asp?product_code=027692&Page=Products&BreadPath=/products/gridlist.asp?DeptCode=5*chkpm=MALL*page=20","productCode":"027692"}
[oreilly:crawl:http] [628/1290] 024977 Sula Rhubarb And Custard Ctn. — 200 in 772ms {"url":"https://order.oreillyswholesale.com/products/DetailsPortal.asp?product_code=024977&Page=Products&BreadPath=/products/gridlist.asp?DeptCode=5*chkpm=MALL*page=20","productCode":"024977"}
[oreilly:crawl:http] [629/1290] 023886 Sula Straw And Cream Mix Carton — 200 in 1743ms {"url":"https://order.oreillyswholesale.com/products/DetailsPortal.asp?product_code=023886&Page=Products&BreadPath=/products/gridlist.asp?DeptCode=5*chkpm=MALL*page=20","productCode":"023886"}
[oreilly:crawl:http] [630/1290] 037847 Swizz Bar Drumstick Chew — 200 in 592ms {"url":"https://order.oreillyswholesale.com/products/DetailsPortal.asp?product_code=037847&Page=Products&BreadPath=/products/gridlist.asp?DeptCode=5*chkpm=MALL*page=20","productCode":"037847"}
[oreilly:crawl:http] [631/1290] 042080 Swizz Bar Refresher Cherry Cola Chew — 200 in 775ms {"url":"https://order.oreillyswholesale.com/products/DetailsPortal.asp?product_code=042080&Page=Products&BreadPath=/products/gridlist.asp?DeptCode=5*chkpm=MALL*page=20","productCode":"042080"}
[oreilly:crawl:http] [632/1290] 037845 Swizz Bar Refresher Original — 200 in 1846ms {"url":"https://order.oreillyswholesale.com/products/DetailsPortal.asp?product_code=037845&Page=Products&BreadPath=/products/gridlist.asp?DeptCode=5*chkpm=MALL*page=20","productCode":"037845"}
[oreilly:crawl:http] [634/1290] 037846 Swizz Bar Refresher Strawberry — 200 in 500ms {"url":"https://order.oreillyswholesale.com/products/DetailsPortal.asp?product_code=037846&Page=Products&BreadPath=/products/gridlist.asp?DeptCode=5*chkpm=MALL*page=20","productCode":"037846"}
[oreilly:crawl:http] [633/1290] 037848 Swizz Bar Refresher Sour Apple Chew — 200 in 670ms {"url":"https://order.oreillyswholesale.com/products/DetailsPortal.asp?product_code=037848&Page=Products&BreadPath=/products/gridlist.asp?DeptCode=5*chkpm=MALL*page=20","productCode":"037848"}
[oreilly:crawl:http] [635/1290] 045638 Swizz Bar Refresher Tropical Chew — 200 in 1742ms {"url":"https://order.oreillyswholesale.com/products/DetailsPortal.asp?product_code=045638&Page=Products&BreadPath=/products/gridlist.asp?DeptCode=5*chkpm=MALL*page=20","productCode":"045638"}
[oreilly:crawl:http] [636/1290] 010609 Swizz Bar Stinger Bar — 200 in 509ms {"url":"https://order.oreillyswholesale.com/products/DetailsPortal.asp?product_code=010609&Page=Products&BreadPath=/products/gridlist.asp?DeptCode=5*chkpm=MALL*page=20","productCode":"010609"}
[oreilly:crawl:http] [637/1290] 037849 Swizz Bar Vimto Chew — 200 in 718ms {"url":"https://order.oreillyswholesale.com/products/DetailsPortal.asp?product_code=037849&Page=Products&BreadPath=/products/gridlist.asp?DeptCode=5*chkpm=MALL*page=20","productCode":"037849"}
[oreilly:crawl:http] [638/1290] 039879 Swizz Giant Love Hearts 4 Pack Multi — 200 in 1742ms {"url":"https://order.oreillyswholesale.com/products/DetailsPortal.asp?product_code=039879&Page=Products&BreadPath=/products/gridlist.asp?DeptCode=5*chkpm=MALL*page=20","productCode":"039879"}
[oreilly:crawl:http] [641/1290] 010604 Swizz Roll Parma Violets Giant — 200 in 488ms {"url":"https://order.oreillyswholesale.com/products/DetailsPortal.asp?product_code=010604&Page=Products&BreadPath=/products/gridlist.asp?DeptCode=5*chkpm=MALL*page=20","productCode":"010604"}
[oreilly:crawl:http] [640/1290] 010598 Swizz Roll Love Hearts Giant Roll — 200 in 675ms {"url":"https://order.oreillyswholesale.com/products/DetailsPortal.asp?product_code=010598&Page=Products&BreadPath=/products/gridlist.asp?DeptCode=5*chkpm=MALL*page=20","productCode":"010598"}
[oreilly:crawl:http] [639/1290] 017264 Swizz Roll Fruit Fizzers Giant — 200 in 1845ms {"url":"https://order.oreillyswholesale.com/products/DetailsPortal.asp?product_code=017264&Page=Products&BreadPath=/products/gridlist.asp?DeptCode=5*chkpm=MALL*page=20","productCode":"017264"}
[oreilly:crawl:http] [642/1290] 010616 Swizz Stick Pack Drumstick — 200 in 499ms {"url":"https://order.oreillyswholesale.com/products/DetailsPortal.asp?product_code=010616&Page=Products&BreadPath=/products/gridlist.asp?DeptCode=5*chkpm=MALL*page=20","productCode":"010616"}
[oreilly:crawl:http] [643/1290] 010619 Swizz Stick Pack Refresher Original — 200 in 673ms {"url":"https://order.oreillyswholesale.com/products/DetailsPortal.asp?product_code=010619&Page=Products&BreadPath=/products/gridlist.asp?DeptCode=5*chkpm=MALL*page=20","productCode":"010619"}
[oreilly:crawl:http] [644/1290] 049370 The Real Candy Cc Clotted Cream Fudge Bar — 200 in 1845ms {"url":"https://order.oreillyswholesale.com/products/DetailsPortal.asp?product_code=049370&Page=Products&BreadPath=/products/gridlist.asp?DeptCode=5*chkpm=MALL*page=20","productCode":"049370"}
[oreilly:crawl:http] [646/1290] 049368 The Real Candy Cc Fudge & Coconut Ice Bar — 200 in 506ms {"url":"https://order.oreillyswholesale.com/products/DetailsPortal.asp?product_code=049368&Page=Products&BreadPath=/products/gridlist.asp?DeptCode=5*chkpm=MALL*page=20","productCode":"049368"}
[oreilly:crawl:http] [645/1290] 049369 The Real Candy Cc Coconut Ice Bar — 200 in 764ms {"url":"https://order.oreillyswholesale.com/products/DetailsPortal.asp?product_code=049369&Page=Products&BreadPath=/products/gridlist.asp?DeptCode=5*chkpm=MALL*page=20","productCode":"049369"}
[oreilly:crawl:http] [647/1290] 041434 The Real Candy Cc Peanut Brittle Bar — 200 in 2050ms {"url":"https://order.oreillyswholesale.com/products/DetailsPortal.asp?product_code=041434&Page=Products&BreadPath=/products/gridlist.asp?DeptCode=5*chkpm=MALL*page=20","productCode":"041434"}
[oreilly:crawl:http] [648/1290] 041435 The Real Candy Cc Pink And White Nougat — 200 in 496ms {"url":"https://order.oreillyswholesale.com/products/DetailsPortal.asp?product_code=041435&Page=Products&BreadPath=/products/gridlist.asp?DeptCode=5*chkpm=MALL*page=20","productCode":"041435"}
[oreilly:crawl:http] [649/1290] 049363 The Real Candy Cc Rhubarb And Custard Nougat — 200 in 702ms {"url":"https://order.oreillyswholesale.com/products/DetailsPortal.asp?product_code=049363&Page=Products&BreadPath=/products/gridlist.asp?DeptCode=5*chkpm=MALL*page=20","productCode":"049363"}
[oreilly:crawl:http] [650/1290] 049367 The Real Candy Cc Rum & Raisin Fudge Bar — 200 in 1726ms {"url":"https://order.oreillyswholesale.com/products/DetailsPortal.asp?product_code=049367&Page=Products&BreadPath=/products/gridlist.asp?DeptCode=5*chkpm=MALL*page=21","productCode":"049367"}
[oreilly:products:sync] progress 650/1290 (50%) — ok 650, failed 0, lanes 3, elapsed 6m 54s, ETA 6m 48s
[oreilly:crawl:http] [652/1290] 010490 Tray Walkers Brazil Toffee — 200 in 482ms {"url":"https://order.oreillyswholesale.com/products/DetailsPortal.asp?product_code=010490&Page=Products&BreadPath=/products/gridlist.asp?DeptCode=5*chkpm=MALL*page=21","productCode":"010490"}
[oreilly:crawl:http] [651/1290] 049371 The Real Candy Cc Vanilla Fudge Bar — 200 in 791ms {"url":"https://order.oreillyswholesale.com/products/DetailsPortal.asp?product_code=049371&Page=Products&BreadPath=/products/gridlist.asp?DeptCode=5*chkpm=MALL*page=21","productCode":"049371"}
[oreilly:crawl:http] [653/1290] 010491 Tray Walkers Hazelnut Toffee — 200 in 1819ms {"url":"https://order.oreillyswholesale.com/products/DetailsPortal.asp?product_code=010491&Page=Products&BreadPath=/products/gridlist.asp?DeptCode=5*chkpm=MALL*page=21","productCode":"010491"}
[oreilly:crawl:http] [654/1290] 010487 Tray Walkers Liquorice Toffee — 200 in 410ms {"url":"https://order.oreillyswholesale.com/products/DetailsPortal.asp?product_code=010487&Page=Products&BreadPath=/products/gridlist.asp?DeptCode=5*chkpm=MALL*page=21","productCode":"010487"}
[oreilly:crawl:http] [655/1290] 010489 Tray Walkers Plain Toffee — 200 in 665ms {"url":"https://order.oreillyswholesale.com/products/DetailsPortal.asp?product_code=010489&Page=Products&BreadPath=/products/gridlist.asp?DeptCode=5*chkpm=MALL*page=21","productCode":"010489"}
[oreilly:crawl:http] [656/1290] 010486 Tray Walkers Treacle Toffee — 200 in 1716ms {"url":"https://order.oreillyswholesale.com/products/DetailsPortal.asp?product_code=010486&Page=Products&BreadPath=/products/gridlist.asp?DeptCode=5*chkpm=MALL*page=21","productCode":"010486"}
[oreilly:crawl:http] [657/1290] 039825 Tube Millions Apple — 200 in 615ms {"url":"https://order.oreillyswholesale.com/products/DetailsPortal.asp?product_code=039825&Page=Products&BreadPath=/products/gridlist.asp?DeptCode=5*chkpm=MALL*page=21","productCode":"039825"}
[oreilly:crawl:http] [658/1290] 039824 Tube Millions Blackcurrant — 200 in 667ms {"url":"https://order.oreillyswholesale.com/products/DetailsPortal.asp?product_code=039824&Page=Products&BreadPath=/products/gridlist.asp?DeptCode=5*chkpm=MALL*page=21","productCode":"039824"}
[oreilly:crawl:http] [659/1290] 039823 Tube Millions Bubblegum — 200 in 1738ms {"url":"https://order.oreillyswholesale.com/products/DetailsPortal.asp?product_code=039823&Page=Products&BreadPath=/products/gridlist.asp?DeptCode=5*chkpm=MALL*page=21","productCode":"039823"}
[oreilly:crawl:http] [660/1290] 039822 Tube Millions Cola — 200 in 499ms {"url":"https://order.oreillyswholesale.com/products/DetailsPortal.asp?product_code=039822&Page=Products&BreadPath=/products/gridlist.asp?DeptCode=5*chkpm=MALL*page=21","productCode":"039822"}
[oreilly:crawl:http] [662/1290] 039821 Tube Millions Raspberry — 200 in 807ms {"url":"https://order.oreillyswholesale.com/products/DetailsPortal.asp?product_code=039821&Page=Products&BreadPath=/products/gridlist.asp?DeptCode=5*chkpm=MALL*page=21","productCode":"039821"}
[oreilly:crawl:http] [661/1290] 039818 Tube Millions Iron Brew — 200 in 1727ms {"url":"https://order.oreillyswholesale.com/products/DetailsPortal.asp?product_code=039818&Page=Products&BreadPath=/products/gridlist.asp?DeptCode=5*chkpm=MALL*page=21","productCode":"039818"}
[oreilly:crawl:http] [663/1290] 039820 Tube Millions Strawberry — 200 in 615ms {"url":"https://order.oreillyswholesale.com/products/DetailsPortal.asp?product_code=039820&Page=Products&BreadPath=/products/gridlist.asp?DeptCode=5*chkpm=MALL*page=21","productCode":"039820"}
[oreilly:crawl:http] [664/1290] 039817 Tube Millions Watermelon — 200 in 717ms {"url":"https://order.oreillyswholesale.com/products/DetailsPortal.asp?product_code=039817&Page=Products&BreadPath=/products/gridlist.asp?DeptCode=5*chkpm=MALL*page=21","productCode":"039817"}
[oreilly:crawl:http] [665/1290] 040820 Walkers Ns - Banana Split Bar Small — 200 in 1899ms {"url":"https://order.oreillyswholesale.com/products/DetailsPortal.asp?product_code=040820&Page=Products&BreadPath=/products/gridlist.asp?DeptCode=5*chkpm=MALL*page=21","productCode":"040820"}
[oreilly:crawl:http] [666/1290] 040819 Walkers Ns - English Creamy Bar Small — 200 in 615ms {"url":"https://order.oreillyswholesale.com/products/DetailsPortal.asp?product_code=040819&Page=Products&BreadPath=/products/gridlist.asp?DeptCode=5*chkpm=MALL*page=21","productCode":"040819"}
[oreilly:crawl:http] [668/1290] 010427 Wham Bar - Orig Mega — 200 in 719ms {"url":"https://order.oreillyswholesale.com/products/DetailsPortal.asp?product_code=010427&Page=Products&BreadPath=/products/gridlist.asp?DeptCode=5*chkpm=MALL*page=21","productCode":"010427"}
[oreilly:crawl:http] [667/1290] 040818 Walkers Ns - Liquorice Toffee Bar Small — 200 in 1845ms {"url":"https://order.oreillyswholesale.com/products/DetailsPortal.asp?product_code=040818&Page=Products&BreadPath=/products/gridlist.asp?DeptCode=5*chkpm=MALL*page=21","productCode":"040818"}
[oreilly:crawl:http] [669/1290] 045676 Zed Juicy Gems Box — 200 in 490ms {"url":"https://order.oreillyswholesale.com/products/DetailsPortal.asp?product_code=045676&Page=Products&BreadPath=/products/gridlist.asp?DeptCode=5*chkpm=MALL*page=21","productCode":"045676"}
[oreilly:crawl:http] [670/1290] 042766 American Bag Jawbreaker Assorted Usa Flavours — 200 in 666ms {"url":"https://order.oreillyswholesale.com/products/DetailsPortal.asp?product_code=042766&Page=Products&BreadPath=/products/gridlist.asp?DeptCode=5*chkpm=MALL*page=21","productCode":"042766"}
[oreilly:crawl:http] [671/1290] 044779 Bag £1.15 Bazooka Juicy Drop Pop Blasts Pmp — 200 in 1844ms {"url":"https://order.oreillyswholesale.com/products/DetailsPortal.asp?product_code=044779&Page=Products&BreadPath=/products/gridlist.asp?DeptCode=5*chkpm=MALL*page=21","productCode":"044779"}
[oreilly:crawl:http] [672/1290] 048134 Bag £1.15 Bazooka Juicy Drop Pop Blasts Tropical — 200 in 412ms {"url":"https://order.oreillyswholesale.com/products/DetailsPortal.asp?product_code=048134&Page=Products&BreadPath=/products/gridlist.asp?DeptCode=5*chkpm=MALL*page=21","productCode":"048134"}
[oreilly:crawl:http] [673/1290] 044783 Bag £1.15 Bazooka Mix Ups Pmp — 200 in 848ms {"url":"https://order.oreillyswholesale.com/products/DetailsPortal.asp?product_code=044783&Page=Products&BreadPath=/products/gridlist.asp?DeptCode=5*chkpm=MALL*page=21","productCode":"044783"}
[oreilly:crawl:http] [674/1290] 044780 Bag £1.15 Bazooka Rattlerz Pmp — 200 in 1826ms {"url":"https://order.oreillyswholesale.com/products/DetailsPortal.asp?product_code=044780&Page=Products&BreadPath=/products/gridlist.asp?DeptCode=5*chkpm=MALL*page=21","productCode":"044780"}
[oreilly:crawl:http] [675/1290] 044782 Bag £1.15 Bazooka Rattlerz Sour Pmp — 200 in 411ms {"url":"https://order.oreillyswholesale.com/products/DetailsPortal.asp?product_code=044782&Page=Products&BreadPath=/products/gridlist.asp?DeptCode=5*chkpm=MALL*page=21","productCode":"044782"}
[oreilly:crawl:http] [676/1290] 044781 Bag £1.15 Bazooka Splashz Pmp — 200 in 662ms {"url":"https://order.oreillyswholesale.com/products/DetailsPortal.asp?product_code=044781&Page=Products&BreadPath=/products/gridlist.asp?DeptCode=5*chkpm=MALL*page=21","productCode":"044781"}
[oreilly:crawl:http] [677/1290] 045378 Bag £1.15 Bazooka Splashz Tropical Pmp — 200 in 1742ms {"url":"https://order.oreillyswholesale.com/products/DetailsPortal.asp?product_code=045378&Page=Products&BreadPath=/products/gridlist.asp?DeptCode=5*chkpm=MALL*page=21","productCode":"045378"}
[oreilly:crawl:http] [678/1290] 048648 Bag Mentos Berry Good — 200 in 514ms {"url":"https://order.oreillyswholesale.com/products/DetailsPortal.asp?product_code=048648&Page=Products&BreadPath=/products/gridlist.asp?DeptCode=5*chkpm=MALL*page=21","productCode":"048648"}
[oreilly:crawl:http] [679/1290] 049438 Barratt Dip Dab Dipper — 200 in 772ms {"url":"https://order.oreillyswholesale.com/products/DetailsPortal.asp?product_code=049438&Page=Products&BreadPath=/products/gridlist.asp?DeptCode=5*chkpm=MALL*page=21","productCode":"049438"}
[oreilly:crawl:http] [680/1290] 010337 Barratt Dip Dabs — 200 in 1742ms {"url":"https://order.oreillyswholesale.com/products/DetailsPortal.asp?product_code=010337&Page=Products&BreadPath=/products/gridlist.asp?DeptCode=5*chkpm=MALL*page=21","productCode":"010337"}
[oreilly:crawl:http] [681/1290] 020557 Barratt Flumps — 200 in 504ms {"url":"https://order.oreillyswholesale.com/products/DetailsPortal.asp?product_code=020557&Page=Products&BreadPath=/products/gridlist.asp?DeptCode=5*chkpm=MALL*page=21","productCode":"020557"}
[oreilly:crawl:http] [682/1290] 046219 Barratt Flumps Candy Floss Tub — 200 in 1128ms {"url":"https://order.oreillyswholesale.com/products/DetailsPortal.asp?product_code=046219&Page=Products&BreadPath=/products/gridlist.asp?DeptCode=5*chkpm=MALL*page=21","productCode":"046219"}
[oreilly:crawl:http] [683/1290] 046201 Barratt Fruit Salad Duo Drops — 200 in 1715ms {"url":"https://order.oreillyswholesale.com/products/DetailsPortal.asp?product_code=046201&Page=Products&BreadPath=/products/gridlist.asp?DeptCode=5*chkpm=MALL*page=21","productCode":"046201"}
[oreilly:crawl:http] [684/1290] 046221 Barratt Fruit Salad Floss Cup — 200 in 514ms {"url":"https://order.oreillyswholesale.com/products/DetailsPortal.asp?product_code=046221&Page=Products&BreadPath=/products/gridlist.asp?DeptCode=5*chkpm=MALL*page=21","productCode":"046221"}
[oreilly:crawl:http] [685/1290] 010333 Barratt Sherbet Fountain — 200 in 684ms {"url":"https://order.oreillyswholesale.com/products/DetailsPortal.asp?product_code=010333&Page=Products&BreadPath=/products/gridlist.asp?DeptCode=5*chkpm=MALL*page=21","productCode":"010333"}
[oreilly:crawl:http] [686/1290] 037721 Bip Pop Up Lollipop License Mix — 200 in 1718ms {"url":"https://order.oreillyswholesale.com/products/DetailsPortal.asp?product_code=037721&Page=Products&BreadPath=/products/gridlist.asp?DeptCode=5*chkpm=MALL*page=21","productCode":"037721"}
[oreilly:crawl:http] [687/1290] 046273 Brain Licker Drops — 200 in 412ms {"url":"https://order.oreillyswholesale.com/products/DetailsPortal.asp?product_code=046273&Page=Products&BreadPath=/products/gridlist.asp?DeptCode=5*chkpm=MALL*page=21","productCode":"046273"}
[oreilly:crawl:http] [688/1290] 047870 Bubbler Bubble Gum Blue Raspbery — 200 in 718ms {"url":"https://order.oreillyswholesale.com/products/DetailsPortal.asp?product_code=047870&Page=Products&BreadPath=/products/gridlist.asp?DeptCode=5*chkpm=MALL*page=21","productCode":"047870"}
[oreilly:crawl:http] [689/1290] 047871 Bubbler Bubble Gum Strawberry — 200 in 1853ms {"url":"https://order.oreillyswholesale.com/products/DetailsPortal.asp?product_code=047871&Page=Products&BreadPath=/products/gridlist.asp?DeptCode=5*chkpm=MALL*page=21","productCode":"047871"}
[oreilly:crawl:http] [691/1290] 046215 Candy Realm £1 Peach Rings Pm — 200 in 513ms {"url":"https://order.oreillyswholesale.com/products/DetailsPortal.asp?product_code=046215&Page=Products&BreadPath=/products/gridlist.asp?DeptCode=5*chkpm=MALL*page=21","productCode":"046215"}
[oreilly:crawl:http] [692/1290] 048816 Cc Factory Bag Sour & Pop Mixed Straws — 200 in 668ms {"url":"https://order.oreillyswholesale.com/products/DetailsPortal.asp?product_code=048816&Page=Products&BreadPath=/products/gridlist.asp?DeptCode=5*chkpm=MALL*page=21","productCode":"048816"}
[oreilly:crawl:http] [690/1290] 046223 Candy Realm £1 Blue Raspberry Bites Pm — 200 in 1653ms {"url":"https://order.oreillyswholesale.com/products/DetailsPortal.asp?product_code=046223&Page=Products&BreadPath=/products/gridlist.asp?DeptCode=5*chkpm=MALL*page=21","productCode":"046223"}
[oreilly:crawl:http] [693/1290] 035071 Cc Factory Big Dipper Cup — 200 in 516ms {"url":"https://order.oreillyswholesale.com/products/DetailsPortal.asp?product_code=035071&Page=Products&BreadPath=/products/gridlist.asp?DeptCode=5*chkpm=MALL*page=21","productCode":"035071"}
[oreilly:crawl:http] [695/1290] 028854 Cc Factory Candy Cans — 200 in 763ms {"url":"https://order.oreillyswholesale.com/products/DetailsPortal.asp?product_code=028854&Page=Products&BreadPath=/products/gridlist.asp?DeptCode=5*chkpm=MALL*page=21","productCode":"028854"}
[oreilly:crawl:http] [694/1290] 048815 Cc Factory Black Tongue Painting Spray — 200 in 1834ms {"url":"https://order.oreillyswholesale.com/products/DetailsPortal.asp?product_code=048815&Page=Products&BreadPath=/products/gridlist.asp?DeptCode=5*chkpm=MALL*page=21","productCode":"048815"}
[oreilly:crawl:http] [696/1290] 035777 Cc Factory Chocolate Flavoured Bean Walking Stick — 200 in 514ms {"url":"https://order.oreillyswholesale.com/products/DetailsPortal.asp?product_code=035777&Page=Products&BreadPath=/products/gridlist.asp?DeptCode=5*chkpm=MALL*page=21","productCode":"035777"}
[oreilly:crawl:http] [697/1290] 046217 Cc Factory Dip N Dunk With Lollipop — 200 in 872ms {"url":"https://order.oreillyswholesale.com/products/DetailsPortal.asp?product_code=046217&Page=Products&BreadPath=/products/gridlist.asp?DeptCode=5*chkpm=MALL*page=21","productCode":"046217"}
[oreilly:crawl:http] [698/1290] 027828 Cc Factory Double Duo Dunker — 200 in 1844ms {"url":"https://order.oreillyswholesale.com/products/DetailsPortal.asp?product_code=027828&Page=Products&BreadPath=/products/gridlist.asp?DeptCode=5*chkpm=MALL*page=21","productCode":"027828"}
[oreilly:crawl:http] [700/1290] 033371 Cc Factory Edible Paper Money — 200 in 513ms {"url":"https://order.oreillyswholesale.com/products/DetailsPortal.asp?product_code=033371&Page=Products&BreadPath=/products/gridlist.asp?DeptCode=5*chkpm=MALL*page=22","productCode":"033371"}
[oreilly:crawl:http] [699/1290] 049298 Cc Factory Dummy Dipper — 200 in 679ms {"url":"https://order.oreillyswholesale.com/products/DetailsPortal.asp?product_code=049298&Page=Products&BreadPath=/products/gridlist.asp?DeptCode=5*chkpm=MALL*page=21","productCode":"049298"}
[oreilly:crawl:http] [701/1290] 027829 Cc Factory Funny Face Light Pop — 200 in 1855ms {"url":"https://order.oreillyswholesale.com/products/DetailsPortal.asp?product_code=027829&Page=Products&BreadPath=/products/gridlist.asp?DeptCode=5*chkpm=MALL*page=22","productCode":"027829"}
[oreilly:crawl:http] [703/1290] 027835 Cc Factory Jelly Bean Machine — 200 in 513ms {"url":"https://order.oreillyswholesale.com/products/DetailsPortal.asp?product_code=027835&Page=Products&BreadPath=/products/gridlist.asp?DeptCode=5*chkpm=MALL*page=22","productCode":"027835"}
[oreilly:crawl:http] [702/1290] 049300 Cc Factory Gummy Pizza Kit — 200 in 719ms {"url":"https://order.oreillyswholesale.com/products/DetailsPortal.asp?product_code=049300&Page=Products&BreadPath=/products/gridlist.asp?DeptCode=5*chkpm=MALL*page=22","productCode":"049300"}
[oreilly:crawl:http] [704/1290] 010927 Cc Factory Milk Chocolate Money — 200 in 1749ms {"url":"https://order.oreillyswholesale.com/products/DetailsPortal.asp?product_code=010927&Page=Products&BreadPath=/products/gridlist.asp?DeptCode=5*chkpm=MALL*page=22","productCode":"010927"}
[oreilly:crawl:http] [705/1290] 027833 Cc Factory Paint Splash — 200 in 498ms {"url":"https://order.oreillyswholesale.com/products/DetailsPortal.asp?product_code=027833&Page=Products&BreadPath=/products/gridlist.asp?DeptCode=5*chkpm=MALL*page=22","productCode":"027833"}
[oreilly:crawl:http] [706/1290] 035427 Cc Factory Popping Candy — 200 in 719ms {"url":"https://order.oreillyswholesale.com/products/DetailsPortal.asp?product_code=035427&Page=Products&BreadPath=/products/gridlist.asp?DeptCode=5*chkpm=MALL*page=22","productCode":"035427"}
[oreilly:crawl:http] [707/1290] 049296 Cc Factory Push Up Duo Lollipop — 200 in 1743ms {"url":"https://order.oreillyswholesale.com/products/DetailsPortal.asp?product_code=049296&Page=Products&BreadPath=/products/gridlist.asp?DeptCode=5*chkpm=MALL*page=22","productCode":"049296"}
[oreilly:crawl:http] [708/1290] 041646 Cc Factory Quick Blast Sour Spray — 200 in 481ms {"url":"https://order.oreillyswholesale.com/products/DetailsPortal.asp?product_code=041646&Page=Products&BreadPath=/products/gridlist.asp?DeptCode=5*chkpm=MALL*page=22","productCode":"041646"}
[oreilly:crawl:http] [709/1290] 034732 Cc Factory Sports Flickerz — 200 in 802ms {"url":"https://order.oreillyswholesale.com/products/DetailsPortal.asp?product_code=034732&Page=Products&BreadPath=/products/gridlist.asp?DeptCode=5*chkpm=MALL*page=22","productCode":"034732"}
[oreilly:crawl:http] [710/1290] 027830 Cc Factory Sweet Soaker — 200 in 1708ms {"url":"https://order.oreillyswholesale.com/products/DetailsPortal.asp?product_code=027830&Page=Products&BreadPath=/products/gridlist.asp?DeptCode=5*chkpm=MALL*page=22","productCode":"027830"}
[oreilly:crawl:http] [711/1290] 027831 Cc Factory Twist N Lick Candy Ice Cream — 200 in 515ms {"url":"https://order.oreillyswholesale.com/products/DetailsPortal.asp?product_code=027831&Page=Products&BreadPath=/products/gridlist.asp?DeptCode=5*chkpm=MALL*page=22","productCode":"027831"}
[oreilly:crawl:http] [712/1290] 035383 Cc Factory Unicorn Light Pop — 200 in 903ms {"url":"https://order.oreillyswholesale.com/products/DetailsPortal.asp?product_code=035383&Page=Products&BreadPath=/products/gridlist.asp?DeptCode=5*chkpm=MALL*page=22","productCode":"035383"}
[oreilly:crawl:http] [713/1290] 028851 Cc Factory Zoo Pops — 200 in 1844ms {"url":"https://order.oreillyswholesale.com/products/DetailsPortal.asp?product_code=028851&Page=Products&BreadPath=/products/gridlist.asp?DeptCode=5*chkpm=MALL*page=22","productCode":"028851"}
[oreilly:crawl:http] [716/1290] 045491 Chupa Chups - Best Of Display — 200 in 512ms {"url":"https://order.oreillyswholesale.com/products/DetailsPortal.asp?product_code=045491&Page=Products&BreadPath=/products/gridlist.asp?DeptCode=5*chkpm=MALL*page=22","productCode":"045491"}
[oreilly:crawl:http] [715/1290] 027167 Chupa Chups - Best Of Bag — 200 in 659ms {"url":"https://order.oreillyswholesale.com/products/DetailsPortal.asp?product_code=027167&Page=Products&BreadPath=/products/gridlist.asp?DeptCode=5*chkpm=MALL*page=22","productCode":"027167"}
[oreilly:crawl:http] [714/1290] 043553 Ccc Mutations Triple Sour Squeeze — 200 in 1724ms {"url":"https://order.oreillyswholesale.com/products/DetailsPortal.asp?product_code=043553&Page=Products&BreadPath=/products/gridlist.asp?DeptCode=5*chkpm=MALL*page=22","productCode":"043553"}
[oreilly:crawl:http] [717/1290] 048647 Chupa Chups - Fruit Bag — 200 in 614ms {"url":"https://order.oreillyswholesale.com/products/DetailsPortal.asp?product_code=048647&Page=Products&BreadPath=/products/gridlist.asp?DeptCode=5*chkpm=MALL*page=22","productCode":"048647"}
[oreilly:crawl:http] [718/1290] 045492 Chupa Chups - Fruit Display — 200 in 717ms {"url":"https://order.oreillyswholesale.com/products/DetailsPortal.asp?product_code=045492&Page=Products&BreadPath=/products/gridlist.asp?DeptCode=5*chkpm=MALL*page=22","productCode":"045492"}
[oreilly:crawl:http] [719/1290] 010524 Chupa Chups - Refill Bag Best Of Variety — 200 in 1843ms {"url":"https://order.oreillyswholesale.com/products/DetailsPortal.asp?product_code=010524&Page=Products&BreadPath=/products/gridlist.asp?DeptCode=5*chkpm=MALL*page=22","productCode":"010524"}
[oreilly:crawl:http] [720/1290] 010516 Chupa Chups - Single Wheel Display — 200 in 503ms {"url":"https://order.oreillyswholesale.com/products/DetailsPortal.asp?product_code=010516&Page=Products&BreadPath=/products/gridlist.asp?DeptCode=5*chkpm=MALL*page=22","productCode":"010516"}
[oreilly:crawl:http] [721/1290] 048644 Chupa Chups - Sour Bites Bag — 200 in 756ms {"url":"https://order.oreillyswholesale.com/products/DetailsPortal.asp?product_code=048644&Page=Products&BreadPath=/products/gridlist.asp?DeptCode=5*chkpm=MALL*page=22","productCode":"048644"}
[oreilly:crawl:http] [722/1290] 048646 Chupa Chups - Sour Lolly Bag — 200 in 1796ms {"url":"https://order.oreillyswholesale.com/products/DetailsPortal.asp?product_code=048646&Page=Products&BreadPath=/products/gridlist.asp?DeptCode=5*chkpm=MALL*page=22","productCode":"048646"}
[oreilly:crawl:http] [723/1290] 048645 Chupa Chups - Sour Mini Tubes Bag — 200 in 412ms {"url":"https://order.oreillyswholesale.com/products/DetailsPortal.asp?product_code=048645&Page=Products&BreadPath=/products/gridlist.asp?DeptCode=5*chkpm=MALL*page=22","productCode":"048645"}
[oreilly:crawl:http] [724/1290] 038659 Chupa Chups - Xxl Gum — 200 in 745ms {"url":"https://order.oreillyswholesale.com/products/DetailsPortal.asp?product_code=038659&Page=Products&BreadPath=/products/gridlist.asp?DeptCode=5*chkpm=MALL*page=22","productCode":"038659"}
[oreilly:crawl:http] [725/1290] 035682 Chupa Chups Melody Pops 4 Pack — 200 in 1776ms {"url":"https://order.oreillyswholesale.com/products/DetailsPortal.asp?product_code=035682&Page=Products&BreadPath=/products/gridlist.asp?DeptCode=5*chkpm=MALL*page=22","productCode":"035682"}
[oreilly:crawl:http] [728/1290] 043035 Crilco Mix Up ?2.00 Euro Pmp — 200 in 514ms {"url":"https://order.oreillyswholesale.com/products/DetailsPortal.asp?product_code=043035&Page=Products&BreadPath=/products/gridlist.asp?DeptCode=5*chkpm=MALL*page=22","productCode":"043035"}
[oreilly:crawl:http] [726/1290] 010522 Chupa Melody Pops — 200 in 719ms {"url":"https://order.oreillyswholesale.com/products/DetailsPortal.asp?product_code=010522&Page=Products&BreadPath=/products/gridlist.asp?DeptCode=5*chkpm=MALL*page=22","productCode":"010522"}
[oreilly:crawl:http] [727/1290] 044028 Cosmic Dust Galactic Grape — 200 in 1753ms {"url":"https://order.oreillyswholesale.com/products/DetailsPortal.asp?product_code=044028&Page=Products&BreadPath=/products/gridlist.asp?DeptCode=5*chkpm=MALL*page=22","productCode":"044028"}
[oreilly:crawl:http] [729/1290] 040064 Fini Bubble Gum 6p Banana Split — 200 in 554ms {"url":"https://order.oreillyswholesale.com/products/DetailsPortal.asp?product_code=040064&Page=Products&BreadPath=/products/gridlist.asp?DeptCode=5*chkpm=MALL*page=22","productCode":"040064"}
[oreilly:crawl:http] [730/1290] 031742 Fini Bubble Gum 6p Burger — 200 in 971ms {"url":"https://order.oreillyswholesale.com/products/DetailsPortal.asp?product_code=031742&Page=Products&BreadPath=/products/gridlist.asp?DeptCode=5*chkpm=MALL*page=22","productCode":"031742"}
[oreilly:crawl:http] [731/1290] 017706 Fini Bubble Gum 6p Camel Balls — 200 in 1697ms {"url":"https://order.oreillyswholesale.com/products/DetailsPortal.asp?product_code=017706&Page=Products&BreadPath=/products/gridlist.asp?DeptCode=5*chkpm=MALL*page=22","productCode":"017706"}
[oreilly:crawl:http] [733/1290] 039117 Fini Bubble Gum 6p Tennis Balls — 200 in 411ms {"url":"https://order.oreillyswholesale.com/products/DetailsPortal.asp?product_code=039117&Page=Products&BreadPath=/products/gridlist.asp?DeptCode=5*chkpm=MALL*page=22","productCode":"039117"}
[oreilly:crawl:http] [734/1290] 031743 Fini Bubble Gum 6p Watermelon — 200 in 764ms {"url":"https://order.oreillyswholesale.com/products/DetailsPortal.asp?product_code=031743&Page=Products&BreadPath=/products/gridlist.asp?DeptCode=5*chkpm=MALL*page=22","productCode":"031743"}
[oreilly:crawl:http] [732/1290] 033815 Fini Bubble Gum 6p Cola Bottle — 200 in 1743ms {"url":"https://order.oreillyswholesale.com/products/DetailsPortal.asp?product_code=033815&Page=Products&BreadPath=/products/gridlist.asp?DeptCode=5*chkpm=MALL*page=22","productCode":"033815"}
[oreilly:crawl:http] [735/1290] 047965 Fini Fizzy Cola Lollies — 200 in 450ms {"url":"https://order.oreillyswholesale.com/products/DetailsPortal.asp?product_code=047965&Page=Products&BreadPath=/products/gridlist.asp?DeptCode=5*chkpm=MALL*page=22","productCode":"047965"}
[oreilly:crawl:http] [736/1290] 049280 Fini Roller Fantasia — 200 in 701ms {"url":"https://order.oreillyswholesale.com/products/DetailsPortal.asp?product_code=049280&Page=Products&BreadPath=/products/gridlist.asp?DeptCode=5*chkpm=MALL*page=22","productCode":"049280"}
[oreilly:crawl:http] [737/1290] 031752 Fini Roller Raspberry — 200 in 1782ms {"url":"https://order.oreillyswholesale.com/products/DetailsPortal.asp?product_code=031752&Page=Products&BreadPath=/products/gridlist.asp?DeptCode=5*chkpm=MALL*page=22","productCode":"031752"}
[oreilly:crawl:http] [738/1290] 048802 Fini Roller Raspberry — 200 in 446ms {"url":"https://order.oreillyswholesale.com/products/DetailsPortal.asp?product_code=048802&Page=Products&BreadPath=/products/gridlist.asp?DeptCode=5*chkpm=MALL*page=22","productCode":"048802"}
[oreilly:crawl:http] [739/1290] 031750 Fini Roller Strawberry — 200 in 680ms {"url":"https://order.oreillyswholesale.com/products/DetailsPortal.asp?product_code=031750&Page=Products&BreadPath=/products/gridlist.asp?DeptCode=5*chkpm=MALL*page=22","productCode":"031750"}
[oreilly:crawl:http] [740/1290] 031747 Fini Tub Apple Pencils — 200 in 1749ms {"url":"https://order.oreillyswholesale.com/products/DetailsPortal.asp?product_code=031747&Page=Products&BreadPath=/products/gridlist.asp?DeptCode=5*chkpm=MALL*page=22","productCode":"031747"}
[oreilly:crawl:http] [741/1290] 031745 Fini Tub Raspberry Pencils — 200 in 541ms {"url":"https://order.oreillyswholesale.com/products/DetailsPortal.asp?product_code=031745&Page=Products&BreadPath=/products/gridlist.asp?DeptCode=5*chkpm=MALL*page=22","productCode":"031745"}
[oreilly:crawl:http] [742/1290] 031744 Fini Tub Strawberry Pencils — 200 in 763ms {"url":"https://order.oreillyswholesale.com/products/DetailsPortal.asp?product_code=031744&Page=Products&BreadPath=/products/gridlist.asp?DeptCode=5*chkpm=MALL*page=22","productCode":"031744"}
[oreilly:crawl:http] [743/1290] 031746 Fini Tub Tutti Frutti Pencils — 200 in 1785ms {"url":"https://order.oreillyswholesale.com/products/DetailsPortal.asp?product_code=031746&Page=Products&BreadPath=/products/gridlist.asp?DeptCode=5*chkpm=MALL*page=22","productCode":"031746"}
[oreilly:crawl:http] [744/1290] 047632 Fini Vit C Lollies — 200 in 514ms {"url":"https://order.oreillyswholesale.com/products/DetailsPortal.asp?product_code=047632&Page=Products&BreadPath=/products/gridlist.asp?DeptCode=5*chkpm=MALL*page=22","productCode":"047632"}
[oreilly:crawl:http] [745/1290] 010419 Fudgy Wudgys — 200 in 679ms {"url":"https://order.oreillyswholesale.com/products/DetailsPortal.asp?product_code=010419&Page=Products&BreadPath=/products/gridlist.asp?DeptCode=5*chkpm=MALL*page=22","productCode":"010419"}
[oreilly:crawl:http] [746/1290] 045067 Funriders Croc Pop — 200 in 1743ms {"url":"https://order.oreillyswholesale.com/products/DetailsPortal.asp?product_code=045067&Page=Products&BreadPath=/products/gridlist.asp?DeptCode=5*chkpm=MALL*page=22","productCode":"045067"}
[oreilly:crawl:http] [747/1290] 045066 Funriders Frog Pop — 200 in 474ms {"url":"https://order.oreillyswholesale.com/products/DetailsPortal.asp?product_code=045066&Page=Products&BreadPath=/products/gridlist.asp?DeptCode=5*chkpm=MALL*page=22","productCode":"045066"}
[oreilly:crawl:http] [748/1290] 045065 Funriders Mobile Pop — 200 in 616ms {"url":"https://order.oreillyswholesale.com/products/DetailsPortal.asp?product_code=045065&Page=Products&BreadPath=/products/gridlist.asp?DeptCode=5*chkpm=MALL*page=22","productCode":"045065"}
[oreilly:crawl:http] [749/1290] 045062 Funriders Picker Pop — 200 in 700ms {"url":"https://order.oreillyswholesale.com/products/DetailsPortal.asp?product_code=045062&Page=Products&BreadPath=/products/gridlist.asp?DeptCode=5*chkpm=MALL*page=22","productCode":"045062"}
[oreilly:crawl:http] [750/1290] 045063 Funriders Plunger Pop — 200 in 408ms {"url":"https://order.oreillyswholesale.com/products/DetailsPortal.asp?product_code=045063&Page=Products&BreadPath=/products/gridlist.asp?DeptCode=5*chkpm=MALL*page=23","productCode":"045063"}
[oreilly:crawl:http] [752/1290] 045064 Funriders Sour Explosions — 200 in 782ms {"url":"https://order.oreillyswholesale.com/products/DetailsPortal.asp?product_code=045064&Page=Products&BreadPath=/products/gridlist.asp?DeptCode=5*chkpm=MALL*page=23","productCode":"045064"}
[oreilly:crawl:http] [751/1290] 045068 Funriders Shark Attack Pop — 200 in 1797ms {"url":"https://order.oreillyswholesale.com/products/DetailsPortal.asp?product_code=045068&Page=Products&BreadPath=/products/gridlist.asp?DeptCode=5*chkpm=MALL*page=23","productCode":"045068"}
[oreilly:crawl:http] [753/1290] 045069 Funriders Wild Monkey Candy Stick — 200 in 513ms {"url":"https://order.oreillyswholesale.com/products/DetailsPortal.asp?product_code=045069&Page=Products&BreadPath=/products/gridlist.asp?DeptCode=5*chkpm=MALL*page=23","productCode":"045069"}
[oreilly:crawl:http] [755/1290] 046307 Gumi Yum Surprise Transformers — 200 in 721ms {"url":"https://order.oreillyswholesale.com/products/DetailsPortal.asp?product_code=046307&Page=Products&BreadPath=/products/gridlist.asp?DeptCode=5*chkpm=MALL*page=23","productCode":"046307"}
[oreilly:crawl:http] [754/1290] 045070 Funriders Wild Shark Candy Stick — 200 in 1743ms {"url":"https://order.oreillyswholesale.com/products/DetailsPortal.asp?product_code=045070&Page=Products&BreadPath=/products/gridlist.asp?DeptCode=5*chkpm=MALL*page=23","productCode":"045070"}
[oreilly:crawl:http] [756/1290] 046306 Gumi Yum Surprise Wildlife — 200 in 443ms {"url":"https://order.oreillyswholesale.com/products/DetailsPortal.asp?product_code=046306&Page=Products&BreadPath=/products/gridlist.asp?DeptCode=5*chkpm=MALL*page=23","productCode":"046306"}
[oreilly:crawl:http] [757/1290] 048876 Gummi King Fries — 200 in 687ms {"url":"https://order.oreillyswholesale.com/products/DetailsPortal.asp?product_code=048876&Page=Products&BreadPath=/products/gridlist.asp?DeptCode=5*chkpm=MALL*page=23","productCode":"048876"}
[oreilly:crawl:http] [758/1290] 048875 Gummi King Jumbo Burger — 200 in 1650ms {"url":"https://order.oreillyswholesale.com/products/DetailsPortal.asp?product_code=048875&Page=Products&BreadPath=/products/gridlist.asp?DeptCode=5*chkpm=MALL*page=23","productCode":"048875"}
[oreilly:crawl:http] [759/1290] 048877 Gummi King Noodles — 200 in 438ms {"url":"https://order.oreillyswholesale.com/products/DetailsPortal.asp?product_code=048877&Page=Products&BreadPath=/products/gridlist.asp?DeptCode=5*chkpm=MALL*page=23","productCode":"048877"}
[oreilly:crawl:http] [761/1290] 048878 Gummi King Taco — 200 in 746ms {"url":"https://order.oreillyswholesale.com/products/DetailsPortal.asp?product_code=048878&Page=Products&BreadPath=/products/gridlist.asp?DeptCode=5*chkpm=MALL*page=23","productCode":"048878"}
[oreilly:crawl:http] [760/1290] 048874 Gummi King Pizza — 200 in 1668ms {"url":"https://order.oreillyswholesale.com/products/DetailsPortal.asp?product_code=048874&Page=Products&BreadPath=/products/gridlist.asp?DeptCode=5*chkpm=MALL*page=23","productCode":"048874"}
[oreilly:crawl:http] [762/1290] 037746 Gummi Zone Big Burger — 200 in 408ms {"url":"https://order.oreillyswholesale.com/products/DetailsPortal.asp?product_code=037746&Page=Products&BreadPath=/products/gridlist.asp?DeptCode=5*chkpm=MALL*page=23","productCode":"037746"}
[oreilly:crawl:http] [763/1290] 044333 Gummi Zone Big Doggie — 200 in 867ms {"url":"https://order.oreillyswholesale.com/products/DetailsPortal.asp?product_code=044333&Page=Products&BreadPath=/products/gridlist.asp?DeptCode=5*chkpm=MALL*page=23","productCode":"044333"}
[oreilly:crawl:http] [764/1290] 037747 Gummi Zone Burger Countline — 200 in 1891ms {"url":"https://order.oreillyswholesale.com/products/DetailsPortal.asp?product_code=037747&Page=Products&BreadPath=/products/gridlist.asp?DeptCode=5*chkpm=MALL*page=23","productCode":"037747"}
[oreilly:crawl:http] [765/1290] 037748 Gummi Zone Doggie Countline — 200 in 456ms {"url":"https://order.oreillyswholesale.com/products/DetailsPortal.asp?product_code=037748&Page=Products&BreadPath=/products/gridlist.asp?DeptCode=5*chkpm=MALL*page=23","productCode":"037748"}
[oreilly:crawl:http] [766/1290] 037745 Gummi Zone Doughnuts Tray — 200 in 672ms {"url":"https://order.oreillyswholesale.com/products/DetailsPortal.asp?product_code=037745&Page=Products&BreadPath=/products/gridlist.asp?DeptCode=5*chkpm=MALL*page=23","productCode":"037745"}
[oreilly:crawl:http] [767/1290] 044265 Gummi Zone Fast Food Mini Burger — 200 in 821ms {"url":"https://order.oreillyswholesale.com/products/DetailsPortal.asp?product_code=044265&Page=Products&BreadPath=/products/gridlist.asp?DeptCode=5*chkpm=MALL*page=23","productCode":"044265"}
[oreilly:crawl:http] [768/1290] 048951 Gummi Zone Fast Food Pizza Bag — 200 in 464ms {"url":"https://order.oreillyswholesale.com/products/DetailsPortal.asp?product_code=048951&Page=Products&BreadPath=/products/gridlist.asp?DeptCode=5*chkpm=MALL*page=23","productCode":"048951"}
[oreilly:crawl:http] [769/1290] 037925 Gummi Zone Mega Pizza Tray — 200 in 666ms {"url":"https://order.oreillyswholesale.com/products/DetailsPortal.asp?product_code=037925&Page=Products&BreadPath=/products/gridlist.asp?DeptCode=5*chkpm=MALL*page=23","productCode":"037925"}
[oreilly:crawl:http] [770/1290] 044339 Gummi Zone Pizza Countline — 200 in 1743ms {"url":"https://order.oreillyswholesale.com/products/DetailsPortal.asp?product_code=044339&Page=Products&BreadPath=/products/gridlist.asp?DeptCode=5*chkpm=MALL*page=23","productCode":"044339"}
[oreilly:crawl:http] [771/1290] 039446 Gummi Zone Pizza Tray Xxl — 200 in 563ms {"url":"https://order.oreillyswholesale.com/products/DetailsPortal.asp?product_code=039446&Page=Products&BreadPath=/products/gridlist.asp?DeptCode=5*chkpm=MALL*page=23","productCode":"039446"}
[oreilly:crawl:http] [772/1290] 037728 Kidsmania Chatty Chomper — 200 in 767ms {"url":"https://order.oreillyswholesale.com/products/DetailsPortal.asp?product_code=037728&Page=Products&BreadPath=/products/gridlist.asp?DeptCode=5*chkpm=MALL*page=23","productCode":"037728"}
[oreilly:crawl:http] [773/1290] 037568 Kidsmania Flip Phone Pop Lollipop — 200 in 1731ms {"url":"https://order.oreillyswholesale.com/products/DetailsPortal.asp?product_code=037568&Page=Products&BreadPath=/products/gridlist.asp?DeptCode=5*chkpm=MALL*page=23","productCode":"037568"}
[oreilly:crawl:http] [776/1290] 037726 Kidsmania Grab Pop — 200 in 515ms {"url":"https://order.oreillyswholesale.com/products/DetailsPortal.asp?product_code=037726&Page=Products&BreadPath=/products/gridlist.asp?DeptCode=5*chkpm=MALL*page=23","productCode":"037726"}
[oreilly:crawl:http] [774/1290] 037724 Kidsmania Froggy Chomp — 200 in 925ms {"url":"https://order.oreillyswholesale.com/products/DetailsPortal.asp?product_code=037724&Page=Products&BreadPath=/products/gridlist.asp?DeptCode=5*chkpm=MALL*page=23","productCode":"037724"}
[oreilly:crawl:http] [775/1290] 037569 Kidsmania Gator Chomp Candy Lollipop Variety — 200 in 1743ms {"url":"https://order.oreillyswholesale.com/products/DetailsPortal.asp?product_code=037569&Page=Products&BreadPath=/products/gridlist.asp?DeptCode=5*chkpm=MALL*page=23","productCode":"037569"}
[oreilly:crawl:http] [777/1290] 037733 Kidsmania Ploplets — 200 in 513ms {"url":"https://order.oreillyswholesale.com/products/DetailsPortal.asp?product_code=037733&Page=Products&BreadPath=/products/gridlist.asp?DeptCode=5*chkpm=MALL*page=23","productCode":"037733"}
[oreilly:crawl:http] [779/1290] 037734 Kidsmania Sour Blast Candy Spray — 200 in 648ms {"url":"https://order.oreillyswholesale.com/products/DetailsPortal.asp?product_code=037734&Page=Products&BreadPath=/products/gridlist.asp?DeptCode=5*chkpm=MALL*page=23","productCode":"037734"}
[oreilly:crawl:http] [778/1290] 047357 Kidsmania Potty Mouth — 200 in 1877ms {"url":"https://order.oreillyswholesale.com/products/DetailsPortal.asp?product_code=047357&Page=Products&BreadPath=/products/gridlist.asp?DeptCode=5*chkpm=MALL*page=23","productCode":"047357"}
[oreilly:crawl:http] [781/1290] 037730 Kidsmania Wacky Monkey — 200 in 499ms {"url":"https://order.oreillyswholesale.com/products/DetailsPortal.asp?product_code=037730&Page=Products&BreadPath=/products/gridlist.asp?DeptCode=5*chkpm=MALL*page=23","productCode":"037730"}
[oreilly:crawl:http] [780/1290] 037729 Kidsmania Sour Flush — 200 in 909ms {"url":"https://order.oreillyswholesale.com/products/DetailsPortal.asp?product_code=037729&Page=Products&BreadPath=/products/gridlist.asp?DeptCode=5*chkpm=MALL*page=23","productCode":"037729"}
[oreilly:crawl:http] [782/1290] 041643 Kidsmania Yoyo Mania — 200 in 1728ms {"url":"https://order.oreillyswholesale.com/products/DetailsPortal.asp?product_code=041643&Page=Products&BreadPath=/products/gridlist.asp?DeptCode=5*chkpm=MALL*page=23","productCode":"041643"}
[oreilly:crawl:http] [785/1290] 039695 Kinder Surprise T36 — 200 in 414ms {"url":"https://order.oreillyswholesale.com/products/DetailsPortal.asp?product_code=039695&Page=Products&BreadPath=/products/gridlist.asp?DeptCode=5*chkpm=MALL*page=23","productCode":"039695"}
[oreilly:crawl:http] [783/1290] 048948 Kinder Joy T3 — 200 in 705ms {"url":"https://order.oreillyswholesale.com/products/DetailsPortal.asp?product_code=048948&Page=Products&BreadPath=/products/gridlist.asp?DeptCode=5*chkpm=MALL*page=23","productCode":"048948"}
[oreilly:crawl:http] [784/1290] 040965 Kinder Surprise Animal Adventures T3 — 200 in 1735ms {"url":"https://order.oreillyswholesale.com/products/DetailsPortal.asp?product_code=040965&Page=Products&BreadPath=/products/gridlist.asp?DeptCode=5*chkpm=MALL*page=23","productCode":"040965"}
[oreilly:crawl:http] [786/1290] 047178 Maxi Dracula Pop — 200 in 617ms {"url":"https://order.oreillyswholesale.com/products/DetailsPortal.asp?product_code=047178&Page=Products&BreadPath=/products/gridlist.asp?DeptCode=5*chkpm=MALL*page=23","productCode":"047178"}
[oreilly:crawl:http] [788/1290] 045076 Mouth Glower Sour Brain Dipper — 200 in 776ms {"url":"https://order.oreillyswholesale.com/products/DetailsPortal.asp?product_code=045076&Page=Products&BreadPath=/products/gridlist.asp?DeptCode=5*chkpm=MALL*page=23","productCode":"045076"}
[oreilly:crawl:http] [787/1290] 045073 Mouth Glower Sour & Fizz — 200 in 1846ms {"url":"https://order.oreillyswholesale.com/products/DetailsPortal.asp?product_code=045073&Page=Products&BreadPath=/products/gridlist.asp?DeptCode=5*chkpm=MALL*page=23","productCode":"045073"}
[oreilly:crawl:http] [791/1290] 045075 Mouth Glower Tongue Painter — 200 in 430ms {"url":"https://order.oreillyswholesale.com/products/DetailsPortal.asp?product_code=045075&Page=Products&BreadPath=/products/gridlist.asp?DeptCode=5*chkpm=MALL*page=23","productCode":"045075"}
[oreilly:crawl:http] [789/1290] 045071 Mouth Glower Sour Foam — 200 in 661ms {"url":"https://order.oreillyswholesale.com/products/DetailsPortal.asp?product_code=045071&Page=Products&BreadPath=/products/gridlist.asp?DeptCode=5*chkpm=MALL*page=23","productCode":"045071"}
[oreilly:crawl:http] [790/1290] 045074 Mouth Glower Sour Roller — 200 in 1742ms {"url":"https://order.oreillyswholesale.com/products/DetailsPortal.asp?product_code=045074&Page=Products&BreadPath=/products/gridlist.asp?DeptCode=5*chkpm=MALL*page=23","productCode":"045074"}
[oreilly:crawl:http] [792/1290] 010503 Roll Hanna Brain Licker — 200 in 403ms {"url":"https://order.oreillyswholesale.com/products/DetailsPortal.asp?product_code=010503&Page=Products&BreadPath=/products/gridlist.asp?DeptCode=5*chkpm=MALL*page=23","productCode":"010503"}
[oreilly:crawl:http] [793/1290] 045499 Roll Hanna Brain Licker Black & Cherry Sour Apple — 200 in 808ms {"url":"https://order.oreillyswholesale.com/products/DetailsPortal.asp?product_code=045499&Page=Products&BreadPath=/products/gridlist.asp?DeptCode=5*chkpm=MALL*page=23","productCode":"045499"}
[oreilly:crawl:http] [794/1290] 010514 Roll Hanna Lickedy Lips — 200 in 1832ms {"url":"https://order.oreillyswholesale.com/products/DetailsPortal.asp?product_code=010514&Page=Products&BreadPath=/products/gridlist.asp?DeptCode=5*chkpm=MALL*page=23","productCode":"010514"}
[oreilly:crawl:http] [795/1290] 039922 Roll Screamers Big Lick - Blue Razz Super Sour — 200 in 425ms {"url":"https://order.oreillyswholesale.com/products/DetailsPortal.asp?product_code=039922&Page=Products&BreadPath=/products/gridlist.asp?DeptCode=5*chkpm=MALL*page=23","productCode":"039922"}
[oreilly:crawl:http] [796/1290] 040400 Roll Screamers Big Lick - Purple Razz Super Sour — 200 in 833ms {"url":"https://order.oreillyswholesale.com/products/DetailsPortal.asp?product_code=040400&Page=Products&BreadPath=/products/gridlist.asp?DeptCode=5*chkpm=MALL*page=23","productCode":"040400"}
[oreilly:crawl:http] [797/1290] 047358 Souracha Super Sour Candy Sauce — 200 in 1756ms {"url":"https://order.oreillyswholesale.com/products/DetailsPortal.asp?product_code=047358&Page=Products&BreadPath=/products/gridlist.asp?DeptCode=5*chkpm=MALL*page=23","productCode":"047358"}
[oreilly:crawl:http] [798/1290] 032609 Surprise Egg Lol Chocolate Egg — 200 in 425ms {"url":"https://order.oreillyswholesale.com/products/DetailsPortal.asp?product_code=032609&Page=Products&BreadPath=/products/gridlist.asp?DeptCode=5*chkpm=MALL*page=23","productCode":"032609"}
[oreilly:crawl:http] [799/1290] 037550 Surprise Egg Spongebob Chocolate Egg — 200 in 822ms {"url":"https://order.oreillyswholesale.com/products/DetailsPortal.asp?product_code=037550&Page=Products&BreadPath=/products/gridlist.asp?DeptCode=5*chkpm=MALL*page=23","productCode":"037550"}
[oreilly:crawl:http] [800/1290] 037551 Surprise Egg Unicorns Chocolate Egg — 200 in 1949ms {"url":"https://order.oreillyswholesale.com/products/DetailsPortal.asp?product_code=037551&Page=Products&BreadPath=/products/gridlist.asp?DeptCode=5*chkpm=MALL*page=24","productCode":"037551"}
[oreilly:products:sync] progress 800/1290 (62%) — ok 800, failed 0, lanes 3, elapsed 8m 29s, ETA 5m 12s
[oreilly:crawl:http] [801/1290] 035763 Sweet Bandit Bubble Dust — 200 in 499ms {"url":"https://order.oreillyswholesale.com/products/DetailsPortal.asp?product_code=035763&Page=Products&BreadPath=/products/gridlist.asp?DeptCode=5*chkpm=MALL*page=24","productCode":"035763"}
[oreilly:crawl:http] [803/1290] 049297 Sweet Bandit Galaxy Rocks Gum £1 Pmp — 200 in 806ms {"url":"https://order.oreillyswholesale.com/products/DetailsPortal.asp?product_code=049297&Page=Products&BreadPath=/products/gridlist.asp?DeptCode=5*chkpm=MALL*page=24","productCode":"049297"}
[oreilly:crawl:http] [802/1290] 049299 Sweet Bandit Cosmic Rattlez £1 Pmp — 200 in 1830ms {"url":"https://order.oreillyswholesale.com/products/DetailsPortal.asp?product_code=049299&Page=Products&BreadPath=/products/gridlist.asp?DeptCode=5*chkpm=MALL*page=24","productCode":"049299"}
[oreilly:crawl:http] [805/1290] 037297 Sweet Bandit Ooze Tube — 200 in 554ms {"url":"https://order.oreillyswholesale.com/products/DetailsPortal.asp?product_code=037297&Page=Products&BreadPath=/products/gridlist.asp?DeptCode=5*chkpm=MALL*page=24","productCode":"037297"}
[oreilly:crawl:http] [804/1290] 035766 Sweet Bandit Mad Science Mini Chew — 200 in 719ms {"url":"https://order.oreillyswholesale.com/products/DetailsPortal.asp?product_code=035766&Page=Products&BreadPath=/products/gridlist.asp?DeptCode=5*chkpm=MALL*page=24","productCode":"035766"}
[oreilly:crawl:http] [806/1290] 010601 Swizz Candy Whistles — 200 in 1772ms {"url":"https://order.oreillyswholesale.com/products/DetailsPortal.asp?product_code=010601&Page=Products&BreadPath=/products/gridlist.asp?DeptCode=5*chkpm=MALL*page=24","productCode":"010601"}
[oreilly:crawl:http] [807/1290] 016372 Swizz Double Dip Orange & Cherry — 200 in 514ms {"url":"https://order.oreillyswholesale.com/products/DetailsPortal.asp?product_code=016372&Page=Products&BreadPath=/products/gridlist.asp?DeptCode=5*chkpm=MALL*page=24","productCode":"016372"}
[oreilly:crawl:http] [808/1290] 037034 Swizz Double Lolly Disp Box — 200 in 772ms {"url":"https://order.oreillyswholesale.com/products/DetailsPortal.asp?product_code=037034&Page=Products&BreadPath=/products/gridlist.asp?DeptCode=5*chkpm=MALL*page=24","productCode":"037034"}
[oreilly:crawl:http] [809/1290] 017266 Swizz Double Lolly Mega Wrapped — 200 in 1712ms {"url":"https://order.oreillyswholesale.com/products/DetailsPortal.asp?product_code=017266&Page=Products&BreadPath=/products/gridlist.asp?DeptCode=5*chkpm=MALL*page=24","productCode":"017266"}
[oreilly:crawl:http] [810/1290] 010644 Swizz Drumstick Mega — 200 in 416ms {"url":"https://order.oreillyswholesale.com/products/DetailsPortal.asp?product_code=010644&Page=Products&BreadPath=/products/gridlist.asp?DeptCode=5*chkpm=MALL*page=24","productCode":"010644"}
[oreilly:crawl:http] [812/1290] 037032 Swizz Fruity Pop Lolly Disp Box — 200 in 772ms {"url":"https://order.oreillyswholesale.com/products/DetailsPortal.asp?product_code=037032&Page=Products&BreadPath=/products/gridlist.asp?DeptCode=5*chkpm=MALL*page=24","productCode":"037032"}
[oreilly:crawl:http] [811/1290] 033463 Swizz Flic N Lic — 200 in 1747ms {"url":"https://order.oreillyswholesale.com/products/DetailsPortal.asp?product_code=033463&Page=Products&BreadPath=/products/gridlist.asp?DeptCode=5*chkpm=MALL*page=24","productCode":"033463"}
[oreilly:crawl:http] [813/1290] 010623 Swizz Love Heart Lipstick — 200 in 418ms {"url":"https://order.oreillyswholesale.com/products/DetailsPortal.asp?product_code=010623&Page=Products&BreadPath=/products/gridlist.asp?DeptCode=5*chkpm=MALL*page=24","productCode":"010623"}
[oreilly:crawl:http] [814/1290] 048706 Swizz Sour Triple Dip — 200 in 839ms {"url":"https://order.oreillyswholesale.com/products/DetailsPortal.asp?product_code=048706&Page=Products&BreadPath=/products/gridlist.asp?DeptCode=5*chkpm=MALL*page=24","productCode":"048706"}
[oreilly:crawl:http] [815/1290] 033462 Swizz Super Baby Bottle — 200 in 1863ms {"url":"https://order.oreillyswholesale.com/products/DetailsPortal.asp?product_code=033462&Page=Products&BreadPath=/products/gridlist.asp?DeptCode=5*chkpm=MALL*page=24","productCode":"033462"}
[oreilly:crawl:http] [816/1290] 010482 Topps Big Baby Pop Classic — 200 in 553ms {"url":"https://order.oreillyswholesale.com/products/DetailsPortal.asp?product_code=010482&Page=Products&BreadPath=/products/gridlist.asp?DeptCode=5*chkpm=MALL*page=24","productCode":"010482"}
[oreilly:crawl:http] [818/1290] 045377 Topps Flip & Dip Push Pop — 200 in 840ms {"url":"https://order.oreillyswholesale.com/products/DetailsPortal.asp?product_code=045377&Page=Products&BreadPath=/products/gridlist.asp?DeptCode=5*chkpm=MALL*page=24","productCode":"045377"}
[oreilly:crawl:http] [817/1290] 045296 Topps Big Baby Pop Sour — 200 in 1813ms {"url":"https://order.oreillyswholesale.com/products/DetailsPortal.asp?product_code=045296&Page=Products&BreadPath=/products/gridlist.asp?DeptCode=5*chkpm=MALL*page=24","productCode":"045296"}
[oreilly:crawl:http] [819/1290] 038310 Topps Juicy Drop Chews — 200 in 424ms {"url":"https://order.oreillyswholesale.com/products/DetailsPortal.asp?product_code=038310&Page=Products&BreadPath=/products/gridlist.asp?DeptCode=5*chkpm=MALL*page=24","productCode":"038310"}
[oreilly:crawl:http] [821/1290] 028214 Topps Juicy Drop Pop Gummies — 200 in 682ms {"url":"https://order.oreillyswholesale.com/products/DetailsPortal.asp?product_code=028214&Page=Products&BreadPath=/products/gridlist.asp?DeptCode=5*chkpm=MALL*page=24","productCode":"028214"}
[oreilly:crawl:http] [820/1290] 040611 Topps Juicy Drop Gummy Dipperz — 200 in 1743ms {"url":"https://order.oreillyswholesale.com/products/DetailsPortal.asp?product_code=040611&Page=Products&BreadPath=/products/gridlist.asp?DeptCode=5*chkpm=MALL*page=24","productCode":"040611"}
[oreilly:crawl:http] [822/1290] 010483 Topps Juicy Drop Pops — 200 in 444ms {"url":"https://order.oreillyswholesale.com/products/DetailsPortal.asp?product_code=010483&Page=Products&BreadPath=/products/gridlist.asp?DeptCode=5*chkpm=MALL*page=24","productCode":"010483"}
[oreilly:crawl:http] [823/1290] 045297 Topps Mega Push Pop — 200 in 830ms {"url":"https://order.oreillyswholesale.com/products/DetailsPortal.asp?product_code=045297&Page=Products&BreadPath=/products/gridlist.asp?DeptCode=5*chkpm=MALL*page=24","productCode":"045297"}
[oreilly:crawl:http] [824/1290] 033883 Topps Push Pop Dipperz — 200 in 1771ms {"url":"https://order.oreillyswholesale.com/products/DetailsPortal.asp?product_code=033883&Page=Products&BreadPath=/products/gridlist.asp?DeptCode=5*chkpm=MALL*page=24","productCode":"033883"}
[oreilly:crawl:http] [825/1290] 034287 Topps Push Pop Flip - Bazooka — 200 in 411ms {"url":"https://order.oreillyswholesale.com/products/DetailsPortal.asp?product_code=034287&Page=Products&BreadPath=/products/gridlist.asp?DeptCode=5*chkpm=MALL*page=24","productCode":"034287"}
[oreilly:crawl:http] [826/1290] 010479 Topps Push Pop Original — 200 in 513ms {"url":"https://order.oreillyswholesale.com/products/DetailsPortal.asp?product_code=010479&Page=Products&BreadPath=/products/gridlist.asp?DeptCode=5*chkpm=MALL*page=24","productCode":"010479"}
[oreilly:crawl:http] [827/1290] 010474 Topps Push Pop Triple Power — 200 in 675ms {"url":"https://order.oreillyswholesale.com/products/DetailsPortal.asp?product_code=010474&Page=Products&BreadPath=/products/gridlist.asp?DeptCode=5*chkpm=MALL*page=24","productCode":"010474"}
[oreilly:crawl:http] [828/1290] 010473 Topps Ring Pops — 200 in 507ms {"url":"https://order.oreillyswholesale.com/products/DetailsPortal.asp?product_code=010473&Page=Products&BreadPath=/products/gridlist.asp?DeptCode=5*chkpm=MALL*page=24","productCode":"010473"}
[oreilly:crawl:http] [829/1290] 043690 Toxic Waste Chew Bar Apple — 200 in 719ms {"url":"https://order.oreillyswholesale.com/products/DetailsPortal.asp?product_code=043690&Page=Products&BreadPath=/products/gridlist.asp?DeptCode=5*chkpm=MALL*page=24","productCode":"043690"}
[oreilly:crawl:http] [830/1290] 029634 Toxic Waste Chew Bar Blue Rasp — 200 in 2049ms {"url":"https://order.oreillyswholesale.com/products/DetailsPortal.asp?product_code=029634&Page=Products&BreadPath=/products/gridlist.asp?DeptCode=5*chkpm=MALL*page=24","productCode":"029634"}
[oreilly:crawl:http] [832/1290] 028270 Toxic Waste Drum Yellow — 200 in 514ms {"url":"https://order.oreillyswholesale.com/products/DetailsPortal.asp?product_code=028270&Page=Products&BreadPath=/products/gridlist.asp?DeptCode=5*chkpm=MALL*page=24","productCode":"028270"}
[oreilly:crawl:http] [831/1290] 043691 Toxic Waste Chew Bar Cherry — 200 in 719ms {"url":"https://order.oreillyswholesale.com/products/DetailsPortal.asp?product_code=043691&Page=Products&BreadPath=/products/gridlist.asp?DeptCode=5*chkpm=MALL*page=24","productCode":"043691"}
[oreilly:crawl:http] [833/1290] 035541 Trolli Xxl Gummy Burgers - Jelly Sweets — 200 in 1844ms {"url":"https://order.oreillyswholesale.com/products/DetailsPortal.asp?product_code=035541&Page=Products&BreadPath=/products/gridlist.asp?DeptCode=5*chkpm=MALL*page=24","productCode":"035541"}
[oreilly:crawl:http] [835/1290] 043227 Tub Red Band Jelly Fish — 200 in 502ms {"url":"https://order.oreillyswholesale.com/products/DetailsPortal.asp?product_code=043227&Page=Products&BreadPath=/products/gridlist.asp?DeptCode=5*chkpm=MALL*page=24","productCode":"043227"}
[oreilly:crawl:http] [834/1290] 035651 Tub Red Band Giant Sour Tongues — 200 in 707ms {"url":"https://order.oreillyswholesale.com/products/DetailsPortal.asp?product_code=035651&Page=Products&BreadPath=/products/gridlist.asp?DeptCode=5*chkpm=MALL*page=24","productCode":"035651"}
[oreilly:crawl:http] [836/1290] 026316 Vidal Zoom Lolly Tongue Painter — 200 in 1833ms {"url":"https://order.oreillyswholesale.com/products/DetailsPortal.asp?product_code=026316&Page=Products&BreadPath=/products/gridlist.asp?DeptCode=5*chkpm=MALL*page=24","productCode":"026316"}
[oreilly:crawl:http] [838/1290] 041762 Zed Candy Screamers Sour Gel — 200 in 397ms {"url":"https://order.oreillyswholesale.com/products/DetailsPortal.asp?product_code=041762&Page=Products&BreadPath=/products/gridlist.asp?DeptCode=5*chkpm=MALL*page=24","productCode":"041762"}
[oreilly:crawl:http] [837/1290] 041761 Zed Candy Screamers Powder Tubes — 200 in 806ms {"url":"https://order.oreillyswholesale.com/products/DetailsPortal.asp?product_code=041761&Page=Products&BreadPath=/products/gridlist.asp?DeptCode=5*chkpm=MALL*page=24","productCode":"041761"}
[oreilly:crawl:http] [839/1290] 040038 Zed Jawbreaker 6 Ball Sour Apple Gum - Non Pmp 65p — 200 in 1829ms {"url":"https://order.oreillyswholesale.com/products/DetailsPortal.asp?product_code=040038&Page=Products&BreadPath=/products/gridlist.asp?DeptCode=5*chkpm=MALL*page=24","productCode":"040038"}
[oreilly:crawl:http] [841/1290] 038707 Bag Jakemans Honey & Lemon — 200 in 441ms {"url":"https://order.oreillyswholesale.com/products/DetailsPortal.asp?product_code=038707&Page=Products&BreadPath=/products/gridlist.asp?DeptCode=5*chkpm=MALL*page=24","productCode":"038707"}
[oreilly:crawl:http] [840/1290] 040037 Zed Jawbreaker 6 Ball Watermelon Gum - Non Pmp 65p — 200 in 666ms {"url":"https://order.oreillyswholesale.com/products/DetailsPortal.asp?product_code=040037&Page=Products&BreadPath=/products/gridlist.asp?DeptCode=5*chkpm=MALL*page=24","productCode":"040037"}
[oreilly:crawl:http] [842/1290] 038706 Bag Jakemans Peppermint — 200 in 1772ms {"url":"https://order.oreillyswholesale.com/products/DetailsPortal.asp?product_code=038706&Page=Products&BreadPath=/products/gridlist.asp?DeptCode=5*chkpm=MALL*page=24","productCode":"038706"}
[oreilly:crawl:http] [843/1290] 038705 Bag Jakemans Throat & Chesty — 200 in 412ms {"url":"https://order.oreillyswholesale.com/products/DetailsPortal.asp?product_code=038705&Page=Products&BreadPath=/products/gridlist.asp?DeptCode=5*chkpm=MALL*page=24","productCode":"038705"}
[oreilly:crawl:http] [845/1290] 047270 Cc Factory Bubblegum Bites — 200 in 822ms {"url":"https://order.oreillyswholesale.com/products/DetailsPortal.asp?product_code=047270&Page=Products&BreadPath=/products/gridlist.asp?DeptCode=5*chkpm=MALL*page=24","productCode":"047270"}
[oreilly:crawl:http] [844/1290] 010324 Barratt Anglo Bubbly — 200 in 1743ms {"url":"https://order.oreillyswholesale.com/products/DetailsPortal.asp?product_code=010324&Page=Products&BreadPath=/products/gridlist.asp?DeptCode=5*chkpm=MALL*page=24","productCode":"010324"}
[oreilly:crawl:http] [846/1290] 028853 Cc Factory Bubblegum Strips — 200 in 500ms {"url":"https://order.oreillyswholesale.com/products/DetailsPortal.asp?product_code=028853&Page=Products&BreadPath=/products/gridlist.asp?DeptCode=5*chkpm=MALL*page=24","productCode":"028853"}
[oreilly:crawl:http] [847/1290] 035762 Chupa Chups Big Babol Strawberry Bubble Gum — 200 in 705ms {"url":"https://order.oreillyswholesale.com/products/DetailsPortal.asp?product_code=035762&Page=Products&BreadPath=/products/gridlist.asp?DeptCode=5*chkpm=MALL*page=24","productCode":"035762"}
[oreilly:crawl:http] [848/1290] 035760 Chupa Chups Big Babol Tongue Painter Bubble Gum — 200 in 1729ms {"url":"https://order.oreillyswholesale.com/products/DetailsPortal.asp?product_code=035760&Page=Products&BreadPath=/products/gridlist.asp?DeptCode=5*chkpm=MALL*page=24","productCode":"035760"}
[oreilly:crawl:http] [849/1290] 035761 Chupa Chups Big Babol Tutti Frutti Bubble Gum — 200 in 433ms {"url":"https://order.oreillyswholesale.com/products/DetailsPortal.asp?product_code=035761&Page=Products&BreadPath=/products/gridlist.asp?DeptCode=5*chkpm=MALL*page=24","productCode":"035761"}
[oreilly:crawl:http] [850/1290] 044142 Fisherman''s Friend Aniseed — 200 in 721ms {"url":"https://order.oreillyswholesale.com/products/DetailsPortal.asp?product_code=044142&Page=Products&BreadPath=/products/gridlist.asp?DeptCode=5*chkpm=MALL*page=25","productCode":"044142"}
[oreilly:crawl:http] [851/1290] 044139 Fisherman''s Friend Blackcurrant — 200 in 1745ms {"url":"https://order.oreillyswholesale.com/products/DetailsPortal.asp?product_code=044139&Page=Products&BreadPath=/products/gridlist.asp?DeptCode=5*chkpm=MALL*page=25","productCode":"044139"}
[oreilly:crawl:http] [852/1290] 044138 Fisherman''s Friend Honey & Lemon — 200 in 500ms {"url":"https://order.oreillyswholesale.com/products/DetailsPortal.asp?product_code=044138&Page=Products&BreadPath=/products/gridlist.asp?DeptCode=5*chkpm=MALL*page=25","productCode":"044138"}
[oreilly:crawl:http] [853/1290] 044140 Fisherman''s Friend Mint — 200 in 704ms {"url":"https://order.oreillyswholesale.com/products/DetailsPortal.asp?product_code=044140&Page=Products&BreadPath=/products/gridlist.asp?DeptCode=5*chkpm=MALL*page=25","productCode":"044140"}
[oreilly:crawl:http] [854/1290] 015583 Fisherman''s Friend Original — 200 in 1811ms {"url":"https://order.oreillyswholesale.com/products/DetailsPortal.asp?product_code=015583&Page=Products&BreadPath=/products/gridlist.asp?DeptCode=5*chkpm=MALL*page=25","productCode":"015583"}
[oreilly:crawl:http] [856/1290] 034282 Foxs Xxx Mints Peppermint Roll — 200 in 411ms {"url":"https://order.oreillyswholesale.com/products/DetailsPortal.asp?product_code=034282&Page=Products&BreadPath=/products/gridlist.asp?DeptCode=5*chkpm=MALL*page=25","productCode":"034282"}
[oreilly:crawl:http] [855/1290] 044141 Fisherman''s Friend Sugar Free — 200 in 820ms {"url":"https://order.oreillyswholesale.com/products/DetailsPortal.asp?product_code=044141&Page=Products&BreadPath=/products/gridlist.asp?DeptCode=5*chkpm=MALL*page=25","productCode":"044141"}
[oreilly:crawl:http] [857/1290] 026295 Foxs Xxx Mints Roll 5 Pack — 200 in 1849ms {"url":"https://order.oreillyswholesale.com/products/DetailsPortal.asp?product_code=026295&Page=Products&BreadPath=/products/gridlist.asp?DeptCode=5*chkpm=MALL*page=25","productCode":"026295"}
[oreilly:crawl:http] [858/1290] 029737 Halls Menthol Cherry Sugar Free — 200 in 391ms {"url":"https://order.oreillyswholesale.com/products/DetailsPortal.asp?product_code=029737&Page=Products&BreadPath=/products/gridlist.asp?DeptCode=5*chkpm=MALL*page=25","productCode":"029737"}
[oreilly:crawl:http] [860/1290] 029736 Halls Menthol Extra Strong — 200 in 500ms {"url":"https://order.oreillyswholesale.com/products/DetailsPortal.asp?product_code=029736&Page=Products&BreadPath=/products/gridlist.asp?DeptCode=5*chkpm=MALL*page=25","productCode":"029736"}
[oreilly:crawl:http] [859/1290] 029732 Halls Menthol Citrus Sugar Free — 200 in 699ms {"url":"https://order.oreillyswholesale.com/products/DetailsPortal.asp?product_code=029732&Page=Products&BreadPath=/products/gridlist.asp?DeptCode=5*chkpm=MALL*page=25","productCode":"029732"}
[oreilly:crawl:http] [862/1290] 010310 Halls Soothers Blackcurrant — 200 in 393ms {"url":"https://order.oreillyswholesale.com/products/DetailsPortal.asp?product_code=010310&Page=Products&BreadPath=/products/gridlist.asp?DeptCode=5*chkpm=MALL*page=25","productCode":"010310"}
[oreilly:crawl:http] [863/1290] 010311 Halls Soothers Cherry — 200 in 757ms {"url":"https://order.oreillyswholesale.com/products/DetailsPortal.asp?product_code=010311&Page=Products&BreadPath=/products/gridlist.asp?DeptCode=5*chkpm=MALL*page=25","productCode":"010311"}
[oreilly:crawl:http] [861/1290] 029733 Halls Menthol Original Sugar Free — 200 in 1743ms {"url":"https://order.oreillyswholesale.com/products/DetailsPortal.asp?product_code=029733&Page=Products&BreadPath=/products/gridlist.asp?DeptCode=5*chkpm=MALL*page=25","productCode":"029733"}
[oreilly:crawl:http] [864/1290] 023907 Halls Soothers Honey & Lemon — 200 in 424ms {"url":"https://order.oreillyswholesale.com/products/DetailsPortal.asp?product_code=023907&Page=Products&BreadPath=/products/gridlist.asp?DeptCode=5*chkpm=MALL*page=25","productCode":"023907"}
[oreilly:crawl:http] [866/1290] 010303 Halls Soothers Strawberry — 200 in 821ms {"url":"https://order.oreillyswholesale.com/products/DetailsPortal.asp?product_code=010303&Page=Products&BreadPath=/products/gridlist.asp?DeptCode=5*chkpm=MALL*page=25","productCode":"010303"}
[oreilly:crawl:http] [865/1290] 010306 Halls Soothers Peach & Raspberry — 200 in 1896ms {"url":"https://order.oreillyswholesale.com/products/DetailsPortal.asp?product_code=010306&Page=Products&BreadPath=/products/gridlist.asp?DeptCode=5*chkpm=MALL*page=25","productCode":"010306"}
[oreilly:crawl:http] [868/1290] 029500 Jakemans Throat & Chest Stick Pack 10''s — 200 in 494ms {"url":"https://order.oreillyswholesale.com/products/DetailsPortal.asp?product_code=029500&Page=Products&BreadPath=/products/gridlist.asp?DeptCode=5*chkpm=MALL*page=25","productCode":"029500"}
[oreilly:crawl:http] [867/1290] 029501 Jakemans Honey & Lemon Stick Pack 10''s — 200 in 663ms {"url":"https://order.oreillyswholesale.com/products/DetailsPortal.asp?product_code=029501&Page=Products&BreadPath=/products/gridlist.asp?DeptCode=5*chkpm=MALL*page=25","productCode":"029501"}
[oreilly:crawl:http] [869/1290] 049250 Nestle Multi 3 Pack - Polo Extra Strong — 200 in 1748ms {"url":"https://order.oreillyswholesale.com/products/DetailsPortal.asp?product_code=049250&Page=Products&BreadPath=/products/gridlist.asp?DeptCode=5*chkpm=MALL*page=25","productCode":"049250"}
[oreilly:crawl:http] [870/1290] 045101 Nestle Multi 3 Pack - Polo Mint — 200 in 502ms {"url":"https://order.oreillyswholesale.com/products/DetailsPortal.asp?product_code=045101&Page=Products&BreadPath=/products/gridlist.asp?DeptCode=5*chkpm=MALL*page=25","productCode":"045101"}
[oreilly:crawl:http] [871/1290] 045102 Nestle Multi 3 Pack - Polo Spearmint — 200 in 666ms {"url":"https://order.oreillyswholesale.com/products/DetailsPortal.asp?product_code=045102&Page=Products&BreadPath=/products/gridlist.asp?DeptCode=5*chkpm=MALL*page=25","productCode":"045102"}
[oreilly:crawl:http] [872/1290] 045103 Nestle Multi 3 Pack - Polo Sugar Free — 200 in 1743ms {"url":"https://order.oreillyswholesale.com/products/DetailsPortal.asp?product_code=045103&Page=Products&BreadPath=/products/gridlist.asp?DeptCode=5*chkpm=MALL*page=25","productCode":"045103"}
[oreilly:crawl:http] [873/1290] 043455 Nestle Polo 60p Mint Pmp — 200 in 411ms {"url":"https://order.oreillyswholesale.com/products/DetailsPortal.asp?product_code=043455&Page=Products&BreadPath=/products/gridlist.asp?DeptCode=5*chkpm=MALL*page=25","productCode":"043455"}
[oreilly:crawl:http] [874/1290] 048329 Nestle Polo Berry Sugar Free — 200 in 720ms {"url":"https://order.oreillyswholesale.com/products/DetailsPortal.asp?product_code=048329&Page=Products&BreadPath=/products/gridlist.asp?DeptCode=5*chkpm=MALL*page=25","productCode":"048329"}
[oreilly:crawl:http] [875/1290] 030446 Nestle Polo Mint — 200 in 1845ms {"url":"https://order.oreillyswholesale.com/products/DetailsPortal.asp?product_code=030446&Page=Products&BreadPath=/products/gridlist.asp?DeptCode=5*chkpm=MALL*page=25","productCode":"030446"}
[oreilly:crawl:http] [877/1290] 030448 Nestle Polo Sugar Free — 200 in 514ms {"url":"https://order.oreillyswholesale.com/products/DetailsPortal.asp?product_code=030448&Page=Products&BreadPath=/products/gridlist.asp?DeptCode=5*chkpm=MALL*page=25","productCode":"030448"}
[oreilly:crawl:http] [876/1290] 030447 Nestle Polo Spearmint — 200 in 674ms {"url":"https://order.oreillyswholesale.com/products/DetailsPortal.asp?product_code=030447&Page=Products&BreadPath=/products/gridlist.asp?DeptCode=5*chkpm=MALL*page=25","productCode":"030447"}
[oreilly:crawl:http] [878/1290] 048330 Nestle Polo Xtra Strong Sugar Free — 200 in 1845ms {"url":"https://order.oreillyswholesale.com/products/DetailsPortal.asp?product_code=048330&Page=Products&BreadPath=/products/gridlist.asp?DeptCode=5*chkpm=MALL*page=25","productCode":"048330"}
[oreilly:crawl:http] [881/1290] 038547 Roll Silvermints Spearmint — 200 in 383ms {"url":"https://order.oreillyswholesale.com/products/DetailsPortal.asp?product_code=038547&Page=Products&BreadPath=/products/gridlist.asp?DeptCode=5*chkpm=MALL*page=25","productCode":"038547"}
[oreilly:crawl:http] [879/1290] 010464 Roll Ritchies Mint Roll — 200 in 507ms {"url":"https://order.oreillyswholesale.com/products/DetailsPortal.asp?product_code=010464&Page=Products&BreadPath=/products/gridlist.asp?DeptCode=5*chkpm=MALL*page=25","productCode":"010464"}
[oreilly:crawl:http] [880/1290] 010424 Roll Silvermints — 200 in 776ms {"url":"https://order.oreillyswholesale.com/products/DetailsPortal.asp?product_code=010424&Page=Products&BreadPath=/products/gridlist.asp?DeptCode=5*chkpm=MALL*page=25","productCode":"010424"}
[oreilly:crawl:http] [882/1290] 010270 Roll Trebor Ex Strong Peppermint — 200 in 469ms {"url":"https://order.oreillyswholesale.com/products/DetailsPortal.asp?product_code=010270&Page=Products&BreadPath=/products/gridlist.asp?DeptCode=5*chkpm=MALL*page=25","productCode":"010270"}
[oreilly:crawl:http] [883/1290] 010272 Roll Trebor Softmints Peppermint — 200 in 726ms {"url":"https://order.oreillyswholesale.com/products/DetailsPortal.asp?product_code=010272&Page=Products&BreadPath=/products/gridlist.asp?DeptCode=5*chkpm=MALL*page=25","productCode":"010272"}
[oreilly:crawl:http] [884/1290] 010276 Roll Trebor Softmints Spearmint — 200 in 1861ms {"url":"https://order.oreillyswholesale.com/products/DetailsPortal.asp?product_code=010276&Page=Products&BreadPath=/products/gridlist.asp?DeptCode=5*chkpm=MALL*page=25","productCode":"010276"}
[oreilly:crawl:http] [887/1290] 041821 Tic Tac 100s Mint — 200 in 525ms {"url":"https://order.oreillyswholesale.com/products/DetailsPortal.asp?product_code=041821&Page=Products&BreadPath=/products/gridlist.asp?DeptCode=5*chkpm=MALL*page=25","productCode":"041821"}
[oreilly:crawl:http] [885/1290] 040033 Sweet Bandit Galaxy Mega Gum Roll — 200 in 781ms {"url":"https://order.oreillyswholesale.com/products/DetailsPortal.asp?product_code=040033&Page=Products&BreadPath=/products/gridlist.asp?DeptCode=5*chkpm=MALL*page=25","productCode":"040033"}
[oreilly:crawl:http] [886/1290] 041822 Tic Tac 100s Lime Orange — 200 in 1853ms {"url":"https://order.oreillyswholesale.com/products/DetailsPortal.asp?product_code=041822&Page=Products&BreadPath=/products/gridlist.asp?DeptCode=5*chkpm=MALL*page=25","productCode":"041822"}
[oreilly:crawl:http] [888/1290] 041658 Tic Tac 100s Mixed Cdu — 200 in 616ms {"url":"https://order.oreillyswholesale.com/products/DetailsPortal.asp?product_code=041658&Page=Products&BreadPath=/products/gridlist.asp?DeptCode=5*chkpm=MALL*page=25","productCode":"041658"}
[oreilly:crawl:http] [889/1290] 038653 Tic Tac 4 Pack Lime & Orange T37- Multi — 200 in 794ms {"url":"https://order.oreillyswholesale.com/products/DetailsPortal.asp?product_code=038653&Page=Products&BreadPath=/products/gridlist.asp?DeptCode=5*chkpm=MALL*page=25","productCode":"038653"}
[oreilly:crawl:http] [890/1290] 038652 Tic Tac 4 Pack Mint T37- Multi — 200 in 1785ms {"url":"https://order.oreillyswholesale.com/products/DetailsPortal.asp?product_code=038652&Page=Products&BreadPath=/products/gridlist.asp?DeptCode=5*chkpm=MALL*page=25","productCode":"038652"}
[oreilly:crawl:http] [893/1290] 010589 Tic Tac Std Mint — 200 in 513ms {"url":"https://order.oreillyswholesale.com/products/DetailsPortal.asp?product_code=010589&Page=Products&BreadPath=/products/gridlist.asp?DeptCode=5*chkpm=MALL*page=25","productCode":"010589"}
[oreilly:crawl:http] [891/1290] 048348 Tic Tac Std Fruit Adventure — 200 in 646ms {"url":"https://order.oreillyswholesale.com/products/DetailsPortal.asp?product_code=048348&Page=Products&BreadPath=/products/gridlist.asp?DeptCode=5*chkpm=MALL*page=25","productCode":"048348"}
[oreilly:crawl:http] [892/1290] 010593 Tic Tac Std Lime & Orange — 200 in 1947ms {"url":"https://order.oreillyswholesale.com/products/DetailsPortal.asp?product_code=010593&Page=Products&BreadPath=/products/gridlist.asp?DeptCode=5*chkpm=MALL*page=25","productCode":"010593"}
[oreilly:crawl:http] [894/1290] 024107 Tic Tac Std Mixers Cherry And Cola — 200 in 554ms {"url":"https://order.oreillyswholesale.com/products/DetailsPortal.asp?product_code=024107&Page=Products&BreadPath=/products/gridlist.asp?DeptCode=5*chkpm=MALL*page=25","productCode":"024107"}
[oreilly:crawl:http] [895/1290] 046411 Tic Tac Two Mild Raspberry & Lemon Sf — 200 in 871ms {"url":"https://order.oreillyswholesale.com/products/DetailsPortal.asp?product_code=046411&Page=Products&BreadPath=/products/gridlist.asp?DeptCode=5*chkpm=MALL*page=25","productCode":"046411"}
[oreilly:crawl:http] [896/1290] 046410 Tic Tac Two Mild Spearmint Sf — 200 in 1792ms {"url":"https://order.oreillyswholesale.com/products/DetailsPortal.asp?product_code=046410&Page=Products&BreadPath=/products/gridlist.asp?DeptCode=5*chkpm=MALL*page=25","productCode":"046410"}
[oreilly:crawl:http] [897/1290] 046412 Tic Tac Two Mild Strawberry & Lime Sf — 200 in 393ms {"url":"https://order.oreillyswholesale.com/products/DetailsPortal.asp?product_code=046412&Page=Products&BreadPath=/products/gridlist.asp?DeptCode=5*chkpm=MALL*page=25","productCode":"046412"}
[oreilly:crawl:http] [898/1290] 012153 Trebor 4 Pack Ex Strong Peppermints — 200 in 750ms {"url":"https://order.oreillyswholesale.com/products/DetailsPortal.asp?product_code=012153&Page=Products&BreadPath=/products/gridlist.asp?DeptCode=5*chkpm=MALL*page=25","productCode":"012153"}
[oreilly:crawl:http] [899/1290] 012155 Trebor 4 Pack Softmints Peppermint — 200 in 1744ms {"url":"https://order.oreillyswholesale.com/products/DetailsPortal.asp?product_code=012155&Page=Products&BreadPath=/products/gridlist.asp?DeptCode=5*chkpm=MALL*page=25","productCode":"012155"}
[oreilly:crawl:http] [901/1290] 033476 Wri 3 Pack Airwaves Menthol & Eucalyptus 9pc — 200 in 413ms {"url":"https://order.oreillyswholesale.com/products/DetailsPortal.asp?product_code=033476&Page=Products&BreadPath=/products/gridlist.asp?DeptCode=5*chkpm=MALL*page=26","productCode":"033476"}
[oreilly:crawl:http] [900/1290] 012154 Trebor 4 Pack Softmints Spear — 200 in 665ms {"url":"https://order.oreillyswholesale.com/products/DetailsPortal.asp?product_code=012154&Page=Products&BreadPath=/products/gridlist.asp?DeptCode=5*chkpm=MALL*page=26","productCode":"012154"}
[oreilly:crawl:http] [902/1290] 037029 Wri 3 Pack Extra Blueberry Sugar Free — 200 in 1846ms {"url":"https://order.oreillyswholesale.com/products/DetailsPortal.asp?product_code=037029&Page=Products&BreadPath=/products/gridlist.asp?DeptCode=5*chkpm=MALL*page=26","productCode":"037029"}
[oreilly:crawl:http] [903/1290] 033475 Wri 3 Pack Extra Bubblemint 9pc — 200 in 514ms {"url":"https://order.oreillyswholesale.com/products/DetailsPortal.asp?product_code=033475&Page=Products&BreadPath=/products/gridlist.asp?DeptCode=5*chkpm=MALL*page=26","productCode":"033475"}
[oreilly:crawl:http] [904/1290] 033473 Wri 3 Pack Extra Cool Breeze 9pc — 200 in 779ms {"url":"https://order.oreillyswholesale.com/products/DetailsPortal.asp?product_code=033473&Page=Products&BreadPath=/products/gridlist.asp?DeptCode=5*chkpm=MALL*page=26","productCode":"033473"}
[oreilly:crawl:http] [905/1290] 033477 Wri 3 Pack Extra Peppermint Sugar Free — 200 in 1742ms {"url":"https://order.oreillyswholesale.com/products/DetailsPortal.asp?product_code=033477&Page=Products&BreadPath=/products/gridlist.asp?DeptCode=5*chkpm=MALL*page=26","productCode":"033477"}
[oreilly:crawl:http] [906/1290] 033478 Wri 3 Pack Extra Spearmint Sugar Free — 200 in 514ms {"url":"https://order.oreillyswholesale.com/products/DetailsPortal.asp?product_code=033478&Page=Products&BreadPath=/products/gridlist.asp?DeptCode=5*chkpm=MALL*page=26","productCode":"033478"}
[oreilly:crawl:http] [907/1290] 033472 Wri 3 Pack Extra Strawberry Sugar Free — 200 in 776ms {"url":"https://order.oreillyswholesale.com/products/DetailsPortal.asp?product_code=033472&Page=Products&BreadPath=/products/gridlist.asp?DeptCode=5*chkpm=MALL*page=26","productCode":"033472"}
[oreilly:crawl:http] [908/1290] 033474 Wri 3 Pack Extra White 9pc — 200 in 1695ms {"url":"https://order.oreillyswholesale.com/products/DetailsPortal.asp?product_code=033474&Page=Products&BreadPath=/products/gridlist.asp?DeptCode=5*chkpm=MALL*page=26","productCode":"033474"}
[oreilly:crawl:http] [909/1290] 010362 Wri Airwaves Black Mint — 200 in 411ms {"url":"https://order.oreillyswholesale.com/products/DetailsPortal.asp?product_code=010362&Page=Products&BreadPath=/products/gridlist.asp?DeptCode=5*chkpm=MALL*page=26","productCode":"010362"}
[oreilly:crawl:http] [910/1290] 015404 Wri Airwaves Blackcurrant — 200 in 718ms {"url":"https://order.oreillyswholesale.com/products/DetailsPortal.asp?product_code=015404&Page=Products&BreadPath=/products/gridlist.asp?DeptCode=5*chkpm=MALL*page=26","productCode":"015404"}
[oreilly:crawl:http] [911/1290] 010369 Wri Airwaves Cherry Menthol — 200 in 1844ms {"url":"https://order.oreillyswholesale.com/products/DetailsPortal.asp?product_code=010369&Page=Products&BreadPath=/products/gridlist.asp?DeptCode=5*chkpm=MALL*page=26","productCode":"010369"}
[oreilly:crawl:http] [912/1290] 010388 Wri Airwaves Menthol & Eucalypt — 200 in 394ms {"url":"https://order.oreillyswholesale.com/products/DetailsPortal.asp?product_code=010388&Page=Products&BreadPath=/products/gridlist.asp?DeptCode=5*chkpm=MALL*page=26","productCode":"010388"}
[oreilly:crawl:http] [913/1290] 043715 Wri Bottle £2.50 Pm Airwaves Menthol 46s — 200 in 672ms {"url":"https://order.oreillyswholesale.com/products/DetailsPortal.asp?product_code=043715&Page=Products&BreadPath=/products/gridlist.asp?DeptCode=5*chkpm=MALL*page=26","productCode":"043715"}
[oreilly:crawl:http] [914/1290] 043720 Wri Bottle £2.50 Pm Extra Blueberry 46s — 200 in 1829ms {"url":"https://order.oreillyswholesale.com/products/DetailsPortal.asp?product_code=043720&Page=Products&BreadPath=/products/gridlist.asp?DeptCode=5*chkpm=MALL*page=26","productCode":"043720"}
[oreilly:crawl:http] [915/1290] 043366 Wri Bottle £2.50 Pm Extra Bubblemint 46s — 200 in 471ms {"url":"https://order.oreillyswholesale.com/products/DetailsPortal.asp?product_code=043366&Page=Products&BreadPath=/products/gridlist.asp?DeptCode=5*chkpm=MALL*page=26","productCode":"043366"}
[oreilly:crawl:http] [916/1290] 043365 Wri Bottle £2.50 Pm Extra Peppermint 46s — 200 in 718ms {"url":"https://order.oreillyswholesale.com/products/DetailsPortal.asp?product_code=043365&Page=Products&BreadPath=/products/gridlist.asp?DeptCode=5*chkpm=MALL*page=26","productCode":"043365"}
[oreilly:crawl:http] [917/1290] 043367 Wri Bottle £2.50 Pm Extra Spearmint 46s — 200 in 1844ms {"url":"https://order.oreillyswholesale.com/products/DetailsPortal.asp?product_code=043367&Page=Products&BreadPath=/products/gridlist.asp?DeptCode=5*chkpm=MALL*page=26","productCode":"043367"}
[oreilly:crawl:http] [919/1290] 016806 Wri Bottle Airwaves 46s — 200 in 512ms {"url":"https://order.oreillyswholesale.com/products/DetailsPortal.asp?product_code=016806&Page=Products&BreadPath=/products/gridlist.asp?DeptCode=5*chkpm=MALL*page=26","productCode":"016806"}
[oreilly:crawl:http] [918/1290] 043368 Wri Bottle £2.50 Pm Extra Strawberry 46s — 200 in 687ms {"url":"https://order.oreillyswholesale.com/products/DetailsPortal.asp?product_code=043368&Page=Products&BreadPath=/products/gridlist.asp?DeptCode=5*chkpm=MALL*page=26","productCode":"043368"}
[oreilly:crawl:http] [920/1290] 020226 Wri Bottle Ex White Bubblemint 46s — 200 in 1844ms {"url":"https://order.oreillyswholesale.com/products/DetailsPortal.asp?product_code=020226&Page=Products&BreadPath=/products/gridlist.asp?DeptCode=5*chkpm=MALL*page=26","productCode":"020226"}
[oreilly:crawl:http] [922/1290] 029655 Wri Bottle Extra Mints Peppermint — 200 in 417ms {"url":"https://order.oreillyswholesale.com/products/DetailsPortal.asp?product_code=029655&Page=Products&BreadPath=/products/gridlist.asp?DeptCode=5*chkpm=MALL*page=26","productCode":"029655"}
[oreilly:crawl:http] [921/1290] 043717 Wri Bottle Extra Cool Breeze 46s — 200 in 676ms {"url":"https://order.oreillyswholesale.com/products/DetailsPortal.asp?product_code=043717&Page=Products&BreadPath=/products/gridlist.asp?DeptCode=5*chkpm=MALL*page=26","productCode":"043717"}
[oreilly:crawl:http] [923/1290] 043620 Wri Bottle Extra Peppermint 46s — 200 in 1743ms {"url":"https://order.oreillyswholesale.com/products/DetailsPortal.asp?product_code=043620&Page=Products&BreadPath=/products/gridlist.asp?DeptCode=5*chkpm=MALL*page=26","productCode":"043620"}
[oreilly:crawl:http] [924/1290] 043718 Wri Bottle Extra Spearmint 46s — 200 in 499ms {"url":"https://order.oreillyswholesale.com/products/DetailsPortal.asp?product_code=043718&Page=Products&BreadPath=/products/gridlist.asp?DeptCode=5*chkpm=MALL*page=26","productCode":"043718"}
[oreilly:crawl:http] [925/1290] 043716 Wri Bottle Extra Strawberry46s — 200 in 703ms {"url":"https://order.oreillyswholesale.com/products/DetailsPortal.asp?product_code=043716&Page=Products&BreadPath=/products/gridlist.asp?DeptCode=5*chkpm=MALL*page=26","productCode":"043716"}
[oreilly:crawl:http] [926/1290] 043721 Wri Bottle Extra Watermelon 46s — 200 in 1728ms {"url":"https://order.oreillyswholesale.com/products/DetailsPortal.asp?product_code=043721&Page=Products&BreadPath=/products/gridlist.asp?DeptCode=5*chkpm=MALL*page=26","productCode":"043721"}
[oreilly:crawl:http] [927/1290] 016804 Wri Bottle Extra White Pellet 46s — 200 in 502ms {"url":"https://order.oreillyswholesale.com/products/DetailsPortal.asp?product_code=016804&Page=Products&BreadPath=/products/gridlist.asp?DeptCode=5*chkpm=MALL*page=26","productCode":"016804"}
[oreilly:crawl:http] [928/1290] 037056 Wri Extra - Apple 10 Pieces — 200 in 910ms {"url":"https://order.oreillyswholesale.com/products/DetailsPortal.asp?product_code=037056&Page=Products&BreadPath=/products/gridlist.asp?DeptCode=5*chkpm=MALL*page=26","productCode":"037056"}
[oreilly:crawl:http] [929/1290] 037057 Wri Extra - Blueberry 10 Pieces — 200 in 1832ms {"url":"https://order.oreillyswholesale.com/products/DetailsPortal.asp?product_code=037057&Page=Products&BreadPath=/products/gridlist.asp?DeptCode=5*chkpm=MALL*page=26","productCode":"037057"}
[oreilly:crawl:http] [930/1290] 010382 Wri Extra - Cool Breeze 10 Pieces — 200 in 395ms {"url":"https://order.oreillyswholesale.com/products/DetailsPortal.asp?product_code=010382&Page=Products&BreadPath=/products/gridlist.asp?DeptCode=5*chkpm=MALL*page=26","productCode":"010382"}
[oreilly:crawl:http] [931/1290] 010386 Wri Extra - Peppermint 10 Pieces — 200 in 788ms {"url":"https://order.oreillyswholesale.com/products/DetailsPortal.asp?product_code=010386&Page=Products&BreadPath=/products/gridlist.asp?DeptCode=5*chkpm=MALL*page=26","productCode":"010386"}
[oreilly:crawl:http] [932/1290] 010387 Wri Extra - Spearmint 10 Pieces — 200 in 1726ms {"url":"https://order.oreillyswholesale.com/products/DetailsPortal.asp?product_code=010387&Page=Products&BreadPath=/products/gridlist.asp?DeptCode=5*chkpm=MALL*page=26","productCode":"010387"}
[oreilly:crawl:http] [933/1290] 014753 Wri Extra - Strawberry 10 Pieces — 200 in 469ms {"url":"https://order.oreillyswholesale.com/products/DetailsPortal.asp?product_code=014753&Page=Products&BreadPath=/products/gridlist.asp?DeptCode=5*chkpm=MALL*page=26","productCode":"014753"}
[oreilly:crawl:http] [934/1290] 041956 Wri Extra - Watermelon 10 Pieces — 200 in 671ms {"url":"https://order.oreillyswholesale.com/products/DetailsPortal.asp?product_code=041956&Page=Products&BreadPath=/products/gridlist.asp?DeptCode=5*chkpm=MALL*page=26","productCode":"041956"}
[oreilly:crawl:http] [935/1290] 010368 Wri Extra Ice White — 200 in 1737ms {"url":"https://order.oreillyswholesale.com/products/DetailsPortal.asp?product_code=010368&Page=Products&BreadPath=/products/gridlist.asp?DeptCode=5*chkpm=MALL*page=26","productCode":"010368"}
[oreilly:crawl:http] [936/1290] 017136 Wri Extra Ice White Bubblemint — 200 in 525ms {"url":"https://order.oreillyswholesale.com/products/DetailsPortal.asp?product_code=017136&Page=Products&BreadPath=/products/gridlist.asp?DeptCode=5*chkpm=MALL*page=26","productCode":"017136"}
[oreilly:crawl:http] [937/1290] 029656 Wri Extra Mints Roll Peppermint — 200 in 677ms {"url":"https://order.oreillyswholesale.com/products/DetailsPortal.asp?product_code=029656&Page=Products&BreadPath=/products/gridlist.asp?DeptCode=5*chkpm=MALL*page=26","productCode":"029656"}
[oreilly:crawl:http] [938/1290] 048443 Wri Extra Plus Chill Watermelon Handybox 7 Piece — 200 in 1753ms {"url":"https://order.oreillyswholesale.com/products/DetailsPortal.asp?product_code=048443&Page=Products&BreadPath=/products/gridlist.asp?DeptCode=5*chkpm=MALL*page=26","productCode":"048443"}
[oreilly:crawl:http] [939/1290] 048446 Wri Extra Plus Chill Watermelon S/f Chewing Gum — 200 in 406ms {"url":"https://order.oreillyswholesale.com/products/DetailsPortal.asp?product_code=048446&Page=Products&BreadPath=/products/gridlist.asp?DeptCode=5*chkpm=MALL*page=26","productCode":"048446"}
[oreilly:crawl:http] [941/1290] 048445 Wri Extra Plus Deep Clean Spear Handybox 7 Piece — 200 in 756ms {"url":"https://order.oreillyswholesale.com/products/DetailsPortal.asp?product_code=048445&Page=Products&BreadPath=/products/gridlist.asp?DeptCode=5*chkpm=MALL*page=26","productCode":"048445"}
[oreilly:crawl:http] [940/1290] 048448 Wri Extra Plus Clean Spear S/f Chewing Gum — 200 in 2036ms {"url":"https://order.oreillyswholesale.com/products/DetailsPortal.asp?product_code=048448&Page=Products&BreadPath=/products/gridlist.asp?DeptCode=5*chkpm=MALL*page=26","productCode":"048448"}
[oreilly:crawl:http] [942/1290] 048444 Wri Extra Plus Hydro Peppermint Handybox 7 Piece — 200 in 476ms {"url":"https://order.oreillyswholesale.com/products/DetailsPortal.asp?product_code=048444&Page=Products&BreadPath=/products/gridlist.asp?DeptCode=5*chkpm=MALL*page=26","productCode":"048444"}
[oreilly:crawl:http] [943/1290] 048447 Wri Extra Plus Hydro Peppermint S/f Chewing Gum — 200 in 729ms {"url":"https://order.oreillyswholesale.com/products/DetailsPortal.asp?product_code=048447&Page=Products&BreadPath=/products/gridlist.asp?DeptCode=5*chkpm=MALL*page=26","productCode":"048447"}
[oreilly:crawl:http] [944/1290] 045159 Wri Extra Refreshers Rasp Watermelon Handybox 7s — 200 in 1704ms {"url":"https://order.oreillyswholesale.com/products/DetailsPortal.asp?product_code=045159&Page=Products&BreadPath=/products/gridlist.asp?DeptCode=5*chkpm=MALL*page=26","productCode":"045159"}
[oreilly:crawl:http] [945/1290] 045158 Wri Extra Refreshers Rasp Watermelon S/f Gum 30s — 200 in 411ms {"url":"https://order.oreillyswholesale.com/products/DetailsPortal.asp?product_code=045158&Page=Products&BreadPath=/products/gridlist.asp?DeptCode=5*chkpm=MALL*page=26","productCode":"045158"}
[oreilly:crawl:http] [947/1290] 040296 Wri Extra Refreshers Strawberry Lemon Handybox 7s — 200 in 646ms {"url":"https://order.oreillyswholesale.com/products/DetailsPortal.asp?product_code=040296&Page=Products&BreadPath=/products/gridlist.asp?DeptCode=5*chkpm=MALL*page=26","productCode":"040296"}
[oreilly:crawl:http] [946/1290] 040297 Wri Extra Refreshers Strawberry Lemon Gum — 200 in 1845ms {"url":"https://order.oreillyswholesale.com/products/DetailsPortal.asp?product_code=040297&Page=Products&BreadPath=/products/gridlist.asp?DeptCode=5*chkpm=MALL*page=26","productCode":"040297"}
[oreilly:crawl:http] [948/1290] 034841 Wri Extra Refreshers Tropical Handybox 7 Piece — 200 in 471ms {"url":"https://order.oreillyswholesale.com/products/DetailsPortal.asp?product_code=034841&Page=Products&BreadPath=/products/gridlist.asp?DeptCode=5*chkpm=MALL*page=26","productCode":"034841"}
[oreilly:crawl:http] [949/1290] 034652 Wri Extra Refreshers Tropical S/f Chewing Gum 30pc — 200 in 719ms {"url":"https://order.oreillyswholesale.com/products/DetailsPortal.asp?product_code=034652&Page=Products&BreadPath=/products/gridlist.asp?DeptCode=5*chkpm=MALL*page=26","productCode":"034652"}
[oreilly:crawl:http] [950/1290] 015244 Wri Hubba Bubba Original — 200 in 1772ms {"url":"https://order.oreillyswholesale.com/products/DetailsPortal.asp?product_code=015244&Page=Products&BreadPath=/products/gridlist.asp?DeptCode=5*chkpm=MALL*page=27","productCode":"015244"}
[oreilly:products:sync] progress 950/1290 (74%) — ok 950, failed 0, lanes 3, elapsed 10m 5s, ETA 3m 36s
[oreilly:crawl:http] [952/1290] 028685 Wri Hubba Bubba Tape Fancy Fruit — 200 in 412ms {"url":"https://order.oreillyswholesale.com/products/DetailsPortal.asp?product_code=028685&Page=Products&BreadPath=/products/gridlist.asp?DeptCode=5*chkpm=MALL*page=27","productCode":"028685"}
[oreilly:crawl:http] [951/1290] 015243 Wri Hubba Bubba Strawberry — 200 in 719ms {"url":"https://order.oreillyswholesale.com/products/DetailsPortal.asp?product_code=015243&Page=Products&BreadPath=/products/gridlist.asp?DeptCode=5*chkpm=MALL*page=27","productCode":"015243"}
[oreilly:crawl:http] [953/1290] 010376 Wri Hubba Bubba Tape Strawberry — 200 in 1742ms {"url":"https://order.oreillyswholesale.com/products/DetailsPortal.asp?product_code=010376&Page=Products&BreadPath=/products/gridlist.asp?DeptCode=5*chkpm=MALL*page=27","productCode":"010376"}
[oreilly:crawl:http] [954/1290] 010450 Zed Big Sour Zappers Bubble Gum — 200 in 411ms {"url":"https://order.oreillyswholesale.com/products/DetailsPortal.asp?product_code=010450&Page=Products&BreadPath=/products/gridlist.asp?DeptCode=5*chkpm=MALL*page=27","productCode":"010450"}
[oreilly:crawl:http] [956/1290] 039994 Zed Jawbreaker Blue Razz 4 Ball — 200 in 660ms {"url":"https://order.oreillyswholesale.com/products/DetailsPortal.asp?product_code=039994&Page=Products&BreadPath=/products/gridlist.asp?DeptCode=5*chkpm=MALL*page=27","productCode":"039994"}
[oreilly:crawl:http] [955/1290] 010451 Zed Golf Balls Large — 200 in 1743ms {"url":"https://order.oreillyswholesale.com/products/DetailsPortal.asp?product_code=010451&Page=Products&BreadPath=/products/gridlist.asp?DeptCode=5*chkpm=MALL*page=27","productCode":"010451"}
[oreilly:crawl:http] [958/1290] 010456 Zed Jawbreaker On A Stick — 200 in 422ms {"url":"https://order.oreillyswholesale.com/products/DetailsPortal.asp?product_code=010456&Page=Products&BreadPath=/products/gridlist.asp?DeptCode=5*chkpm=MALL*page=27","productCode":"010456"}
[oreilly:crawl:http] [959/1290] 047952 Zed Jawbreaker On A Stick Cola — 200 in 761ms {"url":"https://order.oreillyswholesale.com/products/DetailsPortal.asp?product_code=047952&Page=Products&BreadPath=/products/gridlist.asp?DeptCode=5*chkpm=MALL*page=27","productCode":"047952"}
[oreilly:crawl:http] [957/1290] 010446 Zed Jawbreaker Fireball — 200 in 1768ms {"url":"https://order.oreillyswholesale.com/products/DetailsPortal.asp?product_code=010446&Page=Products&BreadPath=/products/gridlist.asp?DeptCode=5*chkpm=MALL*page=27","productCode":"010446"}
[oreilly:crawl:http] [960/1290] 039992 Zed Jawbreaker Strawberry 4 Ball — 200 in 402ms {"url":"https://order.oreillyswholesale.com/products/DetailsPortal.asp?product_code=039992&Page=Products&BreadPath=/products/gridlist.asp?DeptCode=5*chkpm=MALL*page=27","productCode":"039992"}
[oreilly:crawl:http] [961/1290] 010447 Zed Rainblo Large — 200 in 821ms {"url":"https://order.oreillyswholesale.com/products/DetailsPortal.asp?product_code=010447&Page=Products&BreadPath=/products/gridlist.asp?DeptCode=5*chkpm=MALL*page=27","productCode":"010447"}
[oreilly:crawl:http] [962/1290] 010444 Zed Tub Golf Balls Small — 200 in 1817ms {"url":"https://order.oreillyswholesale.com/products/DetailsPortal.asp?product_code=010444&Page=Products&BreadPath=/products/gridlist.asp?DeptCode=5*chkpm=MALL*page=27","productCode":"010444"}
[oreilly:crawl:http] [963/1290] 017299 Alma Tub Choco Skiffle Discs — 200 in 513ms {"url":"https://order.oreillyswholesale.com/products/DetailsPortal.asp?product_code=017299&Page=Products&BreadPath=/products/gridlist.asp?DeptCode=5*chkpm=MALL*page=27","productCode":"017299"}
[oreilly:crawl:http] [964/1290] 010500 Alma Tub Fish & Chips — 200 in 673ms {"url":"https://order.oreillyswholesale.com/products/DetailsPortal.asp?product_code=010500&Page=Products&BreadPath=/products/gridlist.asp?DeptCode=5*chkpm=MALL*page=27","productCode":"010500"}
[oreilly:crawl:http] [965/1290] 017295 Alma Tub White Mice — 200 in 1844ms {"url":"https://order.oreillyswholesale.com/products/DetailsPortal.asp?product_code=017295&Page=Products&BreadPath=/products/gridlist.asp?DeptCode=5*chkpm=MALL*page=27","productCode":"017295"}
[oreilly:crawl:http] [966/1290] 017298 Alma Tub White Skiffle Discs — 200 in 395ms {"url":"https://order.oreillyswholesale.com/products/DetailsPortal.asp?product_code=017298&Page=Products&BreadPath=/products/gridlist.asp?DeptCode=5*chkpm=MALL*page=27","productCode":"017298"}
[oreilly:crawl:http] [967/1290] 038806 Ashbury Caramel Cup Drum 150 Count — 200 in 854ms {"url":"https://order.oreillyswholesale.com/products/DetailsPortal.asp?product_code=038806&Page=Products&BreadPath=/products/gridlist.asp?DeptCode=5*chkpm=MALL*page=27","productCode":"038806"}
[oreilly:crawl:http] [968/1290] 014184 Barratt Milk Teeth 1.2kg — 200 in 1784ms {"url":"https://order.oreillyswholesale.com/products/DetailsPortal.asp?product_code=014184&Page=Products&BreadPath=/products/gridlist.asp?DeptCode=5*chkpm=MALL*page=27","productCode":"014184"}
[oreilly:crawl:http] [969/1290] 012027 Bulk 3kg - Barratt Dolly Mixture — 200 in 462ms {"url":"https://order.oreillyswholesale.com/products/DetailsPortal.asp?product_code=012027&Page=Products&BreadPath=/products/gridlist.asp?DeptCode=5*chkpm=MALL*page=27","productCode":"012027"}
[oreilly:crawl:http] [970/1290] 024588 Frisia Flying Saucers — 200 in 666ms {"url":"https://order.oreillyswholesale.com/products/DetailsPortal.asp?product_code=024588&Page=Products&BreadPath=/products/gridlist.asp?DeptCode=5*chkpm=MALL*page=27","productCode":"024588"}
[oreilly:crawl:http] [971/1290] 038799 Frisia Strawberries Plain 10g — 200 in 1690ms {"url":"https://order.oreillyswholesale.com/products/DetailsPortal.asp?product_code=038799&Page=Products&BreadPath=/products/gridlist.asp?DeptCode=5*chkpm=MALL*page=27","productCode":"038799"}
[oreilly:crawl:http] [972/1290] 038801 Frisia Strawberries Sugared 11g — 200 in 395ms {"url":"https://order.oreillyswholesale.com/products/DetailsPortal.asp?product_code=038801&Page=Products&BreadPath=/products/gridlist.asp?DeptCode=5*chkpm=MALL*page=27","productCode":"038801"}
[oreilly:crawl:http] [973/1290] 040408 Hannahs - Chocolate Fish & Chips — 200 in 718ms {"url":"https://order.oreillyswholesale.com/products/DetailsPortal.asp?product_code=040408&Page=Products&BreadPath=/products/gridlist.asp?DeptCode=5*chkpm=MALL*page=27","productCode":"040408"}
[oreilly:crawl:http] [974/1290] 035791 Hannahs - Chocolate Jazzies — 200 in 2877ms {"url":"https://order.oreillyswholesale.com/products/DetailsPortal.asp?product_code=035791&Page=Products&BreadPath=/products/gridlist.asp?DeptCode=5*chkpm=MALL*page=27","productCode":"035791"}
[oreilly:crawl:http] [975/1290] 040406 Hannahs - Chocolate White Mice — 200 in 461ms {"url":"https://order.oreillyswholesale.com/products/DetailsPortal.asp?product_code=040406&Page=Products&BreadPath=/products/gridlist.asp?DeptCode=5*chkpm=MALL*page=27","productCode":"040406"}
[oreilly:crawl:http] [976/1290] 040713 Hannahs - Mega Milk Chocolate Jazzles — 200 in 727ms {"url":"https://order.oreillyswholesale.com/products/DetailsPortal.asp?product_code=040713&Page=Products&BreadPath=/products/gridlist.asp?DeptCode=5*chkpm=MALL*page=27","productCode":"040713"}
[oreilly:crawl:http] [977/1290] 035795 Hannahs - Porky Pigs Pink Candy Straw Flav — 200 in 1688ms {"url":"https://order.oreillyswholesale.com/products/DetailsPortal.asp?product_code=035795&Page=Products&BreadPath=/products/gridlist.asp?DeptCode=5*chkpm=MALL*page=27","productCode":"035795"}
[oreilly:crawl:http] [978/1290] 012038 Haribo Pic-n-mix Giant Strawbs — 200 in 490ms {"url":"https://order.oreillyswholesale.com/products/DetailsPortal.asp?product_code=012038&Page=Products&BreadPath=/products/gridlist.asp?DeptCode=5*chkpm=MALL*page=27","productCode":"012038"}
[oreilly:crawl:http] [980/1290] 035979 Haribo Pic-n-mix Happy Cherries — 200 in 822ms {"url":"https://order.oreillyswholesale.com/products/DetailsPortal.asp?product_code=035979&Page=Products&BreadPath=/products/gridlist.asp?DeptCode=5*chkpm=MALL*page=27","productCode":"035979"}
[oreilly:crawl:http] [979/1290] 012031 Haribo Pic-n-mix Gold Bears — 200 in 1683ms {"url":"https://order.oreillyswholesale.com/products/DetailsPortal.asp?product_code=012031&Page=Products&BreadPath=/products/gridlist.asp?DeptCode=5*chkpm=MALL*page=27","productCode":"012031"}
[oreilly:crawl:http] [981/1290] 035977 Haribo Pic-n-mix Heart Throbs — 200 in 413ms {"url":"https://order.oreillyswholesale.com/products/DetailsPortal.asp?product_code=035977&Page=Products&BreadPath=/products/gridlist.asp?DeptCode=5*chkpm=MALL*page=27","productCode":"035977"}
[oreilly:crawl:http] [982/1290] 012078 Haribo Pic-n-mix Mini Jelly Babies — 200 in 783ms {"url":"https://order.oreillyswholesale.com/products/DetailsPortal.asp?product_code=012078&Page=Products&BreadPath=/products/gridlist.asp?DeptCode=5*chkpm=MALL*page=27","productCode":"012078"}
[oreilly:crawl:http] [983/1290] 012036 Haribo Pic-n-mix Rhubarb & Custard — 200 in 1697ms {"url":"https://order.oreillyswholesale.com/products/DetailsPortal.asp?product_code=012036&Page=Products&BreadPath=/products/gridlist.asp?DeptCode=5*chkpm=MALL*page=27","productCode":"012036"}
[oreilly:crawl:http] [984/1290] 012039 Haribo Pic-n-mix Yellow Bellies — 200 in 411ms {"url":"https://order.oreillyswholesale.com/products/DetailsPortal.asp?product_code=012039&Page=Products&BreadPath=/products/gridlist.asp?DeptCode=5*chkpm=MALL*page=27","productCode":"012039"}
[oreilly:crawl:http] [985/1290] 039329 Haribo Tub Bubblegum Bottles Zing — 200 in 669ms {"url":"https://order.oreillyswholesale.com/products/DetailsPortal.asp?product_code=039329&Page=Products&BreadPath=/products/gridlist.asp?DeptCode=5*chkpm=MALL*page=27","productCode":"039329"}
[oreilly:crawl:http] [986/1290] 039325 Haribo Tub Friendship Rings — 200 in 1720ms {"url":"https://order.oreillyswholesale.com/products/DetailsPortal.asp?product_code=039325&Page=Products&BreadPath=/products/gridlist.asp?DeptCode=5*chkpm=MALL*page=27","productCode":"039325"}
[oreilly:crawl:http] [988/1290] 039331 Haribo Tub Giant Dummies — 200 in 514ms {"url":"https://order.oreillyswholesale.com/products/DetailsPortal.asp?product_code=039331&Page=Products&BreadPath=/products/gridlist.asp?DeptCode=5*chkpm=MALL*page=27","productCode":"039331"}
[oreilly:crawl:http] [987/1290] 039332 Haribo Tub Giant Cola — 200 in 694ms {"url":"https://order.oreillyswholesale.com/products/DetailsPortal.asp?product_code=039332&Page=Products&BreadPath=/products/gridlist.asp?DeptCode=5*chkpm=MALL*page=27","productCode":"039332"}
[oreilly:crawl:http] [989/1290] 039328 Haribo Tub Giant Strawbs — 200 in 1743ms {"url":"https://order.oreillyswholesale.com/products/DetailsPortal.asp?product_code=039328&Page=Products&BreadPath=/products/gridlist.asp?DeptCode=5*chkpm=MALL*page=27","productCode":"039328"}
[oreilly:crawl:http] [990/1290] 039322 Haribo Tub Goldbears — 200 in 428ms {"url":"https://order.oreillyswholesale.com/products/DetailsPortal.asp?product_code=039322&Page=Products&BreadPath=/products/gridlist.asp?DeptCode=5*chkpm=MALL*page=27","productCode":"039322"}
[oreilly:crawl:http] [991/1290] 042086 Haribo Tub Happy Cherries — 200 in 639ms {"url":"https://order.oreillyswholesale.com/products/DetailsPortal.asp?product_code=042086&Page=Products&BreadPath=/products/gridlist.asp?DeptCode=5*chkpm=MALL*page=27","productCode":"042086"}
[oreilly:crawl:http] [992/1290] 042087 Haribo Tub Happy Cherries Zing — 200 in 1743ms {"url":"https://order.oreillyswholesale.com/products/DetailsPortal.asp?product_code=042087&Page=Products&BreadPath=/products/gridlist.asp?DeptCode=5*chkpm=MALL*page=27","productCode":"042087"}
[oreilly:crawl:http] [994/1290] 039327 Haribo Tub Heart Throbs — 200 in 540ms {"url":"https://order.oreillyswholesale.com/products/DetailsPortal.asp?product_code=039327&Page=Products&BreadPath=/products/gridlist.asp?DeptCode=5*chkpm=MALL*page=27","productCode":"039327"}
[oreilly:crawl:http] [993/1290] 039324 Haribo Tub Happy Cola — 200 in 659ms {"url":"https://order.oreillyswholesale.com/products/DetailsPortal.asp?product_code=039324&Page=Products&BreadPath=/products/gridlist.asp?DeptCode=5*chkpm=MALL*page=27","productCode":"039324"}
[oreilly:crawl:http] [995/1290] 039323 Haribo Tub Jelly Babies — 200 in 1739ms {"url":"https://order.oreillyswholesale.com/products/DetailsPortal.asp?product_code=039323&Page=Products&BreadPath=/products/gridlist.asp?DeptCode=5*chkpm=MALL*page=27","productCode":"039323"}
[oreilly:crawl:http] [997/1290] 030892 Haribo Tub Rhubarb & Custard — 200 in 411ms {"url":"https://order.oreillyswholesale.com/products/DetailsPortal.asp?product_code=030892&Page=Products&BreadPath=/products/gridlist.asp?DeptCode=5*chkpm=MALL*page=27","productCode":"030892"}
[oreilly:crawl:http] [996/1290] 010553 Haribo Tub Maoam Stripes — 200 in 718ms {"url":"https://order.oreillyswholesale.com/products/DetailsPortal.asp?product_code=010553&Page=Products&BreadPath=/products/gridlist.asp?DeptCode=5*chkpm=MALL*page=27","productCode":"010553"}
[oreilly:crawl:http] [998/1290] 039326 Haribo Tub Terrific Turtles — 200 in 1741ms {"url":"https://order.oreillyswholesale.com/products/DetailsPortal.asp?product_code=039326&Page=Products&BreadPath=/products/gridlist.asp?DeptCode=5*chkpm=MALL*page=27","productCode":"039326"}
[oreilly:crawl:http] [999/1290] 039511 Haribo Tub Yellow Bellies — 200 in 500ms {"url":"https://order.oreillyswholesale.com/products/DetailsPortal.asp?product_code=039511&Page=Products&BreadPath=/products/gridlist.asp?DeptCode=5*chkpm=MALL*page=27","productCode":"039511"}
[oreilly:crawl:http] [1000/1290] 012014 Jar Jamesons Choc Caramels — 200 in 702ms {"url":"https://order.oreillyswholesale.com/products/DetailsPortal.asp?product_code=012014&Page=Products&BreadPath=/products/gridlist.asp?DeptCode=5*chkpm=MALL*page=28","productCode":"012014"}
[oreilly:products:sync] progress 1000/1290 (78%) — ok 1000, failed 0, lanes 3, elapsed 10m 37s, ETA 3m 5s
[oreilly:crawl:http] [1001/1290] 012011 Jar Jamesons Raspberry Ruffles — 200 in 439ms {"url":"https://order.oreillyswholesale.com/products/DetailsPortal.asp?product_code=012011&Page=Products&BreadPath=/products/gridlist.asp?DeptCode=5*chkpm=MALL*page=28","productCode":"012011"}
[oreilly:crawl:http] [1002/1290] 035642 Jar Millions Apple — 200 in 732ms {"url":"https://order.oreillyswholesale.com/products/DetailsPortal.asp?product_code=035642&Page=Products&BreadPath=/products/gridlist.asp?DeptCode=5*chkpm=MALL*page=28","productCode":"035642"}
[oreilly:crawl:http] [1003/1290] 012107 Jar Millions Bubblegum — 200 in 1748ms {"url":"https://order.oreillyswholesale.com/products/DetailsPortal.asp?product_code=012107&Page=Products&BreadPath=/products/gridlist.asp?DeptCode=5*chkpm=MALL*page=28","productCode":"012107"}
[oreilly:crawl:http] [1004/1290] 012102 Jar Millions Cola — 200 in 438ms {"url":"https://order.oreillyswholesale.com/products/DetailsPortal.asp?product_code=012102&Page=Products&BreadPath=/products/gridlist.asp?DeptCode=5*chkpm=MALL*page=28","productCode":"012102"}
[oreilly:crawl:http] [1006/1290] 012105 Jar Millions Strawberry — 200 in 675ms {"url":"https://order.oreillyswholesale.com/products/DetailsPortal.asp?product_code=012105&Page=Products&BreadPath=/products/gridlist.asp?DeptCode=5*chkpm=MALL*page=28","productCode":"012105"}
[oreilly:crawl:http] [1005/1290] 012106 Jar Millions Raspberry — 200 in 1772ms {"url":"https://order.oreillyswholesale.com/products/DetailsPortal.asp?product_code=012106&Page=Products&BreadPath=/products/gridlist.asp?DeptCode=5*chkpm=MALL*page=28","productCode":"012106"}
[oreilly:crawl:http] [1007/1290] 040896 Jar Shaws Aniseed Balls Sugar Coated — 200 in 407ms {"url":"https://order.oreillyswholesale.com/products/DetailsPortal.asp?product_code=040896&Page=Products&BreadPath=/products/gridlist.asp?DeptCode=5*chkpm=MALL*page=28","productCode":"040896"}
[oreilly:crawl:http] [1008/1290] 040886 Jar Shaws Apple Balls Sugar Coated — 200 in 693ms {"url":"https://order.oreillyswholesale.com/products/DetailsPortal.asp?product_code=040886&Page=Products&BreadPath=/products/gridlist.asp?DeptCode=5*chkpm=MALL*page=28","productCode":"040886"}
[oreilly:crawl:http] [1009/1290] 014676 Jar Shaws Blue Raspberry Bon Bons — 200 in 1714ms {"url":"https://order.oreillyswholesale.com/products/DetailsPortal.asp?product_code=014676&Page=Products&BreadPath=/products/gridlist.asp?DeptCode=5*chkpm=MALL*page=28","productCode":"014676"}
[oreilly:crawl:http] [1010/1290] 012091 Jar Shaws Brandy Balls Crystallised Unwrapped — 200 in 451ms {"url":"https://order.oreillyswholesale.com/products/DetailsPortal.asp?product_code=012091&Page=Products&BreadPath=/products/gridlist.asp?DeptCode=5*chkpm=MALL*page=28","productCode":"012091"}
[oreilly:crawl:http] [1011/1290] 040894 Jar Shaws Buttered Balls Sugar Coated — 200 in 716ms {"url":"https://order.oreillyswholesale.com/products/DetailsPortal.asp?product_code=040894&Page=Products&BreadPath=/products/gridlist.asp?DeptCode=5*chkpm=MALL*page=28","productCode":"040894"}
[oreilly:crawl:http] [1012/1290] 035582 Jar Shaws Chewy Cinnamon — 200 in 1677ms {"url":"https://order.oreillyswholesale.com/products/DetailsPortal.asp?product_code=035582&Page=Products&BreadPath=/products/gridlist.asp?DeptCode=5*chkpm=MALL*page=28","productCode":"035582"}
[oreilly:crawl:http] [1014/1290] 035552 Jar Shaws Chocolate Raisins — 200 in 443ms {"url":"https://order.oreillyswholesale.com/products/DetailsPortal.asp?product_code=035552&Page=Products&BreadPath=/products/gridlist.asp?DeptCode=5*chkpm=MALL*page=28","productCode":"035552"}
[oreilly:crawl:http] [1013/1290] 035551 Jar Shaws Chocolate Peanuts — 200 in 914ms {"url":"https://order.oreillyswholesale.com/products/DetailsPortal.asp?product_code=035551&Page=Products&BreadPath=/products/gridlist.asp?DeptCode=5*chkpm=MALL*page=28","productCode":"035551"}
[oreilly:crawl:http] [1015/1290] 035547 Jar Shaws Chocolate Toffee Rolls — 200 in 1824ms {"url":"https://order.oreillyswholesale.com/products/DetailsPortal.asp?product_code=035547&Page=Products&BreadPath=/products/gridlist.asp?DeptCode=5*chkpm=MALL*page=28","productCode":"035547"}
[oreilly:crawl:http] [1016/1290] 012088 Jar Shaws Cinnamon Lozengers — 200 in 433ms {"url":"https://order.oreillyswholesale.com/products/DetailsPortal.asp?product_code=012088&Page=Products&BreadPath=/products/gridlist.asp?DeptCode=5*chkpm=MALL*page=28","productCode":"012088"}
[oreilly:crawl:http] [1017/1290] 040898 Jar Shaws Clove Balls Sugar Coated — 200 in 715ms {"url":"https://order.oreillyswholesale.com/products/DetailsPortal.asp?product_code=040898&Page=Products&BreadPath=/products/gridlist.asp?DeptCode=5*chkpm=MALL*page=28","productCode":"040898"}
[oreilly:crawl:http] [1018/1290] 012098 Jar Shaws Clove Rock — 200 in 1804ms {"url":"https://order.oreillyswholesale.com/products/DetailsPortal.asp?product_code=012098&Page=Products&BreadPath=/products/gridlist.asp?DeptCode=5*chkpm=MALL*page=28","productCode":"012098"}
[oreilly:crawl:http] [1019/1290] 035577 Jar Shaws Jelly Beans — 200 in 424ms {"url":"https://order.oreillyswholesale.com/products/DetailsPortal.asp?product_code=035577&Page=Products&BreadPath=/products/gridlist.asp?DeptCode=5*chkpm=MALL*page=28","productCode":"035577"}
[oreilly:crawl:http] [1020/1290] 035674 Jar Shaws Lemon Bon Bons — 200 in 681ms {"url":"https://order.oreillyswholesale.com/products/DetailsPortal.asp?product_code=035674&Page=Products&BreadPath=/products/gridlist.asp?DeptCode=5*chkpm=MALL*page=28","productCode":"035674"}
[oreilly:crawl:http] [1021/1290] 035549 Jar Shaws Mint Imperials — 200 in 1954ms {"url":"https://order.oreillyswholesale.com/products/DetailsPortal.asp?product_code=035549&Page=Products&BreadPath=/products/gridlist.asp?DeptCode=5*chkpm=MALL*page=28","productCode":"035549"}
[oreilly:crawl:http] [1022/1290] 014671 Jar Shaws Rhubarb & Custard Wrapped — 200 in 481ms {"url":"https://order.oreillyswholesale.com/products/DetailsPortal.asp?product_code=014671&Page=Products&BreadPath=/products/gridlist.asp?DeptCode=5*chkpm=MALL*page=28","productCode":"014671"}
[oreilly:crawl:http] [1023/1290] 040897 Jar Shaws Spearmint Balls Sugar Coated — 200 in 670ms {"url":"https://order.oreillyswholesale.com/products/DetailsPortal.asp?product_code=040897&Page=Products&BreadPath=/products/gridlist.asp?DeptCode=5*chkpm=MALL*page=28","productCode":"040897"}
[oreilly:crawl:http] [1024/1290] 035579 Jar Shaws Spearmint Chews Wrapped — 200 in 1680ms {"url":"https://order.oreillyswholesale.com/products/DetailsPortal.asp?product_code=035579&Page=Products&BreadPath=/products/gridlist.asp?DeptCode=5*chkpm=MALL*page=28","productCode":"035579"}
[oreilly:crawl:http] [1025/1290] 035675 Jar Shaws Strawberry Bon Bons — 200 in 411ms {"url":"https://order.oreillyswholesale.com/products/DetailsPortal.asp?product_code=035675&Page=Products&BreadPath=/products/gridlist.asp?DeptCode=5*chkpm=MALL*page=28","productCode":"035675"}
[oreilly:crawl:http] [1026/1290] 048785 Jar Shaws Strawberry Sherbets Wrapped — 200 in 709ms {"url":"https://order.oreillyswholesale.com/products/DetailsPortal.asp?product_code=048785&Page=Products&BreadPath=/products/gridlist.asp?DeptCode=5*chkpm=MALL*page=28","productCode":"048785"}
[oreilly:crawl:http] [1027/1290] 012022 Jar Squirrel Cherry Lips — 200 in 1743ms {"url":"https://order.oreillyswholesale.com/products/DetailsPortal.asp?product_code=012022&Page=Products&BreadPath=/products/gridlist.asp?DeptCode=5*chkpm=MALL*page=28","productCode":"012022"}
[oreilly:crawl:http] [1028/1290] 012023 Jar Squirrel Floral Gums — 200 in 437ms {"url":"https://order.oreillyswholesale.com/products/DetailsPortal.asp?product_code=012023&Page=Products&BreadPath=/products/gridlist.asp?DeptCode=5*chkpm=MALL*page=28","productCode":"012023"}
[oreilly:crawl:http] [1029/1290] 035782 Kingsway Bon Bons - Apple — 200 in 675ms {"url":"https://order.oreillyswholesale.com/products/DetailsPortal.asp?product_code=035782&Page=Products&BreadPath=/products/gridlist.asp?DeptCode=5*chkpm=MALL*page=28","productCode":"035782"}
[oreilly:crawl:http] [1030/1290] 035789 Kingsway Bon Bons - Bubblegum — 200 in 1684ms {"url":"https://order.oreillyswholesale.com/products/DetailsPortal.asp?product_code=035789&Page=Products&BreadPath=/products/gridlist.asp?DeptCode=5*chkpm=MALL*page=28","productCode":"035789"}
[oreilly:crawl:http] [1031/1290] 035784 Kingsway Bon Bons - Lemon — 200 in 447ms {"url":"https://order.oreillyswholesale.com/products/DetailsPortal.asp?product_code=035784&Page=Products&BreadPath=/products/gridlist.asp?DeptCode=5*chkpm=MALL*page=28","productCode":"035784"}
[oreilly:crawl:http] [1032/1290] 035783 Kingsway Bon Bons - Strawberry — 200 in 718ms {"url":"https://order.oreillyswholesale.com/products/DetailsPortal.asp?product_code=035783&Page=Products&BreadPath=/products/gridlist.asp?DeptCode=5*chkpm=MALL*page=28","productCode":"035783"}
[oreilly:crawl:http] [1033/1290] 035785 Kingsway Bon Bons - Toffee — 200 in 1663ms {"url":"https://order.oreillyswholesale.com/products/DetailsPortal.asp?product_code=035785&Page=Products&BreadPath=/products/gridlist.asp?DeptCode=5*chkpm=MALL*page=28","productCode":"035785"}
[oreilly:crawl:http] [1034/1290] 015192 Kingsway Bon Bons - Veggie Blue Raspberry — 200 in 447ms {"url":"https://order.oreillyswholesale.com/products/DetailsPortal.asp?product_code=015192&Page=Products&BreadPath=/products/gridlist.asp?DeptCode=5*chkpm=MALL*page=28","productCode":"015192"}
[oreilly:crawl:http] [1035/1290] 035786 Kingsway Bon Bons - Watermelon — 200 in 775ms {"url":"https://order.oreillyswholesale.com/products/DetailsPortal.asp?product_code=035786&Page=Products&BreadPath=/products/gridlist.asp?DeptCode=5*chkpm=MALL*page=28","productCode":"035786"}
[oreilly:crawl:http] [1036/1290] 035758 Kingsway Bubblegum Balls 1p / 2c — 200 in 1697ms {"url":"https://order.oreillyswholesale.com/products/DetailsPortal.asp?product_code=035758&Page=Products&BreadPath=/products/gridlist.asp?DeptCode=5*chkpm=MALL*page=28","productCode":"035758"}
[oreilly:crawl:http] [1037/1290] 035843 Kingsway Candy Abc Letters - Fruit Flav — 200 in 515ms {"url":"https://order.oreillyswholesale.com/products/DetailsPortal.asp?product_code=035843&Page=Products&BreadPath=/products/gridlist.asp?DeptCode=5*chkpm=MALL*page=28","productCode":"035843"}
[oreilly:crawl:http] [1038/1290] 040411 Kingsway Chocolate Pirate Gold Coins — 200 in 702ms {"url":"https://order.oreillyswholesale.com/products/DetailsPortal.asp?product_code=040411&Page=Products&BreadPath=/products/gridlist.asp?DeptCode=5*chkpm=MALL*page=28","productCode":"040411"}
[oreilly:crawl:http] [1039/1290] 049164 Kingsway Foam Mushrooms — 200 in 1744ms {"url":"https://order.oreillyswholesale.com/products/DetailsPortal.asp?product_code=049164&Page=Products&BreadPath=/products/gridlist.asp?DeptCode=5*chkpm=MALL*page=28","productCode":"049164"}
[oreilly:crawl:http] [1040/1290] 040056 Kingsway Fruit Drops — 200 in 585ms {"url":"https://order.oreillyswholesale.com/products/DetailsPortal.asp?product_code=040056&Page=Products&BreadPath=/products/gridlist.asp?DeptCode=5*chkpm=MALL*page=28","productCode":"040056"}
[oreilly:crawl:http] [1041/1290] 047267 Kingsway Gummy Bones - Straw Flav — 200 in 769ms {"url":"https://order.oreillyswholesale.com/products/DetailsPortal.asp?product_code=047267&Page=Products&BreadPath=/products/gridlist.asp?DeptCode=5*chkpm=MALL*page=28","productCode":"047267"}
[oreilly:crawl:http] [1042/1290] 040060 Kingsway Gummy Stars - Blue Rasp Flav Sour Sweets — 200 in 1790ms {"url":"https://order.oreillyswholesale.com/products/DetailsPortal.asp?product_code=040060&Page=Products&BreadPath=/products/gridlist.asp?DeptCode=5*chkpm=MALL*page=28","productCode":"040060"}
[oreilly:crawl:http] [1044/1290] 036465 Kingsway Jelly Cola Bottles Small — 200 in 461ms {"url":"https://order.oreillyswholesale.com/products/DetailsPortal.asp?product_code=036465&Page=Products&BreadPath=/products/gridlist.asp?DeptCode=5*chkpm=MALL*page=28","productCode":"036465"}
[oreilly:crawl:http] [1043/1290] 036385 Kingsway Jelly Blackberries & Raspberries — 200 in 719ms {"url":"https://order.oreillyswholesale.com/products/DetailsPortal.asp?product_code=036385&Page=Products&BreadPath=/products/gridlist.asp?DeptCode=5*chkpm=MALL*page=28","productCode":"036385"}
[oreilly:crawl:http] [1045/1290] 035818 Kingsway Jelly Crocodiles - Fruit Flav — 200 in 1839ms {"url":"https://order.oreillyswholesale.com/products/DetailsPortal.asp?product_code=035818&Page=Products&BreadPath=/products/gridlist.asp?DeptCode=5*chkpm=MALL*page=28","productCode":"035818"}
[oreilly:crawl:http] [1047/1290] 035796 Kingsway Jelly Dracula Vampire Teeth — 200 in 467ms {"url":"https://order.oreillyswholesale.com/products/DetailsPortal.asp?product_code=035796&Page=Products&BreadPath=/products/gridlist.asp?DeptCode=5*chkpm=MALL*page=28","productCode":"035796"}
[oreilly:crawl:http] [1046/1290] 035830 Kingsway Jelly Dentures - Straw & Cream Flav — 200 in 663ms {"url":"https://order.oreillyswholesale.com/products/DetailsPortal.asp?product_code=035830&Page=Products&BreadPath=/products/gridlist.asp?DeptCode=5*chkpm=MALL*page=28","productCode":"035830"}
[oreilly:crawl:http] [1048/1290] 035806 Kingsway Jelly Fizzy Bubblegum Bottles — 200 in 1747ms {"url":"https://order.oreillyswholesale.com/products/DetailsPortal.asp?product_code=035806&Page=Products&BreadPath=/products/gridlist.asp?DeptCode=5*chkpm=MALL*page=28","productCode":"035806"}
[oreilly:crawl:http] [1049/1290] 040410 Kingsway Jelly Fizzy Bubblegum Tongue Paint Dummie — 200 in 492ms {"url":"https://order.oreillyswholesale.com/products/DetailsPortal.asp?product_code=040410&Page=Products&BreadPath=/products/gridlist.asp?DeptCode=5*chkpm=MALL*page=28","productCode":"040410"}
[oreilly:crawl:http] [1050/1290] 035823 Kingsway Jelly Fizzy Cherry Cola Bottle — 200 in 852ms {"url":"https://order.oreillyswholesale.com/products/DetailsPortal.asp?product_code=035823&Page=Products&BreadPath=/products/gridlist.asp?DeptCode=5*chkpm=MALL*page=29","productCode":"035823"}
[oreilly:crawl:http] [1051/1290] 035822 Kingsway Jelly Fizzy Chips - Fruit Flav Sour Coat — 200 in 1830ms {"url":"https://order.oreillyswholesale.com/products/DetailsPortal.asp?product_code=035822&Page=Products&BreadPath=/products/gridlist.asp?DeptCode=5*chkpm=MALL*page=29","productCode":"035822"}
[oreilly:crawl:http] [1054/1290] 035814 Kingsway Jelly Fizzy Peaches — 200 in 510ms {"url":"https://order.oreillyswholesale.com/products/DetailsPortal.asp?product_code=035814&Page=Products&BreadPath=/products/gridlist.asp?DeptCode=5*chkpm=MALL*page=29","productCode":"035814"}
[oreilly:crawl:http] [1052/1290] 035797 Kingsway Jelly Fizzy Dracula Teeth — 200 in 769ms {"url":"https://order.oreillyswholesale.com/products/DetailsPortal.asp?product_code=035797&Page=Products&BreadPath=/products/gridlist.asp?DeptCode=5*chkpm=MALL*page=29","productCode":"035797"}
[oreilly:crawl:http] [1053/1290] 035799 Kingsway Jelly Fizzy Mini Watermelon Slices — 200 in 1808ms {"url":"https://order.oreillyswholesale.com/products/DetailsPortal.asp?product_code=035799&Page=Products&BreadPath=/products/gridlist.asp?DeptCode=5*chkpm=MALL*page=29","productCode":"035799"}
[oreilly:crawl:http] [1055/1290] 035813 Kingsway Jelly Fizzy Sour Apples — 200 in 417ms {"url":"https://order.oreillyswholesale.com/products/DetailsPortal.asp?product_code=035813&Page=Products&BreadPath=/products/gridlist.asp?DeptCode=5*chkpm=MALL*page=29","productCode":"035813"}
[oreilly:crawl:http] [1057/1290] 036466 Kingsway Jelly Fizzy Twin Cherries — 200 in 714ms {"url":"https://order.oreillyswholesale.com/products/DetailsPortal.asp?product_code=036466&Page=Products&BreadPath=/products/gridlist.asp?DeptCode=5*chkpm=MALL*page=29","productCode":"036466"}
[oreilly:crawl:http] [1056/1290] 041200 Kingsway Jelly Fizzy Strawberries — 200 in 1693ms {"url":"https://order.oreillyswholesale.com/products/DetailsPortal.asp?product_code=041200&Page=Products&BreadPath=/products/gridlist.asp?DeptCode=5*chkpm=MALL*page=29","productCode":"041200"}
[oreilly:crawl:http] [1058/1290] 036375 Kingsway Jelly Foam Beach Mix — 200 in 420ms {"url":"https://order.oreillyswholesale.com/products/DetailsPortal.asp?product_code=036375&Page=Products&BreadPath=/products/gridlist.asp?DeptCode=5*chkpm=MALL*page=29","productCode":"036375"}
[oreilly:crawl:http] [1060/1290] 035809 Kingsway Jelly Giant Dolphins - Fruit Flav — 200 in 754ms {"url":"https://order.oreillyswholesale.com/products/DetailsPortal.asp?product_code=035809&Page=Products&BreadPath=/products/gridlist.asp?DeptCode=5*chkpm=MALL*page=29","productCode":"035809"}
[oreilly:crawl:http] [1059/1290] 036463 Kingsway Jelly Friendship Rings — 200 in 1674ms {"url":"https://order.oreillyswholesale.com/products/DetailsPortal.asp?product_code=036463&Page=Products&BreadPath=/products/gridlist.asp?DeptCode=5*chkpm=MALL*page=29","productCode":"036463"}
[oreilly:crawl:http] [1061/1290] 035811 Kingsway Jelly Giant Strawberries — 200 in 502ms {"url":"https://order.oreillyswholesale.com/products/DetailsPortal.asp?product_code=035811&Page=Products&BreadPath=/products/gridlist.asp?DeptCode=5*chkpm=MALL*page=29","productCode":"035811"}
[oreilly:crawl:http] [1062/1290] 035828 Kingsway Jelly Jumbo Fizzy Bubblegum Bottles — 200 in 663ms {"url":"https://order.oreillyswholesale.com/products/DetailsPortal.asp?product_code=035828&Page=Products&BreadPath=/products/gridlist.asp?DeptCode=5*chkpm=MALL*page=29","productCode":"035828"}
[oreilly:crawl:http] [1063/1290] 035824 Kingsway Jelly Jumbo Fizzy Cherry Cola Bottle — 200 in 1685ms {"url":"https://order.oreillyswholesale.com/products/DetailsPortal.asp?product_code=035824&Page=Products&BreadPath=/products/gridlist.asp?DeptCode=5*chkpm=MALL*page=29","productCode":"035824"}
[oreilly:crawl:http] [1064/1290] 035829 Kingsway Jelly Meerkats — 200 in 513ms {"url":"https://order.oreillyswholesale.com/products/DetailsPortal.asp?product_code=035829&Page=Products&BreadPath=/products/gridlist.asp?DeptCode=5*chkpm=MALL*page=29","productCode":"035829"}
[oreilly:crawl:http] [1066/1290] 036879 Kingsway Jelly Monsters Fruity Flav — 200 in 719ms {"url":"https://order.oreillyswholesale.com/products/DetailsPortal.asp?product_code=036879&Page=Products&BreadPath=/products/gridlist.asp?DeptCode=5*chkpm=MALL*page=29","productCode":"036879"}
[oreilly:crawl:http] [1065/1290] 035831 Kingsway Jelly Mermaids — 200 in 1743ms {"url":"https://order.oreillyswholesale.com/products/DetailsPortal.asp?product_code=035831&Page=Products&BreadPath=/products/gridlist.asp?DeptCode=5*chkpm=MALL*page=29","productCode":"035831"}
[oreilly:crawl:http] [1067/1290] 035817 Kingsway Jelly Small Juicy Red Lips — 200 in 514ms {"url":"https://order.oreillyswholesale.com/products/DetailsPortal.asp?product_code=035817&Page=Products&BreadPath=/products/gridlist.asp?DeptCode=5*chkpm=MALL*page=29","productCode":"035817"}
[oreilly:crawl:http] [1068/1290] 035801 Kingsway Jelly Sour Dummies — 200 in 708ms {"url":"https://order.oreillyswholesale.com/products/DetailsPortal.asp?product_code=035801&Page=Products&BreadPath=/products/gridlist.asp?DeptCode=5*chkpm=MALL*page=29","productCode":"035801"}
[oreilly:crawl:http] [1069/1290] 035832 Kingsway Jelly Sour Fizzy Snakes — 200 in 1741ms {"url":"https://order.oreillyswholesale.com/products/DetailsPortal.asp?product_code=035832&Page=Products&BreadPath=/products/gridlist.asp?DeptCode=5*chkpm=MALL*page=29","productCode":"035832"}
[oreilly:crawl:http] [1070/1290] 035803 Kingsway Jelly Sour Tongues - Fruit & Cola Flav — 200 in 469ms {"url":"https://order.oreillyswholesale.com/products/DetailsPortal.asp?product_code=035803&Page=Products&BreadPath=/products/gridlist.asp?DeptCode=5*chkpm=MALL*page=29","productCode":"035803"}
[oreilly:crawl:http] [1071/1290] 036462 Kingsway Jelly Strawberry & Cream Sweets — 200 in 753ms {"url":"https://order.oreillyswholesale.com/products/DetailsPortal.asp?product_code=036462&Page=Products&BreadPath=/products/gridlist.asp?DeptCode=5*chkpm=MALL*page=29","productCode":"036462"}
[oreilly:crawl:http] [1072/1290] 035821 Kingsway Jelly Swirly Fish — 200 in 1709ms {"url":"https://order.oreillyswholesale.com/products/DetailsPortal.asp?product_code=035821&Page=Products&BreadPath=/products/gridlist.asp?DeptCode=5*chkpm=MALL*page=29","productCode":"035821"}
[oreilly:crawl:http] [1073/1290] 036373 Kingsway Jelly Teddy Bears — 200 in 519ms {"url":"https://order.oreillyswholesale.com/products/DetailsPortal.asp?product_code=036373&Page=Products&BreadPath=/products/gridlist.asp?DeptCode=5*chkpm=MALL*page=29","productCode":"036373"}
[oreilly:crawl:http] [1074/1290] 035794 Kingsway Jelly Tongue Painters — 200 in 772ms {"url":"https://order.oreillyswholesale.com/products/DetailsPortal.asp?product_code=035794&Page=Products&BreadPath=/products/gridlist.asp?DeptCode=5*chkpm=MALL*page=29","productCode":"035794"}
[oreilly:crawl:http] [1075/1290] 035802 Kingsway Jelly Tongue Painting Fizzy Dummies — 200 in 1943ms {"url":"https://order.oreillyswholesale.com/products/DetailsPortal.asp?product_code=035802&Page=Products&BreadPath=/products/gridlist.asp?DeptCode=5*chkpm=MALL*page=29","productCode":"035802"}
[oreilly:crawl:http] [1076/1290] 040062 Kingsway Kola Bricks Royale - Soft Centre — 200 in 508ms {"url":"https://order.oreillyswholesale.com/products/DetailsPortal.asp?product_code=040062&Page=Products&BreadPath=/products/gridlist.asp?DeptCode=5*chkpm=MALL*page=29","productCode":"040062"}
[oreilly:crawl:http] [1078/1290] 042767 Kingsway Liquorice Strawberry — 200 in 729ms {"url":"https://order.oreillyswholesale.com/products/DetailsPortal.asp?product_code=042767&Page=Products&BreadPath=/products/gridlist.asp?DeptCode=5*chkpm=MALL*page=29","productCode":"042767"}
[oreilly:crawl:http] [1077/1290] 042768 Kingsway Liquorice Raspberry — 200 in 1717ms {"url":"https://order.oreillyswholesale.com/products/DetailsPortal.asp?product_code=042768&Page=Products&BreadPath=/products/gridlist.asp?DeptCode=5*chkpm=MALL*page=29","productCode":"042768"}
[oreilly:crawl:http] [1079/1290] 036470 Kingsway Mallow Poles — 200 in 470ms {"url":"https://order.oreillyswholesale.com/products/DetailsPortal.asp?product_code=036470&Page=Products&BreadPath=/products/gridlist.asp?DeptCode=5*chkpm=MALL*page=29","productCode":"036470"}
[oreilly:crawl:http] [1080/1290] 035756 Kingsway Marshmallow Butterflies — 200 in 718ms {"url":"https://order.oreillyswholesale.com/products/DetailsPortal.asp?product_code=035756&Page=Products&BreadPath=/products/gridlist.asp?DeptCode=5*chkpm=MALL*page=29","productCode":"035756"}
[oreilly:crawl:http] [1081/1290] 035757 Kingsway Marshmallow Flowers Daisies — 200 in 1844ms {"url":"https://order.oreillyswholesale.com/products/DetailsPortal.asp?product_code=035757&Page=Products&BreadPath=/products/gridlist.asp?DeptCode=5*chkpm=MALL*page=29","productCode":"035757"}
[oreilly:crawl:http] [1083/1290] 036464 Kingsway Mini Teeth Fangs — 200 in 504ms {"url":"https://order.oreillyswholesale.com/products/DetailsPortal.asp?product_code=036464&Page=Products&BreadPath=/products/gridlist.asp?DeptCode=5*chkpm=MALL*page=29","productCode":"036464"}
[oreilly:crawl:http] [1082/1290] 040055 Kingsway Milk Choc Toffee Drops - Chewing Nuts — 200 in 765ms {"url":"https://order.oreillyswholesale.com/products/DetailsPortal.asp?product_code=040055&Page=Products&BreadPath=/products/gridlist.asp?DeptCode=5*chkpm=MALL*page=29","productCode":"040055"}
[oreilly:crawl:http] [1084/1290] 035790 Kingsway Strawberry Twist Kisses — 200 in 1714ms {"url":"https://order.oreillyswholesale.com/products/DetailsPortal.asp?product_code=035790&Page=Products&BreadPath=/products/gridlist.asp?DeptCode=5*chkpm=MALL*page=29","productCode":"035790"}
[oreilly:crawl:http] [1085/1290] 035837 Kingsway Sugared Almonds — 200 in 513ms {"url":"https://order.oreillyswholesale.com/products/DetailsPortal.asp?product_code=035837&Page=Products&BreadPath=/products/gridlist.asp?DeptCode=5*chkpm=MALL*page=29","productCode":"035837"}
[oreilly:crawl:http] [1086/1290] 040698 Moritz Chocolate Ice Cups — 200 in 718ms {"url":"https://order.oreillyswholesale.com/products/DetailsPortal.asp?product_code=040698&Page=Products&BreadPath=/products/gridlist.asp?DeptCode=5*chkpm=MALL*page=29","productCode":"040698"}
[oreilly:crawl:http] [1087/1290] 043450 Stockley Kola Cubes — 200 in 1750ms {"url":"https://order.oreillyswholesale.com/products/DetailsPortal.asp?product_code=043450&Page=Products&BreadPath=/products/gridlist.asp?DeptCode=5*chkpm=MALL*page=29","productCode":"043450"}
[oreilly:crawl:http] [1088/1290] 040006 Swizz Tub Foam Mushrooms — 200 in 459ms {"url":"https://order.oreillyswholesale.com/products/DetailsPortal.asp?product_code=040006&Page=Products&BreadPath=/products/gridlist.asp?DeptCode=5*chkpm=MALL*page=29","productCode":"040006"}
[oreilly:crawl:http] [1089/1290] 040008 Swizz Tub Milk Bottles — 200 in 665ms {"url":"https://order.oreillyswholesale.com/products/DetailsPortal.asp?product_code=040008&Page=Products&BreadPath=/products/gridlist.asp?DeptCode=5*chkpm=MALL*page=29","productCode":"040008"}
[oreilly:crawl:http] [1090/1290] 040009 Swizz Tub Pigs Mugs — 200 in 1784ms {"url":"https://order.oreillyswholesale.com/products/DetailsPortal.asp?product_code=040009&Page=Products&BreadPath=/products/gridlist.asp?DeptCode=5*chkpm=MALL*page=29","productCode":"040009"}
[oreilly:crawl:http] [1091/1290] 040005 Swizz Tub Strawberry Tarts — 200 in 415ms {"url":"https://order.oreillyswholesale.com/products/DetailsPortal.asp?product_code=040005&Page=Products&BreadPath=/products/gridlist.asp?DeptCode=5*chkpm=MALL*page=29","productCode":"040005"}
[oreilly:crawl:http] [1092/1290] 040007 Swizz Tub Teeth & Toothbrush — 200 in 807ms {"url":"https://order.oreillyswholesale.com/products/DetailsPortal.asp?product_code=040007&Page=Products&BreadPath=/products/gridlist.asp?DeptCode=5*chkpm=MALL*page=29","productCode":"040007"}
[oreilly:crawl:http] [1093/1290] 036378 Taveners Fruit Jellies — 200 in 1822ms {"url":"https://order.oreillyswholesale.com/products/DetailsPortal.asp?product_code=036378&Page=Products&BreadPath=/products/gridlist.asp?DeptCode=5*chkpm=MALL*page=29","productCode":"036378"}
[oreilly:crawl:http] [1094/1290] 017307 Taveners Liquorice Comfits - Bulk — 200 in 514ms {"url":"https://order.oreillyswholesale.com/products/DetailsPortal.asp?product_code=017307&Page=Products&BreadPath=/products/gridlist.asp?DeptCode=5*chkpm=MALL*page=29","productCode":"017307"}
[oreilly:crawl:http] [1095/1290] 043896 Vidal - Burger Jelly Shapes — 200 in 820ms {"url":"https://order.oreillyswholesale.com/products/DetailsPortal.asp?product_code=043896&Page=Products&BreadPath=/products/gridlist.asp?DeptCode=5*chkpm=MALL*page=29","productCode":"043896"}
[oreilly:crawl:http] [1096/1290] 043460 Vidal - Creepy Jelly Shapes — 200 in 1722ms {"url":"https://order.oreillyswholesale.com/products/DetailsPortal.asp?product_code=043460&Page=Products&BreadPath=/products/gridlist.asp?DeptCode=5*chkpm=MALL*page=29","productCode":"043460"}
[oreilly:crawl:http] [1099/1290] 043897 Vidal - Pizza Jelly Shapes — 200 in 422ms {"url":"https://order.oreillyswholesale.com/products/DetailsPortal.asp?product_code=043897&Page=Products&BreadPath=/products/gridlist.asp?DeptCode=5*chkpm=MALL*page=29","productCode":"043897"}
[oreilly:crawl:http] [1097/1290] 043895 Vidal - Dino Jelly Shapes — 200 in 822ms {"url":"https://order.oreillyswholesale.com/products/DetailsPortal.asp?product_code=043895&Page=Products&BreadPath=/products/gridlist.asp?DeptCode=5*chkpm=MALL*page=29","productCode":"043895"}
[oreilly:crawl:http] [1098/1290] 043894 Vidal - Ocean Jelly Shapes — 200 in 1742ms {"url":"https://order.oreillyswholesale.com/products/DetailsPortal.asp?product_code=043894&Page=Products&BreadPath=/products/gridlist.asp?DeptCode=5*chkpm=MALL*page=29","productCode":"043894"}
[oreilly:crawl:http] [1100/1290] 046442 Vidal Jelly Filled Boiled Eggs — 200 in 450ms {"url":"https://order.oreillyswholesale.com/products/DetailsPortal.asp?product_code=046442&Page=Products&BreadPath=/products/gridlist.asp?DeptCode=5*chkpm=MALL*page=30","productCode":"046442"}
[oreilly:crawl:http] [1102/1290] 040217 Vidal Pic-n-mix Assorted Jelly Mini Mix — 200 in 856ms {"url":"https://order.oreillyswholesale.com/products/DetailsPortal.asp?product_code=040217&Page=Products&BreadPath=/products/gridlist.asp?DeptCode=5*chkpm=MALL*page=30","productCode":"040217"}
[oreilly:crawl:http] [1101/1290] 043662 Vidal Jelly Sour Volcanoes — 200 in 1808ms {"url":"https://order.oreillyswholesale.com/products/DetailsPortal.asp?product_code=043662&Page=Products&BreadPath=/products/gridlist.asp?DeptCode=5*chkpm=MALL*page=30","productCode":"043662"}
[oreilly:crawl:http] [1103/1290] 040215 Vidal Pic-n-mix Asstd Licorice Cream Rock — 200 in 412ms {"url":"https://order.oreillyswholesale.com/products/DetailsPortal.asp?product_code=040215&Page=Products&BreadPath=/products/gridlist.asp?DeptCode=5*chkpm=MALL*page=30","productCode":"040215"}
[oreilly:crawl:http] [1105/1290] 040234 Vidal Pic-n-mix Candy Twist Kisses — 200 in 676ms {"url":"https://order.oreillyswholesale.com/products/DetailsPortal.asp?product_code=040234&Page=Products&BreadPath=/products/gridlist.asp?DeptCode=5*chkpm=MALL*page=30","productCode":"040234"}
[oreilly:crawl:http] [1104/1290] 040245 Vidal Pic-n-mix Blue Raspberry Rocketz — 200 in 1701ms {"url":"https://order.oreillyswholesale.com/products/DetailsPortal.asp?product_code=040245&Page=Products&BreadPath=/products/gridlist.asp?DeptCode=5*chkpm=MALL*page=30","productCode":"040245"}
[oreilly:crawl:http] [1106/1290] 040222 Vidal Pic-n-mix Fizzy Jelly Cherry Bottles — 200 in 488ms {"url":"https://order.oreillyswholesale.com/products/DetailsPortal.asp?product_code=040222&Page=Products&BreadPath=/products/gridlist.asp?DeptCode=5*chkpm=MALL*page=30","productCode":"040222"}
[oreilly:crawl:http] [1107/1290] 040220 Vidal Pic-n-mix Fizzy Jelly Cola Bottles — 200 in 767ms {"url":"https://order.oreillyswholesale.com/products/DetailsPortal.asp?product_code=040220&Page=Products&BreadPath=/products/gridlist.asp?DeptCode=5*chkpm=MALL*page=30","productCode":"040220"}
[oreilly:crawl:http] [1108/1290] 040226 Vidal Pic-n-mix Fizzy Jelly Dummies — 200 in 1681ms {"url":"https://order.oreillyswholesale.com/products/DetailsPortal.asp?product_code=040226&Page=Products&BreadPath=/products/gridlist.asp?DeptCode=5*chkpm=MALL*page=30","productCode":"040226"}
[oreilly:crawl:http] [1109/1290] 040219 Vidal Pic-n-mix Fizzy Jelly Mix — 200 in 457ms {"url":"https://order.oreillyswholesale.com/products/DetailsPortal.asp?product_code=040219&Page=Products&BreadPath=/products/gridlist.asp?DeptCode=5*chkpm=MALL*page=30","productCode":"040219"}
[oreilly:crawl:http] [1110/1290] 040249 Vidal Pic-n-mix Foam Bananas — 200 in 677ms {"url":"https://order.oreillyswholesale.com/products/DetailsPortal.asp?product_code=040249&Page=Products&BreadPath=/products/gridlist.asp?DeptCode=5*chkpm=MALL*page=30","productCode":"040249"}
[oreilly:crawl:http] [1111/1290] 040250 Vidal Pic-n-mix Foam Shrimps — 200 in 1769ms {"url":"https://order.oreillyswholesale.com/products/DetailsPortal.asp?product_code=040250&Page=Products&BreadPath=/products/gridlist.asp?DeptCode=5*chkpm=MALL*page=30","productCode":"040250"}
[oreilly:crawl:http] [1112/1290] 040216 Vidal Pic-n-mix Jelly Baby Dolphins — 200 in 412ms {"url":"https://order.oreillyswholesale.com/products/DetailsPortal.asp?product_code=040216&Page=Products&BreadPath=/products/gridlist.asp?DeptCode=5*chkpm=MALL*page=30","productCode":"040216"}
[oreilly:crawl:http] [1113/1290] 040242 Vidal Pic-n-mix Jelly Blue Rasp Slices — 200 in 664ms {"url":"https://order.oreillyswholesale.com/products/DetailsPortal.asp?product_code=040242&Page=Products&BreadPath=/products/gridlist.asp?DeptCode=5*chkpm=MALL*page=30","productCode":"040242"}
[oreilly:crawl:http] [1114/1290] 040218 Vidal Pic-n-mix Jelly Blue Raspberry Dolphins — 200 in 1731ms {"url":"https://order.oreillyswholesale.com/products/DetailsPortal.asp?product_code=040218&Page=Products&BreadPath=/products/gridlist.asp?DeptCode=5*chkpm=MALL*page=30","productCode":"040218"}
[oreilly:crawl:http] [1116/1290] 040235 Vidal Pic-n-mix Jelly Giant Fried Eggs — 200 in 428ms {"url":"https://order.oreillyswholesale.com/products/DetailsPortal.asp?product_code=040235&Page=Products&BreadPath=/products/gridlist.asp?DeptCode=5*chkpm=MALL*page=30","productCode":"040235"}
[oreilly:crawl:http] [1115/1290] 040233 Vidal Pic-n-mix Jelly Fab Mix — 200 in 686ms {"url":"https://order.oreillyswholesale.com/products/DetailsPortal.asp?product_code=040233&Page=Products&BreadPath=/products/gridlist.asp?DeptCode=5*chkpm=MALL*page=30","productCode":"040233"}
[oreilly:crawl:http] [1117/1290] 040221 Vidal Pic-n-mix Jelly Peach Hearts — 200 in 1767ms {"url":"https://order.oreillyswholesale.com/products/DetailsPortal.asp?product_code=040221&Page=Products&BreadPath=/products/gridlist.asp?DeptCode=5*chkpm=MALL*page=30","productCode":"040221"}
[oreilly:crawl:http] [1118/1290] 040223 Vidal Pic-n-mix Jelly Pina Colada Slices — 200 in 546ms {"url":"https://order.oreillyswholesale.com/products/DetailsPortal.asp?product_code=040223&Page=Products&BreadPath=/products/gridlist.asp?DeptCode=5*chkpm=MALL*page=30","productCode":"040223"}
[oreilly:crawl:http] [1119/1290] 040231 Vidal Pic-n-mix Jelly Pint Pots — 200 in 664ms {"url":"https://order.oreillyswholesale.com/products/DetailsPortal.asp?product_code=040231&Page=Products&BreadPath=/products/gridlist.asp?DeptCode=5*chkpm=MALL*page=30","productCode":"040231"}
[oreilly:crawl:http] [1120/1290] 040225 Vidal Pic-n-mix Jelly Red Strawberries — 200 in 1739ms {"url":"https://order.oreillyswholesale.com/products/DetailsPortal.asp?product_code=040225&Page=Products&BreadPath=/products/gridlist.asp?DeptCode=5*chkpm=MALL*page=30","productCode":"040225"}
[oreilly:crawl:http] [1121/1290] 040224 Vidal Pic-n-mix Jelly Sour Spiders — 200 in 597ms {"url":"https://order.oreillyswholesale.com/products/DetailsPortal.asp?product_code=040224&Page=Products&BreadPath=/products/gridlist.asp?DeptCode=5*chkpm=MALL*page=30","productCode":"040224"}
[oreilly:crawl:http] [1123/1290] 040228 Vidal Pic-n-mix Jelly Tutti Frutti Bottles — 200 in 820ms {"url":"https://order.oreillyswholesale.com/products/DetailsPortal.asp?product_code=040228&Page=Products&BreadPath=/products/gridlist.asp?DeptCode=5*chkpm=MALL*page=30","productCode":"040228"}
[oreilly:crawl:http] [1122/1290] 040227 Vidal Pic-n-mix Jelly Sour Worms — 200 in 1742ms {"url":"https://order.oreillyswholesale.com/products/DetailsPortal.asp?product_code=040227&Page=Products&BreadPath=/products/gridlist.asp?DeptCode=5*chkpm=MALL*page=30","productCode":"040227"}
[oreilly:crawl:http] [1124/1290] 040236 Vidal Pic-n-mix Jelly Twist Hearts — 200 in 452ms {"url":"https://order.oreillyswholesale.com/products/DetailsPortal.asp?product_code=040236&Page=Products&BreadPath=/products/gridlist.asp?DeptCode=5*chkpm=MALL*page=30","productCode":"040236"}
[oreilly:crawl:http] [1125/1290] 040229 Vidal Pic-n-mix Jelly Watermelon Slices — 200 in 656ms {"url":"https://order.oreillyswholesale.com/products/DetailsPortal.asp?product_code=040229&Page=Products&BreadPath=/products/gridlist.asp?DeptCode=5*chkpm=MALL*page=30","productCode":"040229"}
[oreilly:crawl:http] [1126/1290] 040232 Vidal Pic-n-mix Jelly Yellow Bellies — 200 in 1874ms {"url":"https://order.oreillyswholesale.com/products/DetailsPortal.asp?product_code=040232&Page=Products&BreadPath=/products/gridlist.asp?DeptCode=5*chkpm=MALL*page=30","productCode":"040232"}
[oreilly:crawl:http] [1127/1290] 040243 Vidal Pic-n-mix Mini Asstd Pencils — 200 in 415ms {"url":"https://order.oreillyswholesale.com/products/DetailsPortal.asp?product_code=040243&Page=Products&BreadPath=/products/gridlist.asp?DeptCode=5*chkpm=MALL*page=30","productCode":"040243"}
[oreilly:crawl:http] [1128/1290] 040248 Vidal Pic-n-mix Passion Fruit Slices 1.5kg — 200 in 924ms {"url":"https://order.oreillyswholesale.com/products/DetailsPortal.asp?product_code=040248&Page=Products&BreadPath=/products/gridlist.asp?DeptCode=5*chkpm=MALL*page=30","productCode":"040248"}
[oreilly:crawl:http] [1129/1290] 040247 Vidal Pic-n-mix Rhubarb & Cusard Tubes — 200 in 1743ms {"url":"https://order.oreillyswholesale.com/products/DetailsPortal.asp?product_code=040247&Page=Products&BreadPath=/products/gridlist.asp?DeptCode=5*chkpm=MALL*page=30","productCode":"040247"}
[oreilly:crawl:http] [1130/1290] 040244 Vidal Pic-n-mix Strawberry Rocketz — 200 in 457ms {"url":"https://order.oreillyswholesale.com/products/DetailsPortal.asp?product_code=040244&Page=Products&BreadPath=/products/gridlist.asp?DeptCode=5*chkpm=MALL*page=30","productCode":"040244"}
[oreilly:crawl:http] [1131/1290] 037175 Vidal Tub - Jelly Blue Dolphins — 200 in 798ms {"url":"https://order.oreillyswholesale.com/products/DetailsPortal.asp?product_code=037175&Page=Products&BreadPath=/products/gridlist.asp?DeptCode=5*chkpm=MALL*page=30","productCode":"037175"}
[oreilly:crawl:http] [1132/1290] 037167 Vidal Tub - Jelly Filled Snails — 200 in 1832ms {"url":"https://order.oreillyswholesale.com/products/DetailsPortal.asp?product_code=037167&Page=Products&BreadPath=/products/gridlist.asp?DeptCode=5*chkpm=MALL*page=30","productCode":"037167"}
[oreilly:crawl:http] [1133/1290] 037174 Vidal Tub - Jelly Filled Snakes — 200 in 500ms {"url":"https://order.oreillyswholesale.com/products/DetailsPortal.asp?product_code=037174&Page=Products&BreadPath=/products/gridlist.asp?DeptCode=5*chkpm=MALL*page=30","productCode":"037174"}
[oreilly:crawl:http] [1134/1290] 031592 Vidal Tub - Jelly Psychodelic Mice — 200 in 705ms {"url":"https://order.oreillyswholesale.com/products/DetailsPortal.asp?product_code=031592&Page=Products&BreadPath=/products/gridlist.asp?DeptCode=5*chkpm=MALL*page=30","productCode":"031592"}
[oreilly:crawl:http] [1135/1290] 030575 W/o Kola Cubes 3kg — 200 in 1832ms {"url":"https://order.oreillyswholesale.com/products/DetailsPortal.asp?product_code=030575&Page=Products&BreadPath=/products/gridlist.asp?DeptCode=5*chkpm=MALL*page=30","productCode":"030575"}
[oreilly:crawl:http] [1136/1290] 012021 W/o Lion Football Gums Mixture — 200 in 513ms {"url":"https://order.oreillyswholesale.com/products/DetailsPortal.asp?product_code=012021&Page=Products&BreadPath=/products/gridlist.asp?DeptCode=5*chkpm=MALL*page=30","productCode":"012021"}
[oreilly:crawl:http] [1137/1290] 025897 W/o Lion Midget Gems — 200 in 718ms {"url":"https://order.oreillyswholesale.com/products/DetailsPortal.asp?product_code=025897&Page=Products&BreadPath=/products/gridlist.asp?DeptCode=5*chkpm=MALL*page=30","productCode":"025897"}
[oreilly:crawl:http] [1138/1290] 025898 W/o Lion Wine Gums — 200 in 1844ms {"url":"https://order.oreillyswholesale.com/products/DetailsPortal.asp?product_code=025898&Page=Products&BreadPath=/products/gridlist.asp?DeptCode=5*chkpm=MALL*page=30","productCode":"025898"}
[oreilly:crawl:http] [1139/1290] 012084 W/o Lonka Vanilla Fudge — 200 in 513ms {"url":"https://order.oreillyswholesale.com/products/DetailsPortal.asp?product_code=012084&Page=Products&BreadPath=/products/gridlist.asp?DeptCode=5*chkpm=MALL*page=30","productCode":"012084"}
[oreilly:crawl:http] [1140/1290] 030576 W/o Strawberry Bonbons 3kg — 200 in 719ms {"url":"https://order.oreillyswholesale.com/products/DetailsPortal.asp?product_code=030576&Page=Products&BreadPath=/products/gridlist.asp?DeptCode=5*chkpm=MALL*page=30","productCode":"030576"}
[oreilly:crawl:http] [1141/1290] 035932 Walkers Ns Choc Eclairs — 200 in 1793ms {"url":"https://order.oreillyswholesale.com/products/DetailsPortal.asp?product_code=035932&Page=Products&BreadPath=/products/gridlist.asp?DeptCode=5*chkpm=MALL*page=30","productCode":"035932"}
[oreilly:crawl:http] [1142/1290] 035930 Walkers Ns English Creamy Toffees — 200 in 425ms {"url":"https://order.oreillyswholesale.com/products/DetailsPortal.asp?product_code=035930&Page=Products&BreadPath=/products/gridlist.asp?DeptCode=5*chkpm=MALL*page=30","productCode":"035930"}
[oreilly:crawl:http] [1143/1290] 035928 Walkers Ns Liquorice Toffees — 200 in 664ms {"url":"https://order.oreillyswholesale.com/products/DetailsPortal.asp?product_code=035928&Page=Products&BreadPath=/products/gridlist.asp?DeptCode=5*chkpm=MALL*page=30","productCode":"035928"}
[oreilly:crawl:http] [1144/1290] 035934 Walkers Ns Mint Toffees — 200 in 1729ms {"url":"https://order.oreillyswholesale.com/products/DetailsPortal.asp?product_code=035934&Page=Products&BreadPath=/products/gridlist.asp?DeptCode=5*chkpm=MALL*page=30","productCode":"035934"}
[oreilly:crawl:http] [1145/1290] 035927 Walkers Ns Nutty Brazil Toffees — 200 in 423ms {"url":"https://order.oreillyswholesale.com/products/DetailsPortal.asp?product_code=035927&Page=Products&BreadPath=/products/gridlist.asp?DeptCode=5*chkpm=MALL*page=30","productCode":"035927"}
[oreilly:crawl:http] [1146/1290] 035929 Walkers Ns Treacle Toffees — 200 in 820ms {"url":"https://order.oreillyswholesale.com/products/DetailsPortal.asp?product_code=035929&Page=Products&BreadPath=/products/gridlist.asp?DeptCode=5*chkpm=MALL*page=30","productCode":"035929"}
[oreilly:crawl:http] [1147/1290] 012125 Angelito Dairy Ice Cream Mix — 200 in 1741ms {"url":"https://order.oreillyswholesale.com/products/DetailsPortal.asp?product_code=012125&Page=Products&BreadPath=/products/gridlist.asp?DeptCode=5*chkpm=MALL*page=30","productCode":"012125"}
[oreilly:crawl:http] [1148/1290] 048534 Angelito Ice Cream Cones Large — 200 in 585ms {"url":"https://order.oreillyswholesale.com/products/DetailsPortal.asp?product_code=048534&Page=Products&BreadPath=/products/gridlist.asp?DeptCode=5*chkpm=MALL*page=30","productCode":"048534"}
[oreilly:crawl:http] [1149/1290] 035398 Blizz - Bubblegum Ice Cream Topping Sauce — 200 in 681ms {"url":"https://order.oreillyswholesale.com/products/DetailsPortal.asp?product_code=035398&Page=Products&BreadPath=/products/gridlist.asp?DeptCode=5*chkpm=MALL*page=30","productCode":"035398"}
[oreilly:crawl:http] [1150/1290] 035399 Blizz - Butterscotch Ice Cream Topping Sauce — 200 in 1668ms {"url":"https://order.oreillyswholesale.com/products/DetailsPortal.asp?product_code=035399&Page=Products&BreadPath=/products/gridlist.asp?DeptCode=5*chkpm=MALL*page=31","productCode":"035399"}
[oreilly:products:sync] progress 1150/1290 (89%) — ok 1150, failed 0, lanes 3, elapsed 12m 12s, ETA 1m 29s
[oreilly:crawl:http] [1151/1290] 048484 Blizz - Caramel Ice Cream Topping Sauce — 200 in 460ms {"url":"https://order.oreillyswholesale.com/products/DetailsPortal.asp?product_code=048484&Page=Products&BreadPath=/products/gridlist.asp?DeptCode=5*chkpm=MALL*page=31","productCode":"048484"}
[oreilly:crawl:http] [1152/1290] 035400 Blizz - Chocolate Ice Cream Topping Sauce — 200 in 659ms {"url":"https://order.oreillyswholesale.com/products/DetailsPortal.asp?product_code=035400&Page=Products&BreadPath=/products/gridlist.asp?DeptCode=5*chkpm=MALL*page=31","productCode":"035400"}
[oreilly:crawl:http] [1153/1290] 035401 Blizz - Lime Ice Cream Topping Sauce — 200 in 1653ms {"url":"https://order.oreillyswholesale.com/products/DetailsPortal.asp?product_code=035401&Page=Products&BreadPath=/products/gridlist.asp?DeptCode=5*chkpm=MALL*page=31","productCode":"035401"}
[oreilly:crawl:http] [1154/1290] 048483 Blizz - Mango Ice Cream Topping Sauce — 200 in 485ms {"url":"https://order.oreillyswholesale.com/products/DetailsPortal.asp?product_code=048483&Page=Products&BreadPath=/products/gridlist.asp?DeptCode=5*chkpm=MALL*page=31","productCode":"048483"}
[oreilly:crawl:http] [1155/1290] 048485 Blizz - Pink Mallow Ice Cream Topping Sauce — 200 in 690ms {"url":"https://order.oreillyswholesale.com/products/DetailsPortal.asp?product_code=048485&Page=Products&BreadPath=/products/gridlist.asp?DeptCode=5*chkpm=MALL*page=31","productCode":"048485"}
[oreilly:crawl:http] [1156/1290] 040323 Blizz - Raspberry Ice Cream Topping Sauce — 200 in 1714ms {"url":"https://order.oreillyswholesale.com/products/DetailsPortal.asp?product_code=040323&Page=Products&BreadPath=/products/gridlist.asp?DeptCode=5*chkpm=MALL*page=31","productCode":"040323"}
[oreilly:crawl:http] [1157/1290] 035402 Blizz - Strawberry Ice Cream Topping Sauce — 200 in 434ms {"url":"https://order.oreillyswholesale.com/products/DetailsPortal.asp?product_code=035402&Page=Products&BreadPath=/products/gridlist.asp?DeptCode=5*chkpm=MALL*page=31","productCode":"035402"}
[oreilly:crawl:http] [1159/1290] 049407 Blizz Ict Pouch Crushed Candy Beans - Icecream Top — 200 in 739ms {"url":"https://order.oreillyswholesale.com/products/DetailsPortal.asp?product_code=049407&Page=Products&BreadPath=/products/gridlist.asp?DeptCode=5*chkpm=MALL*page=31","productCode":"049407"}
[oreilly:crawl:http] [1158/1290] 035403 Blizz Ict Bueno - Ice Cream Topping Sauce — 200 in 1696ms {"url":"https://order.oreillyswholesale.com/products/DetailsPortal.asp?product_code=035403&Page=Products&BreadPath=/products/gridlist.asp?DeptCode=5*chkpm=MALL*page=31","productCode":"035403"}
[oreilly:crawl:http] [1160/1290] 036413 Blizz Ict Pouch Honeycomb Choc Pieces Icecream Top — 200 in 490ms {"url":"https://order.oreillyswholesale.com/products/DetailsPortal.asp?product_code=036413&Page=Products&BreadPath=/products/gridlist.asp?DeptCode=5*chkpm=MALL*page=31","productCode":"036413"}
[oreilly:crawl:http] [1162/1290] 049406 Blizz Ict Pouch Strawberry & Cream - Ice Cream Top — 200 in 666ms {"url":"https://order.oreillyswholesale.com/products/DetailsPortal.asp?product_code=049406&Page=Products&BreadPath=/products/gridlist.asp?DeptCode=5*chkpm=MALL*page=31","productCode":"049406"}
[oreilly:crawl:http] [1161/1290] 049404 Blizz Ict Pouch Malt Balls - Ice Cream Top — 200 in 1683ms {"url":"https://order.oreillyswholesale.com/products/DetailsPortal.asp?product_code=049404&Page=Products&BreadPath=/products/gridlist.asp?DeptCode=5*chkpm=MALL*page=31","productCode":"049404"}
[oreilly:crawl:http] [1164/1290] 043763 Blizz Luxury - Bianca White Chocolate Topping Sauc — 200 in 510ms {"url":"https://order.oreillyswholesale.com/products/DetailsPortal.asp?product_code=043763&Page=Products&BreadPath=/products/gridlist.asp?DeptCode=5*chkpm=MALL*page=31","productCode":"043763"}
[oreilly:crawl:http] [1163/1290] 049405 Blizz Ict Pouch Vanilla Fudge Cubes - Icecream Top — 200 in 884ms {"url":"https://order.oreillyswholesale.com/products/DetailsPortal.asp?product_code=049405&Page=Products&BreadPath=/products/gridlist.asp?DeptCode=5*chkpm=MALL*page=31","productCode":"049405"}
[oreilly:crawl:http] [1165/1290] 043764 Blizz Luxury - Ella Hazelnut Chocolate Topping Sau — 200 in 1684ms {"url":"https://order.oreillyswholesale.com/products/DetailsPortal.asp?product_code=043764&Page=Products&BreadPath=/products/gridlist.asp?DeptCode=5*chkpm=MALL*page=31","productCode":"043764"}
[oreilly:crawl:http] [1167/1290] 049200 Blizz Slush Syrup Mix Blue Raspberry Glycerol Free — 200 in 514ms {"url":"https://order.oreillyswholesale.com/products/DetailsPortal.asp?product_code=049200&Page=Products&BreadPath=/products/gridlist.asp?DeptCode=5*chkpm=MALL*page=31","productCode":"049200"}
[oreilly:crawl:http] [1166/1290] 043765 Blizz Luxury - Pistachio With Pieces Topping Sauce — 200 in 677ms {"url":"https://order.oreillyswholesale.com/products/DetailsPortal.asp?product_code=043765&Page=Products&BreadPath=/products/gridlist.asp?DeptCode=5*chkpm=MALL*page=31","productCode":"043765"}
[oreilly:crawl:http] [1168/1290] 049202 Blizz Slush Syrup Mix Cola Glycerol Free — 200 in 1826ms {"url":"https://order.oreillyswholesale.com/products/DetailsPortal.asp?product_code=049202&Page=Products&BreadPath=/products/gridlist.asp?DeptCode=5*chkpm=MALL*page=31","productCode":"049202"}
[oreilly:crawl:http] [1169/1290] 035407 Blizz Slush Syrup Mix Lemon & Lime — 200 in 518ms {"url":"https://order.oreillyswholesale.com/products/DetailsPortal.asp?product_code=035407&Page=Products&BreadPath=/products/gridlist.asp?DeptCode=5*chkpm=MALL*page=31","productCode":"035407"}
[oreilly:crawl:http] [1170/1290] 049201 Blizz Slush Syrup Mix Strawberry Glycerol Free — 200 in 830ms {"url":"https://order.oreillyswholesale.com/products/DetailsPortal.asp?product_code=049201&Page=Products&BreadPath=/products/gridlist.asp?DeptCode=5*chkpm=MALL*page=31","productCode":"049201"}
[oreilly:crawl:http] [1171/1290] 025507 Cadbury Flake 99 Single In Trays — 200 in 1743ms {"url":"https://order.oreillyswholesale.com/products/DetailsPortal.asp?product_code=025507&Page=Products&BreadPath=/products/gridlist.asp?DeptCode=5*chkpm=MALL*page=31","productCode":"025507"}
[oreilly:crawl:http] [1172/1290] 048775 Chocolate Flake 99 — 200 in 444ms {"url":"https://order.oreillyswholesale.com/products/DetailsPortal.asp?product_code=048775&Page=Products&BreadPath=/products/gridlist.asp?DeptCode=5*chkpm=MALL*page=31","productCode":"048775"}
[oreilly:crawl:http] [1174/1290] 034381 Classic Cones — 200 in 751ms {"url":"https://order.oreillyswholesale.com/products/DetailsPortal.asp?product_code=034381&Page=Products&BreadPath=/products/gridlist.asp?DeptCode=5*chkpm=MALL*page=31","productCode":"034381"}
[oreilly:crawl:http] [1173/1290] 012110 Classic Cones — 200 in 1775ms {"url":"https://order.oreillyswholesale.com/products/DetailsPortal.asp?product_code=012110&Page=Products&BreadPath=/products/gridlist.asp?DeptCode=5*chkpm=MALL*page=31","productCode":"012110"}
[oreilly:crawl:http] [1175/1290] 014945 Classic Handy Pack Wafer — 200 in 497ms {"url":"https://order.oreillyswholesale.com/products/DetailsPortal.asp?product_code=014945&Page=Products&BreadPath=/products/gridlist.asp?DeptCode=5*chkpm=MALL*page=31","productCode":"014945"}
[oreilly:crawl:http] [1177/1290] 026460 Fiesta Ice Cream Cones No 2 Medium — 200 in 668ms {"url":"https://order.oreillyswholesale.com/products/DetailsPortal.asp?product_code=026460&Page=Products&BreadPath=/products/gridlist.asp?DeptCode=5*chkpm=MALL*page=31","productCode":"026460"}
[oreilly:crawl:http] [1176/1290] 048535 Coloured Blizz Ice Cream Spoons — 200 in 1689ms {"url":"https://order.oreillyswholesale.com/products/DetailsPortal.asp?product_code=048535&Page=Products&BreadPath=/products/gridlist.asp?DeptCode=5*chkpm=MALL*page=31","productCode":"048535"}
[oreilly:crawl:http] [1178/1290] 040624 Griffin - Chocolate Ice Cream Topping Syrup — 200 in 409ms {"url":"https://order.oreillyswholesale.com/products/DetailsPortal.asp?product_code=040624&Page=Products&BreadPath=/products/gridlist.asp?DeptCode=5*chkpm=MALL*page=31","productCode":"040624"}
[oreilly:crawl:http] [1179/1290] 040627 Griffin - Strawberry Ice Cream Topping Syrup — 200 in 724ms {"url":"https://order.oreillyswholesale.com/products/DetailsPortal.asp?product_code=040627&Page=Products&BreadPath=/products/gridlist.asp?DeptCode=5*chkpm=MALL*page=31","productCode":"040627"}
[oreilly:crawl:http] [1180/1290] 048662 Ice Cream Waxed Tub - Large — 200 in 1663ms {"url":"https://order.oreillyswholesale.com/products/DetailsPortal.asp?product_code=048662&Page=Products&BreadPath=/products/gridlist.asp?DeptCode=5*chkpm=MALL*page=31","productCode":"048662"}
[oreilly:crawl:http] [1181/1290] 048661 Ice Cream Waxed Tub - Small — 200 in 410ms {"url":"https://order.oreillyswholesale.com/products/DetailsPortal.asp?product_code=048661&Page=Products&BreadPath=/products/gridlist.asp?DeptCode=5*chkpm=MALL*page=31","productCode":"048661"}
[oreilly:crawl:http] [1182/1290] 035102 Ice Pop Eezy Freeze 2 In 1 Pops — 200 in 770ms {"url":"https://order.oreillyswholesale.com/products/DetailsPortal.asp?product_code=035102&Page=Products&BreadPath=/products/gridlist.asp?DeptCode=5*chkpm=MALL*page=31","productCode":"035102"}
[oreilly:crawl:http] [1183/1290] 048751 Ice Pop Mr Freeze Mega Pop — 200 in 1703ms {"url":"https://order.oreillyswholesale.com/products/DetailsPortal.asp?product_code=048751&Page=Products&BreadPath=/products/gridlist.asp?DeptCode=5*chkpm=MALL*page=31","productCode":"048751"}
[oreilly:crawl:http] [1184/1290] 046683 Ice Pop Mr Freeze Sours 20s — 200 in 449ms {"url":"https://order.oreillyswholesale.com/products/DetailsPortal.asp?product_code=046683&Page=Products&BreadPath=/products/gridlist.asp?DeptCode=5*chkpm=MALL*page=31","productCode":"046683"}
[oreilly:crawl:http] [1185/1290] 030806 Ict Buchanans Chocolate Vermicelli — 200 in 754ms {"url":"https://order.oreillyswholesale.com/products/DetailsPortal.asp?product_code=030806&Page=Products&BreadPath=/products/gridlist.asp?DeptCode=5*chkpm=MALL*page=31","productCode":"030806"}
[oreilly:crawl:http] [1186/1290] 021136 Ict Buchanans Roasted Nibbed Peanuts - Ice Cream — 200 in 1845ms {"url":"https://order.oreillyswholesale.com/products/DetailsPortal.asp?product_code=021136&Page=Products&BreadPath=/products/gridlist.asp?DeptCode=5*chkpm=MALL*page=31","productCode":"021136"}
[oreilly:crawl:http] [1188/1290] 035082 Ict Cadbury Oreo Crumb No Creme Ice Cream Topping — 200 in 458ms {"url":"https://order.oreillyswholesale.com/products/DetailsPortal.asp?product_code=035082&Page=Products&BreadPath=/products/gridlist.asp?DeptCode=5*chkpm=MALL*page=31","productCode":"035082"}
[oreilly:crawl:http] [1189/1290] 035081 Ict Cadbury Oreo Sm Crushed Cookie Piece Ice Cream — 200 in 668ms {"url":"https://order.oreillyswholesale.com/products/DetailsPortal.asp?product_code=035081&Page=Products&BreadPath=/products/gridlist.asp?DeptCode=5*chkpm=MALL*page=31","productCode":"035081"}
[oreilly:crawl:http] [1187/1290] 030807 Ict Buchanans Sugar Strands — 200 in 1934ms {"url":"https://order.oreillyswholesale.com/products/DetailsPortal.asp?product_code=030807&Page=Products&BreadPath=/products/gridlist.asp?DeptCode=5*chkpm=MALL*page=31","productCode":"030807"}
[oreilly:crawl:http] [1190/1290] 048657 Ict Coloured Ice Cream Spade Spoons — 200 in 429ms {"url":"https://order.oreillyswholesale.com/products/DetailsPortal.asp?product_code=048657&Page=Products&BreadPath=/products/gridlist.asp?DeptCode=5*chkpm=MALL*page=31","productCode":"048657"}
[oreilly:crawl:http] [1191/1290] 040814 Ict Crystal Sherbet Blue - Ice Cream Topping — 200 in 658ms {"url":"https://order.oreillyswholesale.com/products/DetailsPortal.asp?product_code=040814&Page=Products&BreadPath=/products/gridlist.asp?DeptCode=5*chkpm=MALL*page=31","productCode":"040814"}
[oreilly:crawl:http] [1192/1290] 040815 Ict Crystal Sherbet Red - Ice Cream Topping — 200 in 1758ms {"url":"https://order.oreillyswholesale.com/products/DetailsPortal.asp?product_code=040815&Page=Products&BreadPath=/products/gridlist.asp?DeptCode=5*chkpm=MALL*page=31","productCode":"040815"}
[oreilly:crawl:http] [1193/1290] 047226 Ict Elenka - Montebianco Chiara Bueno Toppingsauce — 200 in 422ms {"url":"https://order.oreillyswholesale.com/products/DetailsPortal.asp?product_code=047226&Page=Products&BreadPath=/products/gridlist.asp?DeptCode=5*chkpm=MALL*page=31","productCode":"047226"}
[oreilly:crawl:http] [1194/1290] 047292 Ict Elenka - Montebianco Nocciolotta Classic — 200 in 729ms {"url":"https://order.oreillyswholesale.com/products/DetailsPortal.asp?product_code=047292&Page=Products&BreadPath=/products/gridlist.asp?DeptCode=5*chkpm=MALL*page=31","productCode":"047292"}
[oreilly:crawl:http] [1195/1290] 040812 Ict Elenka - Whiskey Ice Cream Topping Sauce — 200 in 1724ms {"url":"https://order.oreillyswholesale.com/products/DetailsPortal.asp?product_code=040812&Page=Products&BreadPath=/products/gridlist.asp?DeptCode=5*chkpm=MALL*page=31","productCode":"040812"}
[oreilly:crawl:http] [1196/1290] 043848 Ict Inclusion Tub Belgian Choc Button - Ice Crm To — 200 in 465ms {"url":"https://order.oreillyswholesale.com/products/DetailsPortal.asp?product_code=043848&Page=Products&BreadPath=/products/gridlist.asp?DeptCode=5*chkpm=MALL*page=31","productCode":"043848"}
[oreilly:crawl:http] [1197/1290] 044132 Ict Inclusion Tub Saled Caramel Fudge Ice Crm Top — 200 in 672ms {"url":"https://order.oreillyswholesale.com/products/DetailsPortal.asp?product_code=044132&Page=Products&BreadPath=/products/gridlist.asp?DeptCode=5*chkpm=MALL*page=31","productCode":"044132"}
[oreilly:crawl:http] [1198/1290] 043441 Ict Inclusion Tub Sugar Strands - Ice Crm Topping — 200 in 1780ms {"url":"https://order.oreillyswholesale.com/products/DetailsPortal.asp?product_code=043441&Page=Products&BreadPath=/products/gridlist.asp?DeptCode=5*chkpm=MALL*page=31","productCode":"043441"}
[oreilly:crawl:http] [1200/1290] 048658 Ict Knickerbocker Glory Spoons Multicoloured 19cm — 200 in 442ms {"url":"https://order.oreillyswholesale.com/products/DetailsPortal.asp?product_code=048658&Page=Products&BreadPath=/products/gridlist.asp?DeptCode=5*chkpm=MALL*page=32","productCode":"048658"}
[oreilly:crawl:http] [1199/1290] 043443 Ict Inclusion Tub Vermicelli - Ice Cream Topping — 200 in 659ms {"url":"https://order.oreillyswholesale.com/products/DetailsPortal.asp?product_code=043443&Page=Products&BreadPath=/products/gridlist.asp?DeptCode=5*chkpm=MALL*page=31","productCode":"043443"}
[oreilly:crawl:http] [1201/1290] 035410 Ict Lotus Biscoff - Ice Cream Topping Sauce — 200 in 1669ms {"url":"https://order.oreillyswholesale.com/products/DetailsPortal.asp?product_code=035410&Page=Products&BreadPath=/products/gridlist.asp?DeptCode=5*chkpm=MALL*page=32","productCode":"035410"}
[oreilly:crawl:http] [1202/1290] 035411 Ict Lotus Biscoff Crumbs- Ice Cream Topping — 200 in 408ms {"url":"https://order.oreillyswholesale.com/products/DetailsPortal.asp?product_code=035411&Page=Products&BreadPath=/products/gridlist.asp?DeptCode=5*chkpm=MALL*page=32","productCode":"035411"}
[oreilly:crawl:http] [1203/1290] 012118 Ict Mini Marshmallows - Ice Cream / Hot Ch Topping — 200 in 674ms {"url":"https://order.oreillyswholesale.com/products/DetailsPortal.asp?product_code=012118&Page=Products&BreadPath=/products/gridlist.asp?DeptCode=5*chkpm=MALL*page=32","productCode":"012118"}
[oreilly:crawl:http] [1204/1290] 048475 Ict Nestle Kit Kat Mix-in - Ice Cream Toppings — 200 in 1686ms {"url":"https://order.oreillyswholesale.com/products/DetailsPortal.asp?product_code=048475&Page=Products&BreadPath=/products/gridlist.asp?DeptCode=5*chkpm=MALL*page=32","productCode":"048475"}
[oreilly:crawl:http] [1206/1290] 035039 Ict Nestle Milkybar Mix-in - Ice Cream Toppings — 200 in 497ms {"url":"https://order.oreillyswholesale.com/products/DetailsPortal.asp?product_code=035039&Page=Products&BreadPath=/products/gridlist.asp?DeptCode=5*chkpm=MALL*page=32","productCode":"035039"}
[oreilly:crawl:http] [1205/1290] 048615 Ict Nestle Kit Kat Squeezy Sauce Icecream Topping — 200 in 723ms {"url":"https://order.oreillyswholesale.com/products/DetailsPortal.asp?product_code=048615&Page=Products&BreadPath=/products/gridlist.asp?DeptCode=5*chkpm=MALL*page=32","productCode":"048615"}
[oreilly:crawl:http] [1207/1290] 035042 Ict Nestle Rolo Mini Mix-ins - Ice Cream Toppings — 200 in 1807ms {"url":"https://order.oreillyswholesale.com/products/DetailsPortal.asp?product_code=035042&Page=Products&BreadPath=/products/gridlist.asp?DeptCode=5*chkpm=MALL*page=32","productCode":"035042"}
[oreilly:crawl:http] [1208/1290] 037764 Ict Nestle Smarties Profes Mix-in Ice Cream Toping — 200 in 515ms {"url":"https://order.oreillyswholesale.com/products/DetailsPortal.asp?product_code=037764&Page=Products&BreadPath=/products/gridlist.asp?DeptCode=5*chkpm=MALL*page=32","productCode":"037764"}
[oreilly:crawl:http] [1209/1290] 048660 Ict Screwballs Cups — 200 in 890ms {"url":"https://order.oreillyswholesale.com/products/DetailsPortal.asp?product_code=048660&Page=Products&BreadPath=/products/gridlist.asp?DeptCode=5*chkpm=MALL*page=32","productCode":"048660"}
[oreilly:crawl:http] [1210/1290] 048659 Ict Serviettes For Ice Cream 21cm X 29cm — 200 in 1752ms {"url":"https://order.oreillyswholesale.com/products/DetailsPortal.asp?product_code=048659&Page=Products&BreadPath=/products/gridlist.asp?DeptCode=5*chkpm=MALL*page=32","productCode":"048659"}
[oreilly:crawl:http] [1212/1290] 033519 Marcantonio Fiesta Cones — 200 in 481ms {"url":"https://order.oreillyswholesale.com/products/DetailsPortal.asp?product_code=033519&Page=Products&BreadPath=/products/gridlist.asp?DeptCode=5*chkpm=MALL*page=32","productCode":"033519"}
[oreilly:crawl:http] [1211/1290] 049223 Jersey Gold Ice Cream Mix — 200 in 715ms {"url":"https://order.oreillyswholesale.com/products/DetailsPortal.asp?product_code=049223&Page=Products&BreadPath=/products/gridlist.asp?DeptCode=5*chkpm=MALL*page=32","productCode":"049223"}
[oreilly:crawl:http] [1213/1290] 040444 Celebrations Flip Box Carton — 200 in 764ms {"url":"https://order.oreillyswholesale.com/products/DetailsPortal.asp?product_code=040444&Page=Products&BreadPath=/products/gridlist.asp?DeptCode=5*chkpm=MALL*page=32","productCode":"040444"}
[oreilly:crawl:http] [1214/1290] 046409 Crispy Rolls 5 Pack Milkyway — 200 in 444ms {"url":"https://order.oreillyswholesale.com/products/DetailsPortal.asp?product_code=046409&Page=Products&BreadPath=/products/gridlist.asp?DeptCode=5*chkpm=MALL*page=32","productCode":"046409"}
[oreilly:crawl:http] [1215/1290] 047204 Galaxy £1.69 Pm Caramel Bar — 200 in 751ms {"url":"https://order.oreillyswholesale.com/products/DetailsPortal.asp?product_code=047204&Page=Products&BreadPath=/products/gridlist.asp?DeptCode=5*chkpm=MALL*page=32","productCode":"047204"}
[oreilly:crawl:http] [1216/1290] 047205 Galaxy £1.69 Pm Cookie Crumble Bar — 200 in 1685ms {"url":"https://order.oreillyswholesale.com/products/DetailsPortal.asp?product_code=047205&Page=Products&BreadPath=/products/gridlist.asp?DeptCode=5*chkpm=MALL*page=32","productCode":"047205"}
[oreilly:crawl:http] [1217/1290] 047203 Galaxy £1.69 Pm Milk Bar — 200 in 616ms {"url":"https://order.oreillyswholesale.com/products/DetailsPortal.asp?product_code=047203&Page=Products&BreadPath=/products/gridlist.asp?DeptCode=5*chkpm=MALL*page=32","productCode":"047203"}
[oreilly:crawl:http] [1218/1290] 047207 Galaxy £1.69 Pm Mint Bar — 200 in 666ms {"url":"https://order.oreillyswholesale.com/products/DetailsPortal.asp?product_code=047207&Page=Products&BreadPath=/products/gridlist.asp?DeptCode=5*chkpm=MALL*page=32","productCode":"047207"}
[oreilly:crawl:http] [1219/1290] 047206 Galaxy £1.69 Pm Salted Caramel Bar — 200 in 1685ms {"url":"https://order.oreillyswholesale.com/products/DetailsPortal.asp?product_code=047206&Page=Products&BreadPath=/products/gridlist.asp?DeptCode=5*chkpm=MALL*page=32","productCode":"047206"}
[oreilly:crawl:http] [1220/1290] 041335 Galaxy Lg Milk Bar — 200 in 426ms {"url":"https://order.oreillyswholesale.com/products/DetailsPortal.asp?product_code=041335&Page=Products&BreadPath=/products/gridlist.asp?DeptCode=5*chkpm=MALL*page=32","productCode":"041335"}
[oreilly:crawl:http] [1222/1290] 037577 Galaxy Lg Milk Cookie Crumble Bar — 200 in 705ms {"url":"https://order.oreillyswholesale.com/products/DetailsPortal.asp?product_code=037577&Page=Products&BreadPath=/products/gridlist.asp?DeptCode=5*chkpm=MALL*page=32","productCode":"037577"}
[oreilly:crawl:http] [1221/1290] 014007 Galaxy Lg Milk Caramel Bar — 200 in 1743ms {"url":"https://order.oreillyswholesale.com/products/DetailsPortal.asp?product_code=014007&Page=Products&BreadPath=/products/gridlist.asp?DeptCode=5*chkpm=MALL*page=32","productCode":"014007"}
[oreilly:crawl:http] [1223/1290] 022627 Galaxy Lg Milk Salted Caramel Bar — 200 in 464ms {"url":"https://order.oreillyswholesale.com/products/DetailsPortal.asp?product_code=022627&Page=Products&BreadPath=/products/gridlist.asp?DeptCode=5*chkpm=MALL*page=32","productCode":"022627"}
[oreilly:crawl:http] [1225/1290] 010265 Lockets - Extra Strong — 200 in 666ms {"url":"https://order.oreillyswholesale.com/products/DetailsPortal.asp?product_code=010265&Page=Products&BreadPath=/products/gridlist.asp?DeptCode=5*chkpm=MALL*page=32","productCode":"010265"}
[oreilly:crawl:http] [1224/1290] 041084 Galaxy Lg Mint Bar — 200 in 1768ms {"url":"https://order.oreillyswholesale.com/products/DetailsPortal.asp?product_code=041084&Page=Products&BreadPath=/products/gridlist.asp?DeptCode=5*chkpm=MALL*page=32","productCode":"041084"}
[oreilly:crawl:http] [1226/1290] 010264 Lockets - Original Honey & Lemon — 200 in 496ms {"url":"https://order.oreillyswholesale.com/products/DetailsPortal.asp?product_code=010264&Page=Products&BreadPath=/products/gridlist.asp?DeptCode=5*chkpm=MALL*page=32","productCode":"010264"}
[oreilly:crawl:http] [1228/1290] 023128 Maltesers Teasers Lg Bar — 200 in 672ms {"url":"https://order.oreillyswholesale.com/products/DetailsPortal.asp?product_code=023128&Page=Products&BreadPath=/products/gridlist.asp?DeptCode=5*chkpm=MALL*page=32","productCode":"023128"}
[oreilly:crawl:http] [1227/1290] 047209 Maltesers £1.69 Teasers Bar Pmp — 200 in 1742ms {"url":"https://order.oreillyswholesale.com/products/DetailsPortal.asp?product_code=047209&Page=Products&BreadPath=/products/gridlist.asp?DeptCode=5*chkpm=MALL*page=32","productCode":"047209"}
[oreilly:crawl:http] [1229/1290] 046875 Pouch Galaxy Counters — 200 in 415ms {"url":"https://order.oreillyswholesale.com/products/DetailsPortal.asp?product_code=046875&Page=Products&BreadPath=/products/gridlist.asp?DeptCode=5*chkpm=MALL*page=32","productCode":"046875"}
[oreilly:crawl:http] [1231/1290] 045161 Pouch M&ms Chocolate — 200 in 581ms {"url":"https://order.oreillyswholesale.com/products/DetailsPortal.asp?product_code=045161&Page=Products&BreadPath=/products/gridlist.asp?DeptCode=5*chkpm=MALL*page=32","productCode":"045161"}
[oreilly:crawl:http] [1230/1290] 045160 Pouch Galaxy Minstrels — 200 in 695ms {"url":"https://order.oreillyswholesale.com/products/DetailsPortal.asp?product_code=045160&Page=Products&BreadPath=/products/gridlist.asp?DeptCode=5*chkpm=MALL*page=32","productCode":"045160"}
[oreilly:crawl:http] [1232/1290] 045220 Pouch M&ms Chocolate Minis — 200 in 415ms {"url":"https://order.oreillyswholesale.com/products/DetailsPortal.asp?product_code=045220&Page=Products&BreadPath=/products/gridlist.asp?DeptCode=5*chkpm=MALL*page=32","productCode":"045220"}
[oreilly:crawl:http] [1233/1290] 048392 Pouch M&ms Cookie Dough — 200 in 892ms {"url":"https://order.oreillyswholesale.com/products/DetailsPortal.asp?product_code=048392&Page=Products&BreadPath=/products/gridlist.asp?DeptCode=5*chkpm=MALL*page=32","productCode":"048392"}
[oreilly:crawl:http] [1234/1290] 045163 Pouch M&ms Crispy — 200 in 1792ms {"url":"https://order.oreillyswholesale.com/products/DetailsPortal.asp?product_code=045163&Page=Products&BreadPath=/products/gridlist.asp?DeptCode=5*chkpm=MALL*page=32","productCode":"045163"}
[oreilly:crawl:http] [1236/1290] 045216 Pouch Maltesers — 200 in 443ms {"url":"https://order.oreillyswholesale.com/products/DetailsPortal.asp?product_code=045216&Page=Products&BreadPath=/products/gridlist.asp?DeptCode=5*chkpm=MALL*page=32","productCode":"045216"}
[oreilly:crawl:http] [1235/1290] 045164 Pouch M&ms Peanut — 200 in 853ms {"url":"https://order.oreillyswholesale.com/products/DetailsPortal.asp?product_code=045164&Page=Products&BreadPath=/products/gridlist.asp?DeptCode=5*chkpm=MALL*page=32","productCode":"045164"}
[oreilly:crawl:http] [1237/1290] 046511 Pouch Maltesers White — 200 in 1774ms {"url":"https://order.oreillyswholesale.com/products/DetailsPortal.asp?product_code=046511&Page=Products&BreadPath=/products/gridlist.asp?DeptCode=5*chkpm=MALL*page=32","productCode":"046511"}
[oreilly:crawl:http] [1239/1290] 045214 Pouch Revels — 200 in 481ms {"url":"https://order.oreillyswholesale.com/products/DetailsPortal.asp?product_code=045214&Page=Products&BreadPath=/products/gridlist.asp?DeptCode=5*chkpm=MALL*page=32","productCode":"045214"}
[oreilly:crawl:http] [1238/1290] 044662 Pouch Milky Way - Magic Stars — 200 in 735ms {"url":"https://order.oreillyswholesale.com/products/DetailsPortal.asp?product_code=044662&Page=Products&BreadPath=/products/gridlist.asp?DeptCode=5*chkpm=MALL*page=32","productCode":"044662"}
[oreilly:crawl:http] [1240/1290] 023921 Skittles Fruit Bottle — 200 in 1811ms {"url":"https://order.oreillyswholesale.com/products/DetailsPortal.asp?product_code=023921&Page=Products&BreadPath=/products/gridlist.asp?DeptCode=5*chkpm=MALL*page=32","productCode":"023921"}
[oreilly:crawl:http] [1241/1290] 034966 Snickers Creamy Peanut Butter Trio — 200 in 412ms {"url":"https://order.oreillyswholesale.com/products/DetailsPortal.asp?product_code=034966&Page=Products&BreadPath=/products/gridlist.asp?DeptCode=5*chkpm=MALL*page=32","productCode":"034966"}
[oreilly:crawl:http] [1243/1290] 048718 Std - Duo Mars Bar — 200 in 717ms {"url":"https://order.oreillyswholesale.com/products/DetailsPortal.asp?product_code=048718&Page=Products&BreadPath=/products/gridlist.asp?DeptCode=5*chkpm=MALL*page=32","productCode":"048718"}
[oreilly:crawl:http] [1242/1290] 042278 Std - Bounty Milk Blue — 200 in 1742ms {"url":"https://order.oreillyswholesale.com/products/DetailsPortal.asp?product_code=042278&Page=Products&BreadPath=/products/gridlist.asp?DeptCode=5*chkpm=MALL*page=32","productCode":"042278"}
[oreilly:crawl:http] [1244/1290] 048723 Std - Duo Milky Way Twin Bar — 200 in 488ms {"url":"https://order.oreillyswholesale.com/products/DetailsPortal.asp?product_code=048723&Page=Products&BreadPath=/products/gridlist.asp?DeptCode=5*chkpm=MALL*page=32","productCode":"048723"}
[oreilly:crawl:http] [1245/1290] 010858 Std - Galaxy Caramel Bar — 200 in 820ms {"url":"https://order.oreillyswholesale.com/products/DetailsPortal.asp?product_code=010858&Page=Products&BreadPath=/products/gridlist.asp?DeptCode=5*chkpm=MALL*page=32","productCode":"010858"}
[oreilly:crawl:http] [1246/1290] 010845 Std - Galaxy Milk Bar — 200 in 1743ms {"url":"https://order.oreillyswholesale.com/products/DetailsPortal.asp?product_code=010845&Page=Products&BreadPath=/products/gridlist.asp?DeptCode=5*chkpm=MALL*page=32","productCode":"010845"}
[oreilly:crawl:http] [1248/1290] 010855 Std - Galaxy Ripple — 200 in 508ms {"url":"https://order.oreillyswholesale.com/products/DetailsPortal.asp?product_code=010855&Page=Products&BreadPath=/products/gridlist.asp?DeptCode=5*chkpm=MALL*page=32","productCode":"010855"}
[oreilly:crawl:http] [1249/1290] 019618 Std - M&ms Choc Bag — 200 in 713ms {"url":"https://order.oreillyswholesale.com/products/DetailsPortal.asp?product_code=019618&Page=Products&BreadPath=/products/gridlist.asp?DeptCode=5*chkpm=MALL*page=32","productCode":"019618"}
[oreilly:crawl:http] [1247/1290] 010850 Std - Galaxy Minstrels — 200 in 1738ms {"url":"https://order.oreillyswholesale.com/products/DetailsPortal.asp?product_code=010850&Page=Products&BreadPath=/products/gridlist.asp?DeptCode=5*chkpm=MALL*page=32","productCode":"010850"}
[oreilly:crawl:http] [1250/1290] 010813 Std - M&ms Crispy Bag — 200 in 437ms {"url":"https://order.oreillyswholesale.com/products/DetailsPortal.asp?product_code=010813&Page=Products&BreadPath=/products/gridlist.asp?DeptCode=5*chkpm=MALL*page=33","productCode":"010813"}
[oreilly:crawl:http] [1251/1290] 010823 Std - M&ms Peanut Bag — 200 in 776ms {"url":"https://order.oreillyswholesale.com/products/DetailsPortal.asp?product_code=010823&Page=Products&BreadPath=/products/gridlist.asp?DeptCode=5*chkpm=MALL*page=33","productCode":"010823"}
[oreilly:crawl:http] [1252/1290] 043370 Std - Malteasers Teasers Bar — 200 in 1705ms {"url":"https://order.oreillyswholesale.com/products/DetailsPortal.asp?product_code=043370&Page=Products&BreadPath=/products/gridlist.asp?DeptCode=5*chkpm=MALL*page=33","productCode":"043370"}
[oreilly:crawl:http] [1253/1290] 010817 Std - Maltesers Big Bag — 200 in 514ms {"url":"https://order.oreillyswholesale.com/products/DetailsPortal.asp?product_code=010817&Page=Products&BreadPath=/products/gridlist.asp?DeptCode=5*chkpm=MALL*page=33","productCode":"010817"}
[oreilly:crawl:http] [1254/1290] 010816 Std - Maltesers Milk Std Bag — 200 in 821ms {"url":"https://order.oreillyswholesale.com/products/DetailsPortal.asp?product_code=010816&Page=Products&BreadPath=/products/gridlist.asp?DeptCode=5*chkpm=MALL*page=33","productCode":"010816"}
[oreilly:crawl:http] [1255/1290] 047931 Std - Maltesers Std Bag Eu — 200 in 1710ms {"url":"https://order.oreillyswholesale.com/products/DetailsPortal.asp?product_code=047931&Page=Products&BreadPath=/products/gridlist.asp?DeptCode=5*chkpm=MALL*page=33","productCode":"047931"}
[oreilly:crawl:http] [1258/1290] 010818 Std - Milky Way - Magic Stars — 200 in 387ms {"url":"https://order.oreillyswholesale.com/products/DetailsPortal.asp?product_code=010818&Page=Products&BreadPath=/products/gridlist.asp?DeptCode=5*chkpm=MALL*page=33","productCode":"010818"}
[oreilly:crawl:http] [1256/1290] 046510 Std - Maltesers White Std Bag — 200 in 717ms {"url":"https://order.oreillyswholesale.com/products/DetailsPortal.asp?product_code=046510&Page=Products&BreadPath=/products/gridlist.asp?DeptCode=5*chkpm=MALL*page=33","productCode":"046510"}
[oreilly:crawl:http] [1257/1290] 048722 Std - Mars Bar — 200 in 1743ms {"url":"https://order.oreillyswholesale.com/products/DetailsPortal.asp?product_code=048722&Page=Products&BreadPath=/products/gridlist.asp?DeptCode=5*chkpm=MALL*page=33","productCode":"048722"}
[oreilly:crawl:http] [1259/1290] 048725 Std - Milky Way Small Bar — 200 in 407ms {"url":"https://order.oreillyswholesale.com/products/DetailsPortal.asp?product_code=048725&Page=Products&BreadPath=/products/gridlist.asp?DeptCode=5*chkpm=MALL*page=33","productCode":"048725"}
[oreilly:crawl:http] [1260/1290] 031938 Std - Skittles Crazy Sour Bag — 200 in 737ms {"url":"https://order.oreillyswholesale.com/products/DetailsPortal.asp?product_code=031938&Page=Products&BreadPath=/products/gridlist.asp?DeptCode=5*chkpm=MALL*page=33","productCode":"031938"}
[oreilly:crawl:http] [1261/1290] 010259 Std - Skittles Fruit Bag — 200 in 1688ms {"url":"https://order.oreillyswholesale.com/products/DetailsPortal.asp?product_code=010259&Page=Products&BreadPath=/products/gridlist.asp?DeptCode=5*chkpm=MALL*page=33","productCode":"010259"}
[oreilly:crawl:http] [1262/1290] 031939 Std - Skittles Tropical Bag — 200 in 401ms {"url":"https://order.oreillyswholesale.com/products/DetailsPortal.asp?product_code=031939&Page=Products&BreadPath=/products/gridlist.asp?DeptCode=5*chkpm=MALL*page=33","productCode":"031939"}
[oreilly:crawl:http] [1263/1290] 031940 Std - Skittles Wild Berry Bag — 200 in 692ms {"url":"https://order.oreillyswholesale.com/products/DetailsPortal.asp?product_code=031940&Page=Products&BreadPath=/products/gridlist.asp?DeptCode=5*chkpm=MALL*page=33","productCode":"031940"}
[oreilly:crawl:http] [1264/1290] 048734 Std - Snickers Bar — 200 in 1717ms {"url":"https://order.oreillyswholesale.com/products/DetailsPortal.asp?product_code=048734&Page=Products&BreadPath=/products/gridlist.asp?DeptCode=5*chkpm=MALL*page=33","productCode":"048734"}
[oreilly:crawl:http] [1265/1290] 048730 Std - Snickers Bar 2 Pack — 200 in 444ms {"url":"https://order.oreillyswholesale.com/products/DetailsPortal.asp?product_code=048730&Page=Products&BreadPath=/products/gridlist.asp?DeptCode=5*chkpm=MALL*page=33","productCode":"048730"}
[oreilly:crawl:http] [1266/1290] 017146 Std - Twix Bar Std — 200 in 752ms {"url":"https://order.oreillyswholesale.com/products/DetailsPortal.asp?product_code=017146&Page=Products&BreadPath=/products/gridlist.asp?DeptCode=5*chkpm=MALL*page=33","productCode":"017146"}
[oreilly:crawl:http] [1267/1290] 048355 Std 75p Mars Bar Pm — 200 in 1724ms {"url":"https://order.oreillyswholesale.com/products/DetailsPortal.asp?product_code=048355&Page=Products&BreadPath=/products/gridlist.asp?DeptCode=5*chkpm=MALL*page=33","productCode":"048355"}
[oreilly:crawl:http] [1268/1290] 048356 Std 75p Snickers Bar Pm — 200 in 514ms {"url":"https://order.oreillyswholesale.com/products/DetailsPortal.asp?product_code=048356&Page=Products&BreadPath=/products/gridlist.asp?DeptCode=5*chkpm=MALL*page=33","productCode":"048356"}
[oreilly:crawl:http] [1270/1290] 048357 Std 89p Duo Milky Way Choc Bar Pm — 200 in 675ms {"url":"https://order.oreillyswholesale.com/products/DetailsPortal.asp?product_code=048357&Page=Products&BreadPath=/products/gridlist.asp?DeptCode=5*chkpm=MALL*page=33","productCode":"048357"}
[oreilly:crawl:http] [1269/1290] 048352 Std 89p Bounty Milk Blue Pmp — 200 in 771ms {"url":"https://order.oreillyswholesale.com/products/DetailsPortal.asp?product_code=048352&Page=Products&BreadPath=/products/gridlist.asp?DeptCode=5*chkpm=MALL*page=33","productCode":"048352"}
[oreilly:crawl:http] [1272/1290] 048358 Std 89p Galaxy Ripple Pm — 200 in 418ms {"url":"https://order.oreillyswholesale.com/products/DetailsPortal.asp?product_code=048358&Page=Products&BreadPath=/products/gridlist.asp?DeptCode=5*chkpm=MALL*page=33","productCode":"048358"}
[oreilly:crawl:http] [1271/1290] 048353 Std 89p Galaxy Milk Bar Pm — 200 in 834ms {"url":"https://order.oreillyswholesale.com/products/DetailsPortal.asp?product_code=048353&Page=Products&BreadPath=/products/gridlist.asp?DeptCode=5*chkpm=MALL*page=33","productCode":"048353"}
[oreilly:crawl:http] [1273/1290] 048354 Std 89p Maltesers Bag Pm — 200 in 1849ms {"url":"https://order.oreillyswholesale.com/products/DetailsPortal.asp?product_code=048354&Page=Products&BreadPath=/products/gridlist.asp?DeptCode=5*chkpm=MALL*page=33","productCode":"048354"}
[oreilly:crawl:http] [1274/1290] 048359 Std 89p Milky Way Magic Stars Pm — 200 in 491ms {"url":"https://order.oreillyswholesale.com/products/DetailsPortal.asp?product_code=048359&Page=Products&BreadPath=/products/gridlist.asp?DeptCode=5*chkpm=MALL*page=33","productCode":"048359"}
[oreilly:crawl:http] [1276/1290] 048360 Std 89p Twix Bar Pm — 200 in 672ms {"url":"https://order.oreillyswholesale.com/products/DetailsPortal.asp?product_code=048360&Page=Products&BreadPath=/products/gridlist.asp?DeptCode=5*chkpm=MALL*page=33","productCode":"048360"}
[oreilly:crawl:http] [1275/1290] 048639 Std 89p Twix Bar Hazelnut Pm — 200 in 821ms {"url":"https://order.oreillyswholesale.com/products/DetailsPortal.asp?product_code=048639&Page=Products&BreadPath=/products/gridlist.asp?DeptCode=5*chkpm=MALL*page=33","productCode":"048639"}
[oreilly:crawl:http] [1277/1290] 047193 Treat Bag £1.69 Galaxy Counters Pmp — 200 in 437ms {"url":"https://order.oreillyswholesale.com/products/DetailsPortal.asp?product_code=047193&Page=Products&BreadPath=/products/gridlist.asp?DeptCode=5*chkpm=MALL*page=33","productCode":"047193"}
[oreilly:crawl:http] [1279/1290] 047201 Treat Bag £1.69 Galaxy Revels Pmp — 200 in 844ms {"url":"https://order.oreillyswholesale.com/products/DetailsPortal.asp?product_code=047201&Page=Products&BreadPath=/products/gridlist.asp?DeptCode=5*chkpm=MALL*page=33","productCode":"047201"}
[oreilly:crawl:http] [1278/1290] 047194 Treat Bag £1.69 Galaxy Minstrels Pmp — 200 in 1752ms {"url":"https://order.oreillyswholesale.com/products/DetailsPortal.asp?product_code=047194&Page=Products&BreadPath=/products/gridlist.asp?DeptCode=5*chkpm=MALL*page=33","productCode":"047194"}
[oreilly:crawl:http] [1280/1290] 048418 Treat Bag £1.69 M&m Cookie Dough Pmp — 200 in 428ms {"url":"https://order.oreillyswholesale.com/products/DetailsPortal.asp?product_code=048418&Page=Products&BreadPath=/products/gridlist.asp?DeptCode=5*chkpm=MALL*page=33","productCode":"048418"}
[oreilly:crawl:http] [1281/1290] 047198 Treat Bag £1.69 M&m Crispy Pmp — 200 in 686ms {"url":"https://order.oreillyswholesale.com/products/DetailsPortal.asp?product_code=047198&Page=Products&BreadPath=/products/gridlist.asp?DeptCode=5*chkpm=MALL*page=33","productCode":"047198"}
[oreilly:crawl:http] [1282/1290] 047196 Treat Bag £1.69 M&m Milk Chocolate Pmp — 200 in 1836ms {"url":"https://order.oreillyswholesale.com/products/DetailsPortal.asp?product_code=047196&Page=Products&BreadPath=/products/gridlist.asp?DeptCode=5*chkpm=MALL*page=33","productCode":"047196"}
[oreilly:crawl:http] [1284/1290] 047199 Treat Bag £1.69 M&m Peanut Pmp — 200 in 515ms {"url":"https://order.oreillyswholesale.com/products/DetailsPortal.asp?product_code=047199&Page=Products&BreadPath=/products/gridlist.asp?DeptCode=5*chkpm=MALL*page=33","productCode":"047199"}
[oreilly:crawl:http] [1283/1290] 047200 Treat Bag £1.69 M&m Minis Pmp — 200 in 719ms {"url":"https://order.oreillyswholesale.com/products/DetailsPortal.asp?product_code=047200&Page=Products&BreadPath=/products/gridlist.asp?DeptCode=5*chkpm=MALL*page=33","productCode":"047200"}
[oreilly:crawl:http] [1285/1290] 047195 Treat Bag £1.69 Maltesers Pmp — 200 in 1845ms {"url":"https://order.oreillyswholesale.com/products/DetailsPortal.asp?product_code=047195&Page=Products&BreadPath=/products/gridlist.asp?DeptCode=5*chkpm=MALL*page=33","productCode":"047195"}
[oreilly:crawl:http] [1286/1290] 028543 Treat Bag Galaxy Minstrels — 200 in 417ms {"url":"https://order.oreillyswholesale.com/products/DetailsPortal.asp?product_code=028543&Page=Products&BreadPath=/products/gridlist.asp?DeptCode=5*chkpm=MALL*page=33","productCode":"028543"}
[oreilly:crawl:http] [1287/1290] 038333 Treat Bag M&ms Chocolate — 200 in 711ms {"url":"https://order.oreillyswholesale.com/products/DetailsPortal.asp?product_code=038333&Page=Products&BreadPath=/products/gridlist.asp?DeptCode=5*chkpm=MALL*page=33","productCode":"038333"}
[oreilly:crawl:http] [1288/1290] 038335 Treat Bag M&ms Peanut — 200 in 1838ms {"url":"https://order.oreillyswholesale.com/products/DetailsPortal.asp?product_code=038335&Page=Products&BreadPath=/products/gridlist.asp?DeptCode=5*chkpm=MALL*page=33","productCode":"038335"}
[oreilly:crawl:http] [1289/1290] 025611 Treat Bag Maltesers — 200 in 571ms {"url":"https://order.oreillyswholesale.com/products/DetailsPortal.asp?product_code=025611&Page=Products&BreadPath=/products/gridlist.asp?DeptCode=5*chkpm=MALL*page=33","productCode":"025611"}
[oreilly:crawl:http] [1290/1290] 038332 Treat Bag Revels — 200 in 776ms {"url":"https://order.oreillyswholesale.com/products/DetailsPortal.asp?product_code=038332&Page=Products&BreadPath=/products/gridlist.asp?DeptCode=5*chkpm=MALL*page=33","productCode":"038332"}
[oreilly:products:sync] progress 1290/1290 (100%) — ok 1290, failed 0, lanes 3, elapsed 13m 37s, ETA 0s
[oreilly:products:sync] === STAGE 2 complete === {"attempted":1290,"succeeded":1290,"failed":0,"elapsed":"13m 37s"}
[oreilly:products:sync] Catalogue sync complete {"status":"success","departmentsTotal":9,"departmentsProcessed":0,"departmentsFailed":0,"pagesFetched":0,"productsSeen":0,"productsInserted":0,"productsUpdated":0,"productsUnchanged":0,"detailsAttempted":1290,"detailsSucceeded":1290,"detailsFailed":0,"throttleEvents":0,"reauthEvents":0,"duration":"13m 40s"}

──────────────── O'Reilly catalogue sync ────────────────
status              success
sync run            7
departments         0/9 (0 failed)
listing pages       0
products seen       0
  inserted          0
  updated           0
  unchanged         0
detail pages        1290/1290 (0 failed)
throttle events     0
re-authentications  0
duration            820s
